-- Generated by Craft v2.2.2586 on Sep 24, 2014 6:10:20 PM.

--
-- Disable foreign key checks and autocommit.
--

SET FOREIGN_KEY_CHECKS = 0;
SET SQL_MODE = "NO_AUTO_VALUE_ON_ZERO";
SET AUTOCOMMIT = 0;
SET NAMES utf8;


--
-- Schema for table `assetfiles`
--

DROP TABLE IF EXISTS `assetfiles`;

CREATE TABLE `assetfiles` (
  `id` int(11) NOT NULL,
  `sourceId` int(11) DEFAULT NULL,
  `folderId` int(11) NOT NULL,
  `filename` varchar(255) COLLATE utf8_unicode_ci NOT NULL,
  `kind` varchar(50) COLLATE utf8_unicode_ci NOT NULL DEFAULT 'unknown',
  `width` smallint(6) unsigned DEFAULT NULL,
  `height` smallint(6) unsigned DEFAULT NULL,
  `size` int(11) unsigned DEFAULT NULL,
  `dateModified` datetime DEFAULT NULL,
  `dateCreated` datetime NOT NULL,
  `dateUpdated` datetime NOT NULL,
  `uid` char(36) COLLATE utf8_unicode_ci NOT NULL DEFAULT '0',
  PRIMARY KEY (`id`),
  UNIQUE KEY `assetfiles_filename_folderId_unq_idx` (`filename`,`folderId`),
  KEY `assetfiles_sourceId_fk` (`sourceId`),
  KEY `assetfiles_folderId_fk` (`folderId`)
) ENGINE=InnoDB DEFAULT CHARSET=utf8 COLLATE=utf8_unicode_ci;

--
-- Data for table `assetfiles`
--

INSERT INTO `assetfiles` (`id`, `sourceId`, `folderId`, `filename`, `kind`, `width`, `height`, `size`, `dateModified`, `dateCreated`, `dateUpdated`, `uid`) VALUES ('11', '7', '7', 'g_bracket_handle.png', 'image', '25', '2', '79', '2014-08-25 18:35:25', '2014-08-25 18:35:27', '2014-08-25 18:35:27', 'fa13905a-d65b-4e83-85c6-5ec7cb5f2e56');



--
-- Schema for table `assetfolders`
--

DROP TABLE IF EXISTS `assetfolders`;

CREATE TABLE `assetfolders` (
  `id` int(11) NOT NULL AUTO_INCREMENT,
  `parentId` int(11) DEFAULT NULL,
  `sourceId` int(11) DEFAULT NULL,
  `name` varchar(255) COLLATE utf8_unicode_ci NOT NULL,
  `path` varchar(255) COLLATE utf8_unicode_ci DEFAULT NULL,
  `dateCreated` datetime NOT NULL,
  `dateUpdated` datetime NOT NULL,
  `uid` char(36) COLLATE utf8_unicode_ci NOT NULL DEFAULT '0',
  PRIMARY KEY (`id`),
  UNIQUE KEY `assetfolders_name_parentId_sourceId_unq_idx` (`name`,`parentId`,`sourceId`),
  KEY `assetfolders_parentId_fk` (`parentId`),
  KEY `assetfolders_sourceId_fk` (`sourceId`)
) ENGINE=InnoDB AUTO_INCREMENT=14 DEFAULT CHARSET=utf8 COLLATE=utf8_unicode_ci;

--
-- Data for table `assetfolders`
--

INSERT INTO `assetfolders` (`id`, `parentId`, `sourceId`, `name`, `path`, `dateCreated`, `dateUpdated`, `uid`) VALUES ('1', NULL, '1', 'Post Images', '', '2014-08-18 22:03:55', '2014-08-18 22:03:55', '8df25def-362b-4d36-9eeb-bd99b47a8445');
INSERT INTO `assetfolders` (`id`, `parentId`, `sourceId`, `name`, `path`, `dateCreated`, `dateUpdated`, `uid`) VALUES ('2', NULL, '2', 'Review Images', '', '2014-08-18 22:04:42', '2014-08-18 22:04:42', 'a2415a94-d4d4-4fca-9e7d-9dc16ae65ad3');
INSERT INTO `assetfolders` (`id`, `parentId`, `sourceId`, `name`, `path`, `dateCreated`, `dateUpdated`, `uid`) VALUES ('3', NULL, '3', 'Tutorial Images', '', '2014-08-18 22:05:22', '2014-08-18 22:05:22', '06ae9aed-68fe-4a98-b868-0154c38c3d93');
INSERT INTO `assetfolders` (`id`, `parentId`, `sourceId`, `name`, `path`, `dateCreated`, `dateUpdated`, `uid`) VALUES ('4', NULL, '4', 'Project Images', '', '2014-08-18 22:06:49', '2014-08-18 22:06:49', '86a80b54-a5c4-4a5a-844f-8881a653e232');
INSERT INTO `assetfolders` (`id`, `parentId`, `sourceId`, `name`, `path`, `dateCreated`, `dateUpdated`, `uid`) VALUES ('5', NULL, '5', 'Case Study Images', '', '2014-08-18 22:07:35', '2014-08-18 22:07:35', '0662a28f-46bd-4bdc-96da-87bddfbd3313');
INSERT INTO `assetfolders` (`id`, `parentId`, `sourceId`, `name`, `path`, `dateCreated`, `dateUpdated`, `uid`) VALUES ('6', NULL, '6', 'Team Images', '', '2014-08-18 22:08:23', '2014-08-18 22:08:23', '4f837492-eb08-47de-b425-2aa119829f4e');
INSERT INTO `assetfolders` (`id`, `parentId`, `sourceId`, `name`, `path`, `dateCreated`, `dateUpdated`, `uid`) VALUES ('7', NULL, '7', 'Team Icons', '', '2014-08-18 22:08:57', '2014-08-18 22:08:57', '4e64612c-930d-408f-b95d-8988f97886ab');
INSERT INTO `assetfolders` (`id`, `parentId`, `sourceId`, `name`, `path`, `dateCreated`, `dateUpdated`, `uid`) VALUES ('8', NULL, '8', 'About Images', '', '2014-09-05 16:44:46', '2014-09-05 16:44:46', '87fcc909-b83f-4521-b6b9-5da236aa8e01');
INSERT INTO `assetfolders` (`id`, `parentId`, `sourceId`, `name`, `path`, `dateCreated`, `dateUpdated`, `uid`) VALUES ('9', '8', '8', 'intro', 'intro/', '2014-09-05 20:11:50', '2014-09-05 20:11:50', '3edaeefa-edbd-46c2-a66c-c7f3112e34b3');
INSERT INTO `assetfolders` (`id`, `parentId`, `sourceId`, `name`, `path`, `dateCreated`, `dateUpdated`, `uid`) VALUES ('10', '8', '8', 'discover', 'discover/', '2014-09-05 20:11:51', '2014-09-05 20:11:51', 'b5c493dd-61a8-4e8b-9560-f69bc12e507b');
INSERT INTO `assetfolders` (`id`, `parentId`, `sourceId`, `name`, `path`, `dateCreated`, `dateUpdated`, `uid`) VALUES ('11', '8', '8', 'design', 'design/', '2014-09-05 20:11:51', '2014-09-05 20:11:51', '21afde97-d215-43f5-9477-bb7bf2daaf57');
INSERT INTO `assetfolders` (`id`, `parentId`, `sourceId`, `name`, `path`, `dateCreated`, `dateUpdated`, `uid`) VALUES ('13', '8', '8', 'measure', 'measure/', '2014-09-16 22:09:16', '2014-09-16 22:09:16', 'd58e4705-02f1-4d95-8d46-41b3689bd089');



--
-- Schema for table `assetindexdata`
--

DROP TABLE IF EXISTS `assetindexdata`;

CREATE TABLE `assetindexdata` (
  `id` int(11) NOT NULL AUTO_INCREMENT,
  `sessionId` varchar(36) COLLATE utf8_unicode_ci NOT NULL DEFAULT '',
  `sourceId` int(11) NOT NULL,
  `offset` int(11) NOT NULL,
  `uri` varchar(255) COLLATE utf8_unicode_ci DEFAULT NULL,
  `size` int(11) DEFAULT NULL,
  `recordId` int(11) DEFAULT NULL,
  `dateCreated` datetime NOT NULL,
  `dateUpdated` datetime NOT NULL,
  `uid` char(36) COLLATE utf8_unicode_ci NOT NULL DEFAULT '0',
  PRIMARY KEY (`id`),
  UNIQUE KEY `assetindexdata_sessionId_sourceId_offset_unq_idx` (`sessionId`,`sourceId`,`offset`),
  KEY `assetindexdata_sourceId_fk` (`sourceId`)
) ENGINE=InnoDB DEFAULT CHARSET=utf8 COLLATE=utf8_unicode_ci;

--
-- Schema for table `assetsources`
--

DROP TABLE IF EXISTS `assetsources`;

CREATE TABLE `assetsources` (
  `id` int(11) NOT NULL AUTO_INCREMENT,
  `name` varchar(255) COLLATE utf8_unicode_ci NOT NULL,
  `type` varchar(150) COLLATE utf8_unicode_ci NOT NULL,
  `settings` text COLLATE utf8_unicode_ci,
  `sortOrder` tinyint(4) DEFAULT NULL,
  `fieldLayoutId` int(11) DEFAULT NULL,
  `dateCreated` datetime NOT NULL,
  `dateUpdated` datetime NOT NULL,
  `uid` char(36) COLLATE utf8_unicode_ci NOT NULL DEFAULT '0',
  PRIMARY KEY (`id`),
  UNIQUE KEY `assetsources_name_unq_idx` (`name`),
  KEY `assetsources_fieldLayoutId_fk` (`fieldLayoutId`)
) ENGINE=InnoDB AUTO_INCREMENT=9 DEFAULT CHARSET=utf8 COLLATE=utf8_unicode_ci;

--
-- Data for table `assetsources`
--

INSERT INTO `assetsources` (`id`, `name`, `type`, `settings`, `sortOrder`, `fieldLayoutId`, `dateCreated`, `dateUpdated`, `uid`) VALUES ('1', 'Post Images', 'Local', '{\"path\":\"images\\/articles\\/posts\\/\",\"url\":\"http:\\/\\/craft.dev\\/images\\/articles\\/posts\\/\"}', '1', '31', '2014-08-18 22:03:55', '2014-08-18 22:11:55', 'ffaf3412-a515-4d54-8b8e-e996603cd913');
INSERT INTO `assetsources` (`id`, `name`, `type`, `settings`, `sortOrder`, `fieldLayoutId`, `dateCreated`, `dateUpdated`, `uid`) VALUES ('2', 'Review Images', 'Local', '{\"path\":\"images\\/articles\\/reviews\\/\",\"url\":\"http:\\/\\/craft.dev\\/images\\/articles\\/reviews\\/\"}', '2', '32', '2014-08-18 22:04:42', '2014-08-18 22:19:11', 'e972a5f3-645e-4dd0-a32b-a2a2164c3a44');
INSERT INTO `assetsources` (`id`, `name`, `type`, `settings`, `sortOrder`, `fieldLayoutId`, `dateCreated`, `dateUpdated`, `uid`) VALUES ('3', 'Tutorial Images', 'Local', '{\"path\":\"images\\/articles\\/tutorials\\/\",\"url\":\"http:\\/\\/craft.dev\\/images\\/articles\\/tutorials\\/\"}', '3', '33', '2014-08-18 22:05:22', '2014-08-18 22:19:24', 'a7aaf0f9-aeb7-4fd9-a077-d2b7bec6dd92');
INSERT INTO `assetsources` (`id`, `name`, `type`, `settings`, `sortOrder`, `fieldLayoutId`, `dateCreated`, `dateUpdated`, `uid`) VALUES ('4', 'Project Images', 'Local', '{\"path\":\"images\\/portfolio\\/projects\\/\",\"url\":\"http:\\/\\/craft.dev\\/images\\/portfolio\\/projects\\/\"}', '4', '34', '2014-08-18 22:06:49', '2014-08-18 22:19:57', '8f78095d-0da0-450d-a618-79ab4551ee2c');
INSERT INTO `assetsources` (`id`, `name`, `type`, `settings`, `sortOrder`, `fieldLayoutId`, `dateCreated`, `dateUpdated`, `uid`) VALUES ('5', 'Case Study Images', 'Local', '{\"path\":\"images\\/portfolio\\/casestudies\\/\",\"url\":\"http:\\/\\/craft.dev\\/images\\/portfolio\\/casestudies\\/\"}', '5', '35', '2014-08-18 22:07:35', '2014-08-18 22:20:09', '332965f2-c833-4df7-8430-e95bfd81e491');
INSERT INTO `assetsources` (`id`, `name`, `type`, `settings`, `sortOrder`, `fieldLayoutId`, `dateCreated`, `dateUpdated`, `uid`) VALUES ('6', 'Team Images', 'Local', '{\"path\":\"images\\/team\\/photos\\/\",\"url\":\"http:\\/\\/craft.dev\\/images\\/team\\/photos\\/\"}', '6', '29', '2014-08-18 22:08:23', '2014-08-18 22:08:23', '0b2de2b9-5716-4816-8625-22a54400b3fa');
INSERT INTO `assetsources` (`id`, `name`, `type`, `settings`, `sortOrder`, `fieldLayoutId`, `dateCreated`, `dateUpdated`, `uid`) VALUES ('7', 'Team Icons', 'Local', '{\"path\":\"images\\/team\\/icons\\/\",\"url\":\"http:\\/\\/craft.dev\\/images\\/team\\/icons\\/\"}', '7', '30', '2014-08-18 22:08:57', '2014-08-18 22:08:57', '571ae4f7-b97d-4963-9322-ea6aab7f9a7f');
INSERT INTO `assetsources` (`id`, `name`, `type`, `settings`, `sortOrder`, `fieldLayoutId`, `dateCreated`, `dateUpdated`, `uid`) VALUES ('8', 'About Images', 'Local', '{\"path\":\"images\\/about\\/\",\"url\":\"http:\\/\\/craft.dev\\/images\\/about\\/\"}', '8', '87', '2014-09-05 16:44:46', '2014-09-10 17:49:55', 'db543f52-1b5f-4e02-b5c2-19815a7e1861');



--
-- Schema for table `assettransformindex`
--

DROP TABLE IF EXISTS `assettransformindex`;

CREATE TABLE `assettransformindex` (
  `id` int(11) NOT NULL AUTO_INCREMENT,
  `fileId` int(11) NOT NULL,
  `filename` varchar(255) COLLATE utf8_unicode_ci DEFAULT NULL,
  `format` varchar(255) COLLATE utf8_unicode_ci DEFAULT NULL,
  `location` varchar(255) COLLATE utf8_unicode_ci NOT NULL,
  `sourceId` int(11) DEFAULT NULL,
  `fileExists` tinyint(1) DEFAULT NULL,
  `inProgress` tinyint(1) DEFAULT NULL,
  `dateIndexed` datetime DEFAULT NULL,
  `dateCreated` datetime NOT NULL,
  `dateUpdated` datetime NOT NULL,
  `uid` char(36) COLLATE utf8_unicode_ci NOT NULL DEFAULT '0',
  PRIMARY KEY (`id`),
  KEY `assettransformindex_sourceId_fileId_location_idx` (`sourceId`,`fileId`,`location`)
) ENGINE=InnoDB DEFAULT CHARSET=utf8 COLLATE=utf8_unicode_ci;

--
-- Schema for table `assettransforms`
--

DROP TABLE IF EXISTS `assettransforms`;

CREATE TABLE `assettransforms` (
  `id` int(11) NOT NULL AUTO_INCREMENT,
  `name` varchar(255) COLLATE utf8_unicode_ci NOT NULL,
  `handle` varchar(255) COLLATE utf8_unicode_ci NOT NULL,
  `mode` enum('stretch','fit','crop') COLLATE utf8_unicode_ci NOT NULL DEFAULT 'crop',
  `position` enum('top-left','top-center','top-right','center-left','center-center','center-right','bottom-left','bottom-center','bottom-right') COLLATE utf8_unicode_ci NOT NULL DEFAULT 'center-center',
  `height` int(11) DEFAULT NULL,
  `width` int(11) DEFAULT NULL,
  `format` varchar(255) COLLATE utf8_unicode_ci DEFAULT NULL,
  `quality` int(11) DEFAULT NULL,
  `dimensionChangeTime` datetime DEFAULT NULL,
  `dateCreated` datetime NOT NULL,
  `dateUpdated` datetime NOT NULL,
  `uid` char(36) COLLATE utf8_unicode_ci NOT NULL DEFAULT '0',
  PRIMARY KEY (`id`),
  UNIQUE KEY `assettransforms_name_unq_idx` (`name`),
  UNIQUE KEY `assettransforms_handle_unq_idx` (`handle`)
) ENGINE=InnoDB DEFAULT CHARSET=utf8 COLLATE=utf8_unicode_ci;

--
-- Schema for table `categories`
--

DROP TABLE IF EXISTS `categories`;

CREATE TABLE `categories` (
  `id` int(11) NOT NULL,
  `groupId` int(11) NOT NULL,
  `dateCreated` datetime NOT NULL,
  `dateUpdated` datetime NOT NULL,
  `uid` char(36) COLLATE utf8_unicode_ci NOT NULL DEFAULT '0',
  PRIMARY KEY (`id`),
  KEY `categories_groupId_fk` (`groupId`)
) ENGINE=InnoDB DEFAULT CHARSET=utf8 COLLATE=utf8_unicode_ci;

--
-- Data for table `categories`
--

INSERT INTO `categories` (`id`, `groupId`, `dateCreated`, `dateUpdated`, `uid`) VALUES ('6', '1', '2014-08-18 22:41:13', '2014-08-18 22:41:13', 'e90f84d1-b1a4-42ba-8176-ec07ca691dbc');
INSERT INTO `categories` (`id`, `groupId`, `dateCreated`, `dateUpdated`, `uid`) VALUES ('7', '1', '2014-08-18 22:41:22', '2014-08-18 22:41:22', '9f145e2d-c984-4a7f-ab94-f84ad94d3ede');
INSERT INTO `categories` (`id`, `groupId`, `dateCreated`, `dateUpdated`, `uid`) VALUES ('8', '1', '2014-08-18 22:41:30', '2014-08-18 22:41:30', 'c8e3ec1b-a9cf-4b9e-83e4-458be9304bac');
INSERT INTO `categories` (`id`, `groupId`, `dateCreated`, `dateUpdated`, `uid`) VALUES ('9', '1', '2014-08-18 22:41:38', '2014-08-18 22:41:38', '821e514b-9546-4ca1-94a5-e3426af760e4');
INSERT INTO `categories` (`id`, `groupId`, `dateCreated`, `dateUpdated`, `uid`) VALUES ('10', '1', '2014-08-18 22:41:48', '2014-08-18 22:41:48', '888f604f-8b9e-4cfa-9710-72db91d4bcba');



--
-- Schema for table `categorygroups`
--

DROP TABLE IF EXISTS `categorygroups`;

CREATE TABLE `categorygroups` (
  `id` int(11) NOT NULL AUTO_INCREMENT,
  `structureId` int(11) NOT NULL,
  `fieldLayoutId` int(11) DEFAULT NULL,
  `name` varchar(255) COLLATE utf8_unicode_ci NOT NULL,
  `handle` varchar(255) COLLATE utf8_unicode_ci NOT NULL,
  `hasUrls` tinyint(1) unsigned NOT NULL DEFAULT '1',
  `template` varchar(500) COLLATE utf8_unicode_ci DEFAULT NULL,
  `dateCreated` datetime NOT NULL,
  `dateUpdated` datetime NOT NULL,
  `uid` char(36) COLLATE utf8_unicode_ci NOT NULL DEFAULT '0',
  PRIMARY KEY (`id`),
  UNIQUE KEY `categorygroups_name_unq_idx` (`name`),
  UNIQUE KEY `categorygroups_handle_unq_idx` (`handle`),
  KEY `categorygroups_structureId_fk` (`structureId`),
  KEY `categorygroups_fieldLayoutId_fk` (`fieldLayoutId`)
) ENGINE=InnoDB AUTO_INCREMENT=2 DEFAULT CHARSET=utf8 COLLATE=utf8_unicode_ci;

--
-- Data for table `categorygroups`
--

INSERT INTO `categorygroups` (`id`, `structureId`, `fieldLayoutId`, `name`, `handle`, `hasUrls`, `template`, `dateCreated`, `dateUpdated`, `uid`) VALUES ('1', '1', '36', 'Articles', 'articles', '1', '', '2014-08-18 22:40:00', '2014-08-18 22:40:00', '24359ab1-93f8-4ada-b661-7ffa34b0ec99');



--
-- Schema for table `categorygroups_i18n`
--

DROP TABLE IF EXISTS `categorygroups_i18n`;

CREATE TABLE `categorygroups_i18n` (
  `id` int(11) NOT NULL AUTO_INCREMENT,
  `groupId` int(11) NOT NULL,
  `locale` char(12) COLLATE utf8_unicode_ci NOT NULL,
  `urlFormat` varchar(255) COLLATE utf8_unicode_ci DEFAULT NULL,
  `nestedUrlFormat` varchar(255) COLLATE utf8_unicode_ci DEFAULT NULL,
  `dateCreated` datetime NOT NULL,
  `dateUpdated` datetime NOT NULL,
  `uid` char(36) COLLATE utf8_unicode_ci NOT NULL DEFAULT '0',
  PRIMARY KEY (`id`),
  UNIQUE KEY `categorygroups_i18n_groupId_locale_unq_idx` (`groupId`,`locale`),
  KEY `categorygroups_i18n_locale_fk` (`locale`)
) ENGINE=InnoDB AUTO_INCREMENT=2 DEFAULT CHARSET=utf8 COLLATE=utf8_unicode_ci;

--
-- Data for table `categorygroups_i18n`
--

INSERT INTO `categorygroups_i18n` (`id`, `groupId`, `locale`, `urlFormat`, `nestedUrlFormat`, `dateCreated`, `dateUpdated`, `uid`) VALUES ('1', '1', 'en_us', 'articles/{slug}', '{parent.uri}/{slug}', '2014-08-18 22:40:00', '2014-08-18 22:40:00', 'c7613614-3bd5-4451-8619-ee5278672cde');



--
-- Schema for table `content`
--

DROP TABLE IF EXISTS `content`;

CREATE TABLE `content` (
  `id` int(11) NOT NULL AUTO_INCREMENT,
  `elementId` int(11) NOT NULL,
  `locale` char(12) COLLATE utf8_unicode_ci NOT NULL,
  `title` varchar(255) COLLATE utf8_unicode_ci DEFAULT NULL,
  `field_heading` text COLLATE utf8_unicode_ci,
  `field_body` text COLLATE utf8_unicode_ci,
  `field_position` varchar(50) COLLATE utf8_unicode_ci DEFAULT NULL,
  `field_shortBio` varchar(250) COLLATE utf8_unicode_ci DEFAULT NULL,
  `field_fullBio` text COLLATE utf8_unicode_ci,
  `field_synopsis` varchar(250) COLLATE utf8_unicode_ci DEFAULT NULL,
  `field_references` text COLLATE utf8_unicode_ci,
  `field_client` varchar(255) COLLATE utf8_unicode_ci DEFAULT NULL,
  `field_conclusion` text COLLATE utf8_unicode_ci,
  `field_video` text COLLATE utf8_unicode_ci,
  `field_gallery` text COLLATE utf8_unicode_ci,
  `field_introSubheading` text COLLATE utf8_unicode_ci,
  `field_intro` text COLLATE utf8_unicode_ci,
  `field_capabilitiesHeading` text COLLATE utf8_unicode_ci,
  `field_capabilitiesSubheading` text COLLATE utf8_unicode_ci,
  `field_capabilitiesIntro` text COLLATE utf8_unicode_ci,
  `field_capabilitiesList` text COLLATE utf8_unicode_ci,
  `field_processHeading` text COLLATE utf8_unicode_ci,
  `field_processSubheading` text COLLATE utf8_unicode_ci,
  `field_processIntro` text COLLATE utf8_unicode_ci,
  `field_processFigure` text COLLATE utf8_unicode_ci,
  `field_discoverHeading` text COLLATE utf8_unicode_ci,
  `field_discoverSubheading` text COLLATE utf8_unicode_ci,
  `field_discoverIntro` text COLLATE utf8_unicode_ci,
  `field_discoverList` text COLLATE utf8_unicode_ci,
  `field_designHeading` text COLLATE utf8_unicode_ci,
  `field_designSubheading` text COLLATE utf8_unicode_ci,
  `field_designIntro` text COLLATE utf8_unicode_ci,
  `field_designList` text COLLATE utf8_unicode_ci,
  `field_measureHeading` text COLLATE utf8_unicode_ci,
  `field_measureSubheading` text COLLATE utf8_unicode_ci,
  `field_measureIntro` text COLLATE utf8_unicode_ci,
  `field_measureList` text COLLATE utf8_unicode_ci,
  `field_clientsHeading` text COLLATE utf8_unicode_ci,
  `field_clientsSubheading` text COLLATE utf8_unicode_ci,
  `field_clientsIntro` text COLLATE utf8_unicode_ci,
  `field_clientsList` text COLLATE utf8_unicode_ci,
  `field_teamHeading` text COLLATE utf8_unicode_ci,
  `field_teamSubheading` text COLLATE utf8_unicode_ci,
  `field_teamIntro` text COLLATE utf8_unicode_ci,
  `field_addressLine1` text COLLATE utf8_unicode_ci,
  `field_phone` text COLLATE utf8_unicode_ci,
  `field_addressLine2` text COLLATE utf8_unicode_ci,
  `field_articleBlockSize` varchar(255) COLLATE utf8_unicode_ci DEFAULT NULL,
  `field_articleBackgroundColor` char(7) COLLATE utf8_unicode_ci DEFAULT NULL,
  `field_isFeatured` tinyint(1) unsigned NOT NULL DEFAULT '0',
  `dateCreated` datetime NOT NULL,
  `dateUpdated` datetime NOT NULL,
  `uid` char(36) COLLATE utf8_unicode_ci NOT NULL DEFAULT '0',
  PRIMARY KEY (`id`),
  UNIQUE KEY `content_elementId_locale_unq_idx` (`elementId`,`locale`),
  KEY `content_title_idx` (`title`),
  KEY `content_locale_fk` (`locale`)
) ENGINE=InnoDB AUTO_INCREMENT=27 DEFAULT CHARSET=utf8 COLLATE=utf8_unicode_ci;

--
-- Data for table `content`
--

INSERT INTO `content` (`id`, `elementId`, `locale`, `title`, `field_heading`, `field_body`, `field_position`, `field_shortBio`, `field_fullBio`, `field_synopsis`, `field_references`, `field_client`, `field_conclusion`, `field_video`, `field_gallery`, `field_introSubheading`, `field_intro`, `field_capabilitiesHeading`, `field_capabilitiesSubheading`, `field_capabilitiesIntro`, `field_capabilitiesList`, `field_processHeading`, `field_processSubheading`, `field_processIntro`, `field_processFigure`, `field_discoverHeading`, `field_discoverSubheading`, `field_discoverIntro`, `field_discoverList`, `field_designHeading`, `field_designSubheading`, `field_designIntro`, `field_designList`, `field_measureHeading`, `field_measureSubheading`, `field_measureIntro`, `field_measureList`, `field_clientsHeading`, `field_clientsSubheading`, `field_clientsIntro`, `field_clientsList`, `field_teamHeading`, `field_teamSubheading`, `field_teamIntro`, `field_addressLine1`, `field_phone`, `field_addressLine2`, `field_articleBlockSize`, `field_articleBackgroundColor`, `field_isFeatured`, `dateCreated`, `dateUpdated`, `uid`) VALUES ('1', '1', 'en_us', NULL, NULL, NULL, 'Senior Experience Developer', 'When he\'s not busy adding depth and detail to our experiences, Randy can usually be found with a fly rod in hand. Rest assured, though - no icons were harmed in the making of this site.', 'When he\'s not busy adding depth and detail to our experiences, Randy can usually be found with a fly rod in hand. Rest assured, though - no icons were harmed in the making of this site.  When he\'s not busy adding depth and detail to our experiences, Randy can usually be found with a fly rod in hand. Rest assured, though - no icons were harmed in the making of this site.  When he\'s not busy adding depth and detail to our experiences, Randy can usually be found with a fly rod in hand. Rest assured, though - no icons were harmed in the making of this site.', NULL, NULL, NULL, NULL, NULL, NULL, NULL, NULL, NULL, NULL, NULL, NULL, NULL, NULL, NULL, NULL, NULL, NULL, NULL, NULL, NULL, NULL, NULL, NULL, NULL, NULL, NULL, NULL, NULL, NULL, NULL, NULL, NULL, NULL, NULL, NULL, NULL, NULL, NULL, NULL, '0', '2014-07-22 18:49:16', '2014-09-17 22:40:28', '3775ffde-f780-4d1b-a821-a2aca200484f');
INSERT INTO `content` (`id`, `elementId`, `locale`, `title`, `field_heading`, `field_body`, `field_position`, `field_shortBio`, `field_fullBio`, `field_synopsis`, `field_references`, `field_client`, `field_conclusion`, `field_video`, `field_gallery`, `field_introSubheading`, `field_intro`, `field_capabilitiesHeading`, `field_capabilitiesSubheading`, `field_capabilitiesIntro`, `field_capabilitiesList`, `field_processHeading`, `field_processSubheading`, `field_processIntro`, `field_processFigure`, `field_discoverHeading`, `field_discoverSubheading`, `field_discoverIntro`, `field_discoverList`, `field_designHeading`, `field_designSubheading`, `field_designIntro`, `field_designList`, `field_measureHeading`, `field_measureSubheading`, `field_measureIntro`, `field_measureList`, `field_clientsHeading`, `field_clientsSubheading`, `field_clientsIntro`, `field_clientsList`, `field_teamHeading`, `field_teamSubheading`, `field_teamIntro`, `field_addressLine1`, `field_phone`, `field_addressLine2`, `field_articleBlockSize`, `field_articleBackgroundColor`, `field_isFeatured`, `dateCreated`, `dateUpdated`, `uid`) VALUES ('2', '2', 'en_us', 'Home', 'We Champion the User, One Pixel at a Time.', '<p>Something something</p>', NULL, NULL, NULL, NULL, NULL, NULL, NULL, NULL, NULL, NULL, NULL, NULL, NULL, NULL, NULL, NULL, NULL, NULL, NULL, NULL, NULL, NULL, NULL, NULL, NULL, NULL, NULL, NULL, NULL, NULL, NULL, NULL, NULL, NULL, NULL, NULL, NULL, NULL, NULL, NULL, NULL, NULL, NULL, '0', '2014-07-22 18:49:19', '2014-09-05 20:45:51', '813645b4-bdaf-4d9d-99d8-e19567d5946c');
INSERT INTO `content` (`id`, `elementId`, `locale`, `title`, `field_heading`, `field_body`, `field_position`, `field_shortBio`, `field_fullBio`, `field_synopsis`, `field_references`, `field_client`, `field_conclusion`, `field_video`, `field_gallery`, `field_introSubheading`, `field_intro`, `field_capabilitiesHeading`, `field_capabilitiesSubheading`, `field_capabilitiesIntro`, `field_capabilitiesList`, `field_processHeading`, `field_processSubheading`, `field_processIntro`, `field_processFigure`, `field_discoverHeading`, `field_discoverSubheading`, `field_discoverIntro`, `field_discoverList`, `field_designHeading`, `field_designSubheading`, `field_designIntro`, `field_designList`, `field_measureHeading`, `field_measureSubheading`, `field_measureIntro`, `field_measureList`, `field_clientsHeading`, `field_clientsSubheading`, `field_clientsIntro`, `field_clientsList`, `field_teamHeading`, `field_teamSubheading`, `field_teamIntro`, `field_addressLine1`, `field_phone`, `field_addressLine2`, `field_articleBlockSize`, `field_articleBackgroundColor`, `field_isFeatured`, `dateCreated`, `dateUpdated`, `uid`) VALUES ('5', '4', 'en_us', 'Contact', 'Say Hello', NULL, NULL, NULL, NULL, NULL, NULL, NULL, NULL, NULL, NULL, NULL, NULL, NULL, NULL, NULL, NULL, NULL, NULL, NULL, NULL, NULL, NULL, NULL, NULL, NULL, NULL, NULL, NULL, NULL, NULL, NULL, NULL, NULL, NULL, NULL, NULL, NULL, NULL, NULL, '3250 NE 1st Ave, Suite 305', '786.268.9504', 'Miami, FL 33137', NULL, NULL, '0', '2014-07-24 15:00:04', '2014-09-05 20:32:43', '63707938-9263-4678-8c54-095a11b942a9');
INSERT INTO `content` (`id`, `elementId`, `locale`, `title`, `field_heading`, `field_body`, `field_position`, `field_shortBio`, `field_fullBio`, `field_synopsis`, `field_references`, `field_client`, `field_conclusion`, `field_video`, `field_gallery`, `field_introSubheading`, `field_intro`, `field_capabilitiesHeading`, `field_capabilitiesSubheading`, `field_capabilitiesIntro`, `field_capabilitiesList`, `field_processHeading`, `field_processSubheading`, `field_processIntro`, `field_processFigure`, `field_discoverHeading`, `field_discoverSubheading`, `field_discoverIntro`, `field_discoverList`, `field_designHeading`, `field_designSubheading`, `field_designIntro`, `field_designList`, `field_measureHeading`, `field_measureSubheading`, `field_measureIntro`, `field_measureList`, `field_clientsHeading`, `field_clientsSubheading`, `field_clientsIntro`, `field_clientsList`, `field_teamHeading`, `field_teamSubheading`, `field_teamIntro`, `field_addressLine1`, `field_phone`, `field_addressLine2`, `field_articleBlockSize`, `field_articleBackgroundColor`, `field_isFeatured`, `dateCreated`, `dateUpdated`, `uid`) VALUES ('6', '5', 'en_us', 'About Us', 'We make sh*t happen.', NULL, NULL, NULL, NULL, NULL, NULL, NULL, NULL, NULL, NULL, '', '<p>My money\'s in that office, right? If she start giving me some bullshit about it ain\'t there, and we got to go someplace else and get it, I\'m gonna shoot you in the head then and there. Then I\'m gonna shoot that bitch in the kneecaps, find out where my goddamn money is.</p>', 'Our Capabilities', '', '<p>Normally, both your asses would be dead as fucking fried chicken, but you happened to pull this shit while I\'m in a transitional period so I don\'t wanna kill you, I wanna help you. But I can\'t give you this case, it don\'t belong to me. Besides, I\'ve already been through too much shit this morning over this case to hand it over to your dumb ass.</p>', '<ul>\r\n	\r\n<li class=\"strategy xd\">Strategy</li>	\r\n<li class=\"videography xd\">Video Production</li>	\r\n<li class=\"photography xd\">Photography</li>	\r\n<li class=\"mobile xd\">Mobile Development</li>	\r\n<li class=\"ui xd\">UI Design</li>	\r\n<li class=\"web xd\">Web Development</li>	\r\n<li class=\"web xd\">Data Visualization</li>	\r\n<li class=\"ux xd\">UX Design</li>	\r\n<li class=\"research xd\">Research</li>	\r\n<li class=\"ia xd\">Info Architecture</li>	\r\n<li class=\"enterprise xd\">Enterprise</li>	\r\n<li class=\"retail id\">Retail Design</li>	\r\n<li class=\"rapid xd\">Rapid Prototyping</li>	\r\n<li class=\"model id\">Model Making</li>	\r\n<li class=\"brainstorming xd-id\">Brainstorming</li>	\r\n<li class=\"application xd\">Application Development</li>	\r\n<li class=\"product id\">Product Engineering</li>	\r\n<li class=\"industrial id\">Industrial Design</li></ul>', 'Our Process', '', '<p>Now that we know who you are, I know who I am. I\'m not a mistake! It all makes sense! In a comic, you know how you can tell who the arch-villain\'s going to be? He\'s the exact opposite of the hero. And most times they\'re friends, like you and me! I should\'ve known way back when... You know why, David? Because of the kids. They called me Mr Glass.</p>', '<figure>\r\n<img src=\"http://lorempixel.com/g/320/240/animals\"><figcaption>FIGURE CAPTION</figcaption></figure>', 'Discover & Define', 'You can\'t solve a puzzle without the correct pieces.', '<p>Do you see any Teletubbies in here? Do you see a slender plastic tag clipped to my shirt with my name printed on it? Do you see a little Asian child with a blank expression on his face sitting outside on a mechanical helicopter that shakes when you put quarters in it? No? Well, that\'s what you see at a toy store. And you must think you\'re in a toy store, because you\'re here shopping for an infant named Jeb.</p>', '<ul>\r\n	<li>Strategy</li>\r\n	<li>Research</li>\r\n	<li>Communication &amp; Collaboration</li>\r\n	<li>UX Design</li>\r\n	<li>Info Architecture</li>\r\n	<li>Brainstorming</li>\r\n	<li>Rapid Prototyping</li>\r\n	<li>Model Making</li>\r\n</ul>', 'Design & Development', 'Your face needs design and development!', '<p>Your bones don\'t break, mine do. That\'s clear. Your cells react to bacteria and viruses differently than mine. You don\'t get sick, I do. That\'s also clear. But for some reason, you and I react the exact same way to water. We swallow it too fast, we choke. We get some in our lungs, we drown. However unreal it may seem, we are connected, you and I. We\'re on the same curve, just on opposite ends.</p>', '<ul>\r\n	<li>UI Design</li>	<li>Web Development</li>	<li>Data Visualization</li>	<li>Application Development</li>	<li>Rapid Prototyping</li>	<li>Retail Design</li>	<li>Industrial Design</li>	<li>Product Engineering</li></ul>', 'Measure & Improve', '', '<p>Well, the way they make shows is, they make one show. That show\'s called a pilot. Then they show that show to the people who make shows, and on the strength of that one show they decide if they\'re going to make more shows. Some pilots get picked and become television programs. Some don\'t, become nothing. She starred in one of the ones that became nothing.</p>', '<ul><li>Details Here</li></ul>', 'Our Clients', '', '<p>Now that there is the Tec-9, a crappy spray gun from South Miami. This gun is advertised as the most popular gun in American crime. Do you believe that shit? It actually says that in the little book that comes with it: the most popular gun in American crime. Like they\'re actually proud of that shit.</p>', '<ul><li>Boeing</li><li>UL</li><li>JWT</li><li>Acquity Group</li><li>AKQA</li><li>NOAA</li><li>Expedia</li><li>US DOS</li><li>Nordstrom</li><li>Celebrity Cruises</li></ul>', 'Our Team', '', '<p>The path of the righteous man is beset on all sides by the iniquities of the selfish and the tyranny of evil men. Blessed is he who, in the name of charity and good will, shepherds the weak through the valley of darkness, for he is truly his brother\'s keeper and the finder of lost children. And I will strike down upon thee with great vengeance and furious anger those who would attempt to poison and destroy My brothers. And you will know My name is the Lord when I lay My vengeance upon thee.</p>', NULL, NULL, NULL, NULL, NULL, '0', '2014-08-13 16:36:09', '2014-09-16 22:12:14', 'd8e5f8ca-d71c-4745-a257-2cf3f7db9f16');
INSERT INTO `content` (`id`, `elementId`, `locale`, `title`, `field_heading`, `field_body`, `field_position`, `field_shortBio`, `field_fullBio`, `field_synopsis`, `field_references`, `field_client`, `field_conclusion`, `field_video`, `field_gallery`, `field_introSubheading`, `field_intro`, `field_capabilitiesHeading`, `field_capabilitiesSubheading`, `field_capabilitiesIntro`, `field_capabilitiesList`, `field_processHeading`, `field_processSubheading`, `field_processIntro`, `field_processFigure`, `field_discoverHeading`, `field_discoverSubheading`, `field_discoverIntro`, `field_discoverList`, `field_designHeading`, `field_designSubheading`, `field_designIntro`, `field_designList`, `field_measureHeading`, `field_measureSubheading`, `field_measureIntro`, `field_measureList`, `field_clientsHeading`, `field_clientsSubheading`, `field_clientsIntro`, `field_clientsList`, `field_teamHeading`, `field_teamSubheading`, `field_teamIntro`, `field_addressLine1`, `field_phone`, `field_addressLine2`, `field_articleBlockSize`, `field_articleBackgroundColor`, `field_isFeatured`, `dateCreated`, `dateUpdated`, `uid`) VALUES ('7', '6', 'en_us', 'UX', NULL, NULL, NULL, NULL, NULL, NULL, NULL, NULL, NULL, NULL, NULL, NULL, NULL, NULL, NULL, NULL, NULL, NULL, NULL, NULL, NULL, NULL, NULL, NULL, NULL, NULL, NULL, NULL, NULL, NULL, NULL, NULL, NULL, NULL, NULL, NULL, NULL, NULL, NULL, NULL, NULL, NULL, NULL, NULL, NULL, '0', '2014-08-18 22:41:13', '2014-08-18 22:41:13', '68ef545e-b8ea-44c6-82e7-3de6ec660dd9');
INSERT INTO `content` (`id`, `elementId`, `locale`, `title`, `field_heading`, `field_body`, `field_position`, `field_shortBio`, `field_fullBio`, `field_synopsis`, `field_references`, `field_client`, `field_conclusion`, `field_video`, `field_gallery`, `field_introSubheading`, `field_intro`, `field_capabilitiesHeading`, `field_capabilitiesSubheading`, `field_capabilitiesIntro`, `field_capabilitiesList`, `field_processHeading`, `field_processSubheading`, `field_processIntro`, `field_processFigure`, `field_discoverHeading`, `field_discoverSubheading`, `field_discoverIntro`, `field_discoverList`, `field_designHeading`, `field_designSubheading`, `field_designIntro`, `field_designList`, `field_measureHeading`, `field_measureSubheading`, `field_measureIntro`, `field_measureList`, `field_clientsHeading`, `field_clientsSubheading`, `field_clientsIntro`, `field_clientsList`, `field_teamHeading`, `field_teamSubheading`, `field_teamIntro`, `field_addressLine1`, `field_phone`, `field_addressLine2`, `field_articleBlockSize`, `field_articleBackgroundColor`, `field_isFeatured`, `dateCreated`, `dateUpdated`, `uid`) VALUES ('8', '7', 'en_us', 'Design', NULL, NULL, NULL, NULL, NULL, NULL, NULL, NULL, NULL, NULL, NULL, NULL, NULL, NULL, NULL, NULL, NULL, NULL, NULL, NULL, NULL, NULL, NULL, NULL, NULL, NULL, NULL, NULL, NULL, NULL, NULL, NULL, NULL, NULL, NULL, NULL, NULL, NULL, NULL, NULL, NULL, NULL, NULL, NULL, NULL, '0', '2014-08-18 22:41:21', '2014-08-18 22:41:21', '380e4f24-cb31-47e9-a787-10b8ce8712f3');
INSERT INTO `content` (`id`, `elementId`, `locale`, `title`, `field_heading`, `field_body`, `field_position`, `field_shortBio`, `field_fullBio`, `field_synopsis`, `field_references`, `field_client`, `field_conclusion`, `field_video`, `field_gallery`, `field_introSubheading`, `field_intro`, `field_capabilitiesHeading`, `field_capabilitiesSubheading`, `field_capabilitiesIntro`, `field_capabilitiesList`, `field_processHeading`, `field_processSubheading`, `field_processIntro`, `field_processFigure`, `field_discoverHeading`, `field_discoverSubheading`, `field_discoverIntro`, `field_discoverList`, `field_designHeading`, `field_designSubheading`, `field_designIntro`, `field_designList`, `field_measureHeading`, `field_measureSubheading`, `field_measureIntro`, `field_measureList`, `field_clientsHeading`, `field_clientsSubheading`, `field_clientsIntro`, `field_clientsList`, `field_teamHeading`, `field_teamSubheading`, `field_teamIntro`, `field_addressLine1`, `field_phone`, `field_addressLine2`, `field_articleBlockSize`, `field_articleBackgroundColor`, `field_isFeatured`, `dateCreated`, `dateUpdated`, `uid`) VALUES ('9', '8', 'en_us', 'Technology', NULL, NULL, NULL, NULL, NULL, NULL, NULL, NULL, NULL, NULL, NULL, NULL, NULL, NULL, NULL, NULL, NULL, NULL, NULL, NULL, NULL, NULL, NULL, NULL, NULL, NULL, NULL, NULL, NULL, NULL, NULL, NULL, NULL, NULL, NULL, NULL, NULL, NULL, NULL, NULL, NULL, NULL, NULL, NULL, NULL, '0', '2014-08-18 22:41:30', '2014-08-18 22:41:30', '8542cb49-2ffd-4ef5-afa3-5089af26e5bb');
INSERT INTO `content` (`id`, `elementId`, `locale`, `title`, `field_heading`, `field_body`, `field_position`, `field_shortBio`, `field_fullBio`, `field_synopsis`, `field_references`, `field_client`, `field_conclusion`, `field_video`, `field_gallery`, `field_introSubheading`, `field_intro`, `field_capabilitiesHeading`, `field_capabilitiesSubheading`, `field_capabilitiesIntro`, `field_capabilitiesList`, `field_processHeading`, `field_processSubheading`, `field_processIntro`, `field_processFigure`, `field_discoverHeading`, `field_discoverSubheading`, `field_discoverIntro`, `field_discoverList`, `field_designHeading`, `field_designSubheading`, `field_designIntro`, `field_designList`, `field_measureHeading`, `field_measureSubheading`, `field_measureIntro`, `field_measureList`, `field_clientsHeading`, `field_clientsSubheading`, `field_clientsIntro`, `field_clientsList`, `field_teamHeading`, `field_teamSubheading`, `field_teamIntro`, `field_addressLine1`, `field_phone`, `field_addressLine2`, `field_articleBlockSize`, `field_articleBackgroundColor`, `field_isFeatured`, `dateCreated`, `dateUpdated`, `uid`) VALUES ('10', '9', 'en_us', 'Strategy', NULL, NULL, NULL, NULL, NULL, NULL, NULL, NULL, NULL, NULL, NULL, NULL, NULL, NULL, NULL, NULL, NULL, NULL, NULL, NULL, NULL, NULL, NULL, NULL, NULL, NULL, NULL, NULL, NULL, NULL, NULL, NULL, NULL, NULL, NULL, NULL, NULL, NULL, NULL, NULL, NULL, NULL, NULL, NULL, NULL, '0', '2014-08-18 22:41:38', '2014-08-18 22:41:38', '17cc1271-0c64-4bc4-8572-86cb78935c0f');
INSERT INTO `content` (`id`, `elementId`, `locale`, `title`, `field_heading`, `field_body`, `field_position`, `field_shortBio`, `field_fullBio`, `field_synopsis`, `field_references`, `field_client`, `field_conclusion`, `field_video`, `field_gallery`, `field_introSubheading`, `field_intro`, `field_capabilitiesHeading`, `field_capabilitiesSubheading`, `field_capabilitiesIntro`, `field_capabilitiesList`, `field_processHeading`, `field_processSubheading`, `field_processIntro`, `field_processFigure`, `field_discoverHeading`, `field_discoverSubheading`, `field_discoverIntro`, `field_discoverList`, `field_designHeading`, `field_designSubheading`, `field_designIntro`, `field_designList`, `field_measureHeading`, `field_measureSubheading`, `field_measureIntro`, `field_measureList`, `field_clientsHeading`, `field_clientsSubheading`, `field_clientsIntro`, `field_clientsList`, `field_teamHeading`, `field_teamSubheading`, `field_teamIntro`, `field_addressLine1`, `field_phone`, `field_addressLine2`, `field_articleBlockSize`, `field_articleBackgroundColor`, `field_isFeatured`, `dateCreated`, `dateUpdated`, `uid`) VALUES ('11', '10', 'en_us', 'News', NULL, NULL, NULL, NULL, NULL, NULL, NULL, NULL, NULL, NULL, NULL, NULL, NULL, NULL, NULL, NULL, NULL, NULL, NULL, NULL, NULL, NULL, NULL, NULL, NULL, NULL, NULL, NULL, NULL, NULL, NULL, NULL, NULL, NULL, NULL, NULL, NULL, NULL, NULL, NULL, NULL, NULL, NULL, NULL, NULL, '0', '2014-08-18 22:41:48', '2014-08-18 22:41:48', '20cbab70-ddd7-4bf2-ba86-baff0b7dee6a');
INSERT INTO `content` (`id`, `elementId`, `locale`, `title`, `field_heading`, `field_body`, `field_position`, `field_shortBio`, `field_fullBio`, `field_synopsis`, `field_references`, `field_client`, `field_conclusion`, `field_video`, `field_gallery`, `field_introSubheading`, `field_intro`, `field_capabilitiesHeading`, `field_capabilitiesSubheading`, `field_capabilitiesIntro`, `field_capabilitiesList`, `field_processHeading`, `field_processSubheading`, `field_processIntro`, `field_processFigure`, `field_discoverHeading`, `field_discoverSubheading`, `field_discoverIntro`, `field_discoverList`, `field_designHeading`, `field_designSubheading`, `field_designIntro`, `field_designList`, `field_measureHeading`, `field_measureSubheading`, `field_measureIntro`, `field_measureList`, `field_clientsHeading`, `field_clientsSubheading`, `field_clientsIntro`, `field_clientsList`, `field_teamHeading`, `field_teamSubheading`, `field_teamIntro`, `field_addressLine1`, `field_phone`, `field_addressLine2`, `field_articleBlockSize`, `field_articleBackgroundColor`, `field_isFeatured`, `dateCreated`, `dateUpdated`, `uid`) VALUES ('12', '11', 'en_us', 'g bracket handle', NULL, NULL, NULL, NULL, NULL, NULL, NULL, NULL, NULL, NULL, NULL, NULL, NULL, NULL, NULL, NULL, NULL, NULL, NULL, NULL, NULL, NULL, NULL, NULL, NULL, NULL, NULL, NULL, NULL, NULL, NULL, NULL, NULL, NULL, NULL, NULL, NULL, NULL, NULL, NULL, NULL, NULL, NULL, NULL, NULL, '0', '2014-08-25 18:35:26', '2014-08-25 18:35:26', '36fa0e3a-b3bf-43ec-a9ab-79c5d421bfc4');
INSERT INTO `content` (`id`, `elementId`, `locale`, `title`, `field_heading`, `field_body`, `field_position`, `field_shortBio`, `field_fullBio`, `field_synopsis`, `field_references`, `field_client`, `field_conclusion`, `field_video`, `field_gallery`, `field_introSubheading`, `field_intro`, `field_capabilitiesHeading`, `field_capabilitiesSubheading`, `field_capabilitiesIntro`, `field_capabilitiesList`, `field_processHeading`, `field_processSubheading`, `field_processIntro`, `field_processFigure`, `field_discoverHeading`, `field_discoverSubheading`, `field_discoverIntro`, `field_discoverList`, `field_designHeading`, `field_designSubheading`, `field_designIntro`, `field_designList`, `field_measureHeading`, `field_measureSubheading`, `field_measureIntro`, `field_measureList`, `field_clientsHeading`, `field_clientsSubheading`, `field_clientsIntro`, `field_clientsList`, `field_teamHeading`, `field_teamSubheading`, `field_teamIntro`, `field_addressLine1`, `field_phone`, `field_addressLine2`, `field_articleBlockSize`, `field_articleBackgroundColor`, `field_isFeatured`, `dateCreated`, `dateUpdated`, `uid`) VALUES ('13', '12', 'en_us', NULL, NULL, NULL, 'Chief Experience Officer', 'Chinmoy founded Wayfinder in 2004 with one goal: to do work that matters. He has a Bachelor of Industrial Design from the Pratt Institute and lives in Miami, FL with his wife and sons.', 'Chinmoy founded Wayfinder in 2004 with one goal: to do work that matters. He has a Bachelor of Industrial Design from the Pratt Institute and lives in Miami, FL with his wife and sons.  Chinmoy founded Wayfinder in 2004 with one goal: to do work that matters. He has a Bachelor of Industrial Design from the Pratt Institute and lives in Miami, FL with his wife and sons.  Chinmoy founded Wayfinder in 2004 with one goal: to do work that matters. He has a Bachelor of Industrial Design from the Pratt Institute and lives in Miami, FL with his wife and sons.', NULL, NULL, NULL, NULL, NULL, NULL, NULL, NULL, NULL, NULL, NULL, NULL, NULL, NULL, NULL, NULL, NULL, NULL, NULL, NULL, NULL, NULL, NULL, NULL, NULL, NULL, NULL, NULL, NULL, NULL, NULL, NULL, NULL, NULL, NULL, NULL, NULL, NULL, NULL, NULL, '0', '2014-08-25 18:35:54', '2014-09-17 22:40:04', '5e8ee078-ffb2-456a-b60f-c3e77f5c0d69');
INSERT INTO `content` (`id`, `elementId`, `locale`, `title`, `field_heading`, `field_body`, `field_position`, `field_shortBio`, `field_fullBio`, `field_synopsis`, `field_references`, `field_client`, `field_conclusion`, `field_video`, `field_gallery`, `field_introSubheading`, `field_intro`, `field_capabilitiesHeading`, `field_capabilitiesSubheading`, `field_capabilitiesIntro`, `field_capabilitiesList`, `field_processHeading`, `field_processSubheading`, `field_processIntro`, `field_processFigure`, `field_discoverHeading`, `field_discoverSubheading`, `field_discoverIntro`, `field_discoverList`, `field_designHeading`, `field_designSubheading`, `field_designIntro`, `field_designList`, `field_measureHeading`, `field_measureSubheading`, `field_measureIntro`, `field_measureList`, `field_clientsHeading`, `field_clientsSubheading`, `field_clientsIntro`, `field_clientsList`, `field_teamHeading`, `field_teamSubheading`, `field_teamIntro`, `field_addressLine1`, `field_phone`, `field_addressLine2`, `field_articleBlockSize`, `field_articleBackgroundColor`, `field_isFeatured`, `dateCreated`, `dateUpdated`, `uid`) VALUES ('14', '13', 'en_us', NULL, NULL, NULL, 'Chief Operating Officer', 'Apart from being a wiz with numbers, Alice\'s experience with operations, accounting and finance & over 15 years of marketing, research and product development make Wayfinder hum.', 'Apart from being a wiz with numbers, Alice\'s experience with operations, accounting and finance & over 15 years of marketing, research and product development make Wayfinder hum.  Apart from being a wiz with numbers, Alice\'s experience with operations, accounting and finance & over 15 years of marketing, research and product development make Wayfinder hum.  Apart from being a wiz with numbers, Alice\'s experience with operations, accounting and finance & over 15 years of marketing, research and product development make Wayfinder hum.', NULL, NULL, NULL, NULL, NULL, NULL, NULL, NULL, NULL, NULL, NULL, NULL, NULL, NULL, NULL, NULL, NULL, NULL, NULL, NULL, NULL, NULL, NULL, NULL, NULL, NULL, NULL, NULL, NULL, NULL, NULL, NULL, NULL, NULL, NULL, NULL, NULL, NULL, NULL, NULL, '0', '2014-08-25 18:52:09', '2014-09-17 22:41:29', '26250b44-42e4-4cd5-a729-8af26b481217');
INSERT INTO `content` (`id`, `elementId`, `locale`, `title`, `field_heading`, `field_body`, `field_position`, `field_shortBio`, `field_fullBio`, `field_synopsis`, `field_references`, `field_client`, `field_conclusion`, `field_video`, `field_gallery`, `field_introSubheading`, `field_intro`, `field_capabilitiesHeading`, `field_capabilitiesSubheading`, `field_capabilitiesIntro`, `field_capabilitiesList`, `field_processHeading`, `field_processSubheading`, `field_processIntro`, `field_processFigure`, `field_discoverHeading`, `field_discoverSubheading`, `field_discoverIntro`, `field_discoverList`, `field_designHeading`, `field_designSubheading`, `field_designIntro`, `field_designList`, `field_measureHeading`, `field_measureSubheading`, `field_measureIntro`, `field_measureList`, `field_clientsHeading`, `field_clientsSubheading`, `field_clientsIntro`, `field_clientsList`, `field_teamHeading`, `field_teamSubheading`, `field_teamIntro`, `field_addressLine1`, `field_phone`, `field_addressLine2`, `field_articleBlockSize`, `field_articleBackgroundColor`, `field_isFeatured`, `dateCreated`, `dateUpdated`, `uid`) VALUES ('15', '14', 'en_us', NULL, NULL, NULL, 'Senior Experience Designer', 'Design director, photographer, musician, & husband. Agustin has been a visual artist for over ten years, playing with type & pixels to create beautiful experiences.', 'Design director, photographer, musician, & husband. Agustin has been a visual artist for over ten years, playing with type & pixels to create beautiful experiences.  Design director, photographer, musician, & husband. Agustin has been a visual artist for over ten years, playing with type & pixels to create beautiful experiences.  Design director, photographer, musician, & husband. Agustin has been a visual artist for over ten years, playing with type & pixels to create beautiful experiences.', NULL, NULL, NULL, NULL, NULL, NULL, NULL, NULL, NULL, NULL, NULL, NULL, NULL, NULL, NULL, NULL, NULL, NULL, NULL, NULL, NULL, NULL, NULL, NULL, NULL, NULL, NULL, NULL, NULL, NULL, NULL, NULL, NULL, NULL, NULL, NULL, NULL, NULL, NULL, NULL, '0', '2014-08-25 18:58:29', '2014-09-17 22:41:07', 'bde50ef0-fe5c-4574-830c-75d086e9d0e8');
INSERT INTO `content` (`id`, `elementId`, `locale`, `title`, `field_heading`, `field_body`, `field_position`, `field_shortBio`, `field_fullBio`, `field_synopsis`, `field_references`, `field_client`, `field_conclusion`, `field_video`, `field_gallery`, `field_introSubheading`, `field_intro`, `field_capabilitiesHeading`, `field_capabilitiesSubheading`, `field_capabilitiesIntro`, `field_capabilitiesList`, `field_processHeading`, `field_processSubheading`, `field_processIntro`, `field_processFigure`, `field_discoverHeading`, `field_discoverSubheading`, `field_discoverIntro`, `field_discoverList`, `field_designHeading`, `field_designSubheading`, `field_designIntro`, `field_designList`, `field_measureHeading`, `field_measureSubheading`, `field_measureIntro`, `field_measureList`, `field_clientsHeading`, `field_clientsSubheading`, `field_clientsIntro`, `field_clientsList`, `field_teamHeading`, `field_teamSubheading`, `field_teamIntro`, `field_addressLine1`, `field_phone`, `field_addressLine2`, `field_articleBlockSize`, `field_articleBackgroundColor`, `field_isFeatured`, `dateCreated`, `dateUpdated`, `uid`) VALUES ('16', '15', 'en_us', NULL, NULL, NULL, 'Senior Experience Designer', 'With over 12 years\' experience in the digital space, Stephen is an avid gamer who is passionate about achieving elegant solutions to complex problems and discovering the next best beer.', 'With over 12 years\' experience in the digital space, Stephen is an avid gamer who is passionate about achieving elegant solutions to complex problems and discovering the next best beer.  With over 12 years\' experience in the digital space, Stephen is an avid gamer who is passionate about achieving elegant solutions to complex problems and discovering the next best beer.  With over 12 years\' experience in the digital space, Stephen is an avid gamer who is passionate about achieving elegant solutions to complex problems and discovering the next best beer.', NULL, NULL, NULL, NULL, NULL, NULL, NULL, NULL, NULL, NULL, NULL, NULL, NULL, NULL, NULL, NULL, NULL, NULL, NULL, NULL, NULL, NULL, NULL, NULL, NULL, NULL, NULL, NULL, NULL, NULL, NULL, NULL, NULL, NULL, NULL, NULL, NULL, NULL, NULL, NULL, '0', '2014-08-25 19:01:14', '2014-09-17 22:41:58', '06418e47-67b8-4449-9b8f-0a47cf135701');
INSERT INTO `content` (`id`, `elementId`, `locale`, `title`, `field_heading`, `field_body`, `field_position`, `field_shortBio`, `field_fullBio`, `field_synopsis`, `field_references`, `field_client`, `field_conclusion`, `field_video`, `field_gallery`, `field_introSubheading`, `field_intro`, `field_capabilitiesHeading`, `field_capabilitiesSubheading`, `field_capabilitiesIntro`, `field_capabilitiesList`, `field_processHeading`, `field_processSubheading`, `field_processIntro`, `field_processFigure`, `field_discoverHeading`, `field_discoverSubheading`, `field_discoverIntro`, `field_discoverList`, `field_designHeading`, `field_designSubheading`, `field_designIntro`, `field_designList`, `field_measureHeading`, `field_measureSubheading`, `field_measureIntro`, `field_measureList`, `field_clientsHeading`, `field_clientsSubheading`, `field_clientsIntro`, `field_clientsList`, `field_teamHeading`, `field_teamSubheading`, `field_teamIntro`, `field_addressLine1`, `field_phone`, `field_addressLine2`, `field_articleBlockSize`, `field_articleBackgroundColor`, `field_isFeatured`, `dateCreated`, `dateUpdated`, `uid`) VALUES ('20', '16', 'en_us', NULL, NULL, NULL, NULL, NULL, NULL, NULL, NULL, NULL, NULL, NULL, NULL, NULL, NULL, NULL, NULL, NULL, NULL, NULL, NULL, NULL, NULL, NULL, NULL, NULL, NULL, NULL, NULL, NULL, NULL, NULL, NULL, NULL, NULL, NULL, NULL, NULL, NULL, NULL, NULL, NULL, NULL, NULL, NULL, NULL, NULL, '0', '2014-08-28 22:37:14', '2014-08-28 22:37:14', '7809a5bb-ae90-4187-9175-9aa07ca1f622');
INSERT INTO `content` (`id`, `elementId`, `locale`, `title`, `field_heading`, `field_body`, `field_position`, `field_shortBio`, `field_fullBio`, `field_synopsis`, `field_references`, `field_client`, `field_conclusion`, `field_video`, `field_gallery`, `field_introSubheading`, `field_intro`, `field_capabilitiesHeading`, `field_capabilitiesSubheading`, `field_capabilitiesIntro`, `field_capabilitiesList`, `field_processHeading`, `field_processSubheading`, `field_processIntro`, `field_processFigure`, `field_discoverHeading`, `field_discoverSubheading`, `field_discoverIntro`, `field_discoverList`, `field_designHeading`, `field_designSubheading`, `field_designIntro`, `field_designList`, `field_measureHeading`, `field_measureSubheading`, `field_measureIntro`, `field_measureList`, `field_clientsHeading`, `field_clientsSubheading`, `field_clientsIntro`, `field_clientsList`, `field_teamHeading`, `field_teamSubheading`, `field_teamIntro`, `field_addressLine1`, `field_phone`, `field_addressLine2`, `field_articleBlockSize`, `field_articleBackgroundColor`, `field_isFeatured`, `dateCreated`, `dateUpdated`, `uid`) VALUES ('21', '17', 'en_us', NULL, NULL, NULL, NULL, NULL, NULL, NULL, NULL, NULL, NULL, NULL, NULL, NULL, NULL, NULL, NULL, NULL, NULL, NULL, NULL, NULL, NULL, NULL, NULL, NULL, NULL, NULL, NULL, NULL, NULL, NULL, NULL, NULL, NULL, NULL, NULL, NULL, NULL, NULL, NULL, NULL, NULL, NULL, NULL, NULL, NULL, '0', '2014-08-29 16:16:51', '2014-08-29 16:16:51', '241e918d-141f-4622-860e-60713061248a');
INSERT INTO `content` (`id`, `elementId`, `locale`, `title`, `field_heading`, `field_body`, `field_position`, `field_shortBio`, `field_fullBio`, `field_synopsis`, `field_references`, `field_client`, `field_conclusion`, `field_video`, `field_gallery`, `field_introSubheading`, `field_intro`, `field_capabilitiesHeading`, `field_capabilitiesSubheading`, `field_capabilitiesIntro`, `field_capabilitiesList`, `field_processHeading`, `field_processSubheading`, `field_processIntro`, `field_processFigure`, `field_discoverHeading`, `field_discoverSubheading`, `field_discoverIntro`, `field_discoverList`, `field_designHeading`, `field_designSubheading`, `field_designIntro`, `field_designList`, `field_measureHeading`, `field_measureSubheading`, `field_measureIntro`, `field_measureList`, `field_clientsHeading`, `field_clientsSubheading`, `field_clientsIntro`, `field_clientsList`, `field_teamHeading`, `field_teamSubheading`, `field_teamIntro`, `field_addressLine1`, `field_phone`, `field_addressLine2`, `field_articleBlockSize`, `field_articleBackgroundColor`, `field_isFeatured`, `dateCreated`, `dateUpdated`, `uid`) VALUES ('22', '18', 'en_us', 'A Doohickey for Flim Flams', 'Working with blah blah, this doohickey that we spewed widgetized the flim flam industry.', '<p>Earlier this year, AKQA approached us about a neato gadget idea that they hoped would get market share for the midget bowler outfitter Short Strikers to an all-time high.</p><p>Of course, we have balls and they have balls, so we jumped right on it.</p><pre class=\"code-css\">.foo {color: #555555;}</pre>', NULL, NULL, NULL, '', NULL, 'AKQA', '<p>In summary, midgets are awesome.</p>', NULL, NULL, NULL, NULL, NULL, NULL, NULL, NULL, NULL, NULL, NULL, NULL, NULL, NULL, NULL, NULL, NULL, NULL, NULL, NULL, NULL, NULL, NULL, NULL, NULL, NULL, NULL, NULL, NULL, NULL, NULL, NULL, NULL, NULL, NULL, NULL, '0', '2014-08-29 16:17:04', '2014-09-03 13:52:21', '0818622a-28e7-46fc-a17d-054e511075e1');
INSERT INTO `content` (`id`, `elementId`, `locale`, `title`, `field_heading`, `field_body`, `field_position`, `field_shortBio`, `field_fullBio`, `field_synopsis`, `field_references`, `field_client`, `field_conclusion`, `field_video`, `field_gallery`, `field_introSubheading`, `field_intro`, `field_capabilitiesHeading`, `field_capabilitiesSubheading`, `field_capabilitiesIntro`, `field_capabilitiesList`, `field_processHeading`, `field_processSubheading`, `field_processIntro`, `field_processFigure`, `field_discoverHeading`, `field_discoverSubheading`, `field_discoverIntro`, `field_discoverList`, `field_designHeading`, `field_designSubheading`, `field_designIntro`, `field_designList`, `field_measureHeading`, `field_measureSubheading`, `field_measureIntro`, `field_measureList`, `field_clientsHeading`, `field_clientsSubheading`, `field_clientsIntro`, `field_clientsList`, `field_teamHeading`, `field_teamSubheading`, `field_teamIntro`, `field_addressLine1`, `field_phone`, `field_addressLine2`, `field_articleBlockSize`, `field_articleBackgroundColor`, `field_isFeatured`, `dateCreated`, `dateUpdated`, `uid`) VALUES ('23', '19', 'en_us', 'Hooha Diddy is a Dee Tamey', 'This hooha is one to end all hoohas', '<p>Sometimes you feel like a nut.</p><p>Sometimes you don\'t.</p>', NULL, NULL, NULL, '', NULL, 'Boeing', '<p>In conclusion, booyakasha.</p>', NULL, NULL, NULL, NULL, NULL, NULL, NULL, NULL, NULL, NULL, NULL, NULL, NULL, NULL, NULL, NULL, NULL, NULL, NULL, NULL, NULL, NULL, NULL, NULL, NULL, NULL, NULL, NULL, NULL, NULL, NULL, NULL, NULL, NULL, NULL, NULL, '0', '2014-08-29 16:23:58', '2014-08-29 16:27:17', 'ab54b4d7-91a5-426c-b170-d78242f38b33');
INSERT INTO `content` (`id`, `elementId`, `locale`, `title`, `field_heading`, `field_body`, `field_position`, `field_shortBio`, `field_fullBio`, `field_synopsis`, `field_references`, `field_client`, `field_conclusion`, `field_video`, `field_gallery`, `field_introSubheading`, `field_intro`, `field_capabilitiesHeading`, `field_capabilitiesSubheading`, `field_capabilitiesIntro`, `field_capabilitiesList`, `field_processHeading`, `field_processSubheading`, `field_processIntro`, `field_processFigure`, `field_discoverHeading`, `field_discoverSubheading`, `field_discoverIntro`, `field_discoverList`, `field_designHeading`, `field_designSubheading`, `field_designIntro`, `field_designList`, `field_measureHeading`, `field_measureSubheading`, `field_measureIntro`, `field_measureList`, `field_clientsHeading`, `field_clientsSubheading`, `field_clientsIntro`, `field_clientsList`, `field_teamHeading`, `field_teamSubheading`, `field_teamIntro`, `field_addressLine1`, `field_phone`, `field_addressLine2`, `field_articleBlockSize`, `field_articleBackgroundColor`, `field_isFeatured`, `dateCreated`, `dateUpdated`, `uid`) VALUES ('24', '20', 'en_us', 'Cheez Whiz is Really Good on Celery Hearts, Y\'all!', 'Some find that the cheese is right in front of them their whole lives.', '<p>It really is nice. &nbsp;Gooey, cheesy, and you\'ll get nice and fat.</p><p>\r\n	Trust.</p><blockquote><p>Now that there is the Tec-9, a crappy spray gun from South Miami.</p>\r\n<cite>Jackie Brown</cite></blockquote><h2>Carousel Example</h2><ul class=\"owl-carousel\">\r\n<li><img src=\"http://lorempixel.com/g/320/240/animals\"></li>\r\n<li><img src=\"http://lorempixel.com/g/320/240/food\"></li>\r\n<li><img src=\"http://lorempixel.com/g/320/240/cats\"></li></ul><h2>Comparison Example</h2><ul class=\"comparison responsive\">\r\n<li class=\"compare\"><img src=\"http://lorempixel.com/g/320/240/animals\"></li>\r\n<li class=\"compare\"><img src=\"http://lorempixel.com/g/320/240/cats\"></li></ul><h2>I am a section title</h2><p>I like big cats and i can not lie purr while eating for behind the couch, so chew iPad power cord, yet hunt anything that moves, so give attitude, or stand in front of the computer screen. Sun bathe. Sleep on keyboard leave fur on owners clothes. Swat at dog inspect anything brought into the house rub face on everything, stand in front of the computer screen leave hair everywhere, or chase dog then run away intently sniff hand. Why must they do that find something else more interesting, and chase imaginary bugs find something else more interesting.</p><h2>Another section</h2><p>Sun bathe play time hack up furballs for climb leg. Inspect anything brought into the house stick butt in face, or under the bed lick butt. Chase imaginary bugs run in circles behind the couch sit in box or hunt by meowing loudly at 5am next to human slave food dispenser sleep in the bathroom sink. Nap all day leave fur on owners clothes swat at dog mark territory, and play time nap all day. Chew iPad power cord make muffins. Attack feet.</p><h2>Code Sample</h2><p><code class=\"code-html\">&lt;!DOCTYPE html&gt;\r\n&lt;title&gt;Title&lt;/title&gt;\r\n\r\n&lt;style&gt;body {width: 500px;}&lt;/style&gt;\r\n\r\n&lt;script type=\"application/javascript\"&gt;\r\n  function $init() {return true;}\r\n&lt;/script&gt;\r\n\r\n&lt;body&gt;\r\n  &lt;p checked class=\"title\" id=\'title\'&gt;Title&lt;/p&gt;\r\n  &lt;!-- here goes the rest of the page --&gt;\r\n&lt;/body&gt;</code></p><ul><li>Some kind of bullet point \'n\' shit</li><li>Another bullet point, y\'all</li></ul><ol><li>An ordered list is a gentle, well-mannered list</li><li>A list that you can take home to momma</li></ol><h2 class=\"rating\">Ease of Use&nbsp;<em>3/5</em></h2><p>A description of the rating and stuff.</p>', NULL, NULL, NULL, 'Heat it up in the micro, lads... then dip in that wacky celery that you\'re so fond of.', '', NULL, '<p>Get some!</p>', NULL, NULL, NULL, NULL, NULL, NULL, NULL, NULL, NULL, NULL, NULL, NULL, NULL, NULL, NULL, NULL, NULL, NULL, NULL, NULL, NULL, NULL, NULL, NULL, NULL, NULL, NULL, NULL, NULL, NULL, NULL, NULL, NULL, NULL, '1', '#000000', '0', '2014-08-29 17:41:19', '2014-09-22 17:19:22', 'dbf61b0e-c4fb-4e21-bba8-7b6683c4c018');
INSERT INTO `content` (`id`, `elementId`, `locale`, `title`, `field_heading`, `field_body`, `field_position`, `field_shortBio`, `field_fullBio`, `field_synopsis`, `field_references`, `field_client`, `field_conclusion`, `field_video`, `field_gallery`, `field_introSubheading`, `field_intro`, `field_capabilitiesHeading`, `field_capabilitiesSubheading`, `field_capabilitiesIntro`, `field_capabilitiesList`, `field_processHeading`, `field_processSubheading`, `field_processIntro`, `field_processFigure`, `field_discoverHeading`, `field_discoverSubheading`, `field_discoverIntro`, `field_discoverList`, `field_designHeading`, `field_designSubheading`, `field_designIntro`, `field_designList`, `field_measureHeading`, `field_measureSubheading`, `field_measureIntro`, `field_measureList`, `field_clientsHeading`, `field_clientsSubheading`, `field_clientsIntro`, `field_clientsList`, `field_teamHeading`, `field_teamSubheading`, `field_teamIntro`, `field_addressLine1`, `field_phone`, `field_addressLine2`, `field_articleBlockSize`, `field_articleBackgroundColor`, `field_isFeatured`, `dateCreated`, `dateUpdated`, `uid`) VALUES ('25', '21', 'en_us', 'A Video Post Test', '', NULL, NULL, NULL, NULL, NULL, NULL, NULL, NULL, 'http://youtu.be/fv--npievoI', NULL, NULL, NULL, NULL, NULL, NULL, NULL, NULL, NULL, NULL, NULL, NULL, NULL, NULL, NULL, NULL, NULL, NULL, NULL, NULL, NULL, NULL, NULL, NULL, NULL, NULL, NULL, NULL, NULL, NULL, NULL, NULL, NULL, NULL, NULL, '0', '2014-08-29 20:52:09', '2014-08-29 20:55:05', '63d2144c-fada-49ff-a5f4-499f1ef9e654');
INSERT INTO `content` (`id`, `elementId`, `locale`, `title`, `field_heading`, `field_body`, `field_position`, `field_shortBio`, `field_fullBio`, `field_synopsis`, `field_references`, `field_client`, `field_conclusion`, `field_video`, `field_gallery`, `field_introSubheading`, `field_intro`, `field_capabilitiesHeading`, `field_capabilitiesSubheading`, `field_capabilitiesIntro`, `field_capabilitiesList`, `field_processHeading`, `field_processSubheading`, `field_processIntro`, `field_processFigure`, `field_discoverHeading`, `field_discoverSubheading`, `field_discoverIntro`, `field_discoverList`, `field_designHeading`, `field_designSubheading`, `field_designIntro`, `field_designList`, `field_measureHeading`, `field_measureSubheading`, `field_measureIntro`, `field_measureList`, `field_clientsHeading`, `field_clientsSubheading`, `field_clientsIntro`, `field_clientsList`, `field_teamHeading`, `field_teamSubheading`, `field_teamIntro`, `field_addressLine1`, `field_phone`, `field_addressLine2`, `field_articleBlockSize`, `field_articleBackgroundColor`, `field_isFeatured`, `dateCreated`, `dateUpdated`, `uid`) VALUES ('26', '22', 'en_us', 'A Gallery Post Test', '', NULL, NULL, NULL, NULL, NULL, NULL, NULL, NULL, NULL, '<ul>\r\n<li>image</li><li>image</li><li>image</li></ul>', NULL, NULL, NULL, NULL, NULL, NULL, NULL, NULL, NULL, NULL, NULL, NULL, NULL, NULL, NULL, NULL, NULL, NULL, NULL, NULL, NULL, NULL, NULL, NULL, NULL, NULL, NULL, NULL, NULL, NULL, NULL, NULL, '1', '#000000', '1', '2014-08-29 20:53:56', '2014-09-17 19:01:04', '1376cf0c-9eee-49d9-a0cb-566a6171fbf4');



--
-- Schema for table `deprecationerrors`
--

DROP TABLE IF EXISTS `deprecationerrors`;

CREATE TABLE `deprecationerrors` (
  `id` int(11) NOT NULL AUTO_INCREMENT,
  `key` varchar(255) COLLATE utf8_unicode_ci NOT NULL,
  `fingerprint` varchar(255) COLLATE utf8_unicode_ci NOT NULL,
  `lastOccurrence` datetime NOT NULL,
  `file` varchar(255) COLLATE utf8_unicode_ci NOT NULL,
  `line` smallint(6) unsigned NOT NULL,
  `class` varchar(255) COLLATE utf8_unicode_ci DEFAULT NULL,
  `method` varchar(255) COLLATE utf8_unicode_ci DEFAULT NULL,
  `template` varchar(255) COLLATE utf8_unicode_ci DEFAULT NULL,
  `templateLine` smallint(6) unsigned DEFAULT NULL,
  `message` varchar(255) COLLATE utf8_unicode_ci DEFAULT NULL,
  `traces` text COLLATE utf8_unicode_ci,
  `dateCreated` datetime NOT NULL,
  `dateUpdated` datetime NOT NULL,
  `uid` char(36) COLLATE utf8_unicode_ci NOT NULL DEFAULT '0',
  PRIMARY KEY (`id`),
  UNIQUE KEY `deprecationerrors_key_fingerprint_unq_idx` (`key`,`fingerprint`)
) ENGINE=InnoDB DEFAULT CHARSET=utf8 COLLATE=utf8_unicode_ci;

--
-- Schema for table `elements`
--

DROP TABLE IF EXISTS `elements`;

CREATE TABLE `elements` (
  `id` int(11) NOT NULL AUTO_INCREMENT,
  `type` varchar(150) COLLATE utf8_unicode_ci NOT NULL,
  `enabled` tinyint(1) unsigned NOT NULL DEFAULT '1',
  `archived` tinyint(1) unsigned NOT NULL DEFAULT '0',
  `dateCreated` datetime NOT NULL,
  `dateUpdated` datetime NOT NULL,
  `uid` char(36) COLLATE utf8_unicode_ci NOT NULL DEFAULT '0',
  PRIMARY KEY (`id`),
  KEY `elements_type_idx` (`type`),
  KEY `elements_enabled_idx` (`enabled`),
  KEY `elements_archived_idx` (`archived`)
) ENGINE=InnoDB AUTO_INCREMENT=23 DEFAULT CHARSET=utf8 COLLATE=utf8_unicode_ci;

--
-- Data for table `elements`
--

INSERT INTO `elements` (`id`, `type`, `enabled`, `archived`, `dateCreated`, `dateUpdated`, `uid`) VALUES ('1', 'User', '1', '0', '2014-07-22 18:49:16', '2014-09-17 22:40:28', 'f22122c2-99a8-44ab-8b6b-2f28eb12b91f');
INSERT INTO `elements` (`id`, `type`, `enabled`, `archived`, `dateCreated`, `dateUpdated`, `uid`) VALUES ('2', 'Entry', '1', '0', '2014-07-22 18:49:19', '2014-09-05 20:45:51', 'a261ef94-528a-4ceb-95a9-099f7560301e');
INSERT INTO `elements` (`id`, `type`, `enabled`, `archived`, `dateCreated`, `dateUpdated`, `uid`) VALUES ('4', 'Entry', '1', '0', '2014-07-24 15:00:04', '2014-09-05 20:32:43', '90e2a719-178e-40a6-9d0c-c8e59fd05b1f');
INSERT INTO `elements` (`id`, `type`, `enabled`, `archived`, `dateCreated`, `dateUpdated`, `uid`) VALUES ('5', 'Entry', '1', '0', '2014-08-13 16:36:09', '2014-09-16 22:12:14', 'a54c3282-bc77-4fa3-be22-57b7effed868');
INSERT INTO `elements` (`id`, `type`, `enabled`, `archived`, `dateCreated`, `dateUpdated`, `uid`) VALUES ('6', 'Category', '1', '0', '2014-08-18 22:41:13', '2014-08-18 22:41:13', 'a735f22d-c3a3-4ea7-b57f-9079d03269bc');
INSERT INTO `elements` (`id`, `type`, `enabled`, `archived`, `dateCreated`, `dateUpdated`, `uid`) VALUES ('7', 'Category', '1', '0', '2014-08-18 22:41:21', '2014-08-18 22:41:21', '4f5cb6fb-0f29-41d7-9158-ac0bc5ce3975');
INSERT INTO `elements` (`id`, `type`, `enabled`, `archived`, `dateCreated`, `dateUpdated`, `uid`) VALUES ('8', 'Category', '1', '0', '2014-08-18 22:41:30', '2014-08-18 22:41:30', '99c29656-f12e-471d-9a27-8de987d5b555');
INSERT INTO `elements` (`id`, `type`, `enabled`, `archived`, `dateCreated`, `dateUpdated`, `uid`) VALUES ('9', 'Category', '1', '0', '2014-08-18 22:41:38', '2014-08-18 22:41:38', 'ec396f02-1421-4940-9d5e-7937dd87115e');
INSERT INTO `elements` (`id`, `type`, `enabled`, `archived`, `dateCreated`, `dateUpdated`, `uid`) VALUES ('10', 'Category', '1', '0', '2014-08-18 22:41:48', '2014-08-18 22:41:48', 'c88d7fe6-9569-478c-9e93-dc5eff589b83');
INSERT INTO `elements` (`id`, `type`, `enabled`, `archived`, `dateCreated`, `dateUpdated`, `uid`) VALUES ('11', 'Asset', '1', '0', '2014-08-25 18:35:26', '2014-08-25 18:35:26', 'ee8ccf17-ea54-48c8-ad03-12b447f8703d');
INSERT INTO `elements` (`id`, `type`, `enabled`, `archived`, `dateCreated`, `dateUpdated`, `uid`) VALUES ('12', 'User', '1', '0', '2014-08-25 18:35:54', '2014-09-17 22:40:04', '6fc079d5-63bf-4e6f-961b-f83d3c1351c3');
INSERT INTO `elements` (`id`, `type`, `enabled`, `archived`, `dateCreated`, `dateUpdated`, `uid`) VALUES ('13', 'User', '1', '0', '2014-08-25 18:52:09', '2014-09-17 22:41:29', '671adf2b-0303-4fde-9984-946874e07ee4');
INSERT INTO `elements` (`id`, `type`, `enabled`, `archived`, `dateCreated`, `dateUpdated`, `uid`) VALUES ('14', 'User', '1', '0', '2014-08-25 18:58:29', '2014-09-17 22:41:07', '6f9ef8cf-6821-48fc-b583-2623500b0f64');
INSERT INTO `elements` (`id`, `type`, `enabled`, `archived`, `dateCreated`, `dateUpdated`, `uid`) VALUES ('15', 'User', '1', '0', '2014-08-25 19:01:14', '2014-09-17 22:41:58', 'a024c34c-aacb-476b-8c8c-76c70ef41464');
INSERT INTO `elements` (`id`, `type`, `enabled`, `archived`, `dateCreated`, `dateUpdated`, `uid`) VALUES ('16', 'Tag', '1', '0', '2014-08-28 22:37:14', '2014-08-28 22:37:14', 'b028ac67-65e7-4223-84ca-4f1b76d58c68');
INSERT INTO `elements` (`id`, `type`, `enabled`, `archived`, `dateCreated`, `dateUpdated`, `uid`) VALUES ('17', 'Tag', '1', '0', '2014-08-29 16:16:51', '2014-08-29 16:16:51', '91e956fc-f343-4d38-95ba-1f9f97dd752b');
INSERT INTO `elements` (`id`, `type`, `enabled`, `archived`, `dateCreated`, `dateUpdated`, `uid`) VALUES ('18', 'Entry', '1', '0', '2014-08-29 16:17:04', '2014-09-03 13:52:21', '8a0f99ae-f00a-4c73-a77e-4d10df0a6e36');
INSERT INTO `elements` (`id`, `type`, `enabled`, `archived`, `dateCreated`, `dateUpdated`, `uid`) VALUES ('19', 'Entry', '1', '0', '2014-08-29 16:23:58', '2014-08-29 16:27:17', 'b58c0615-3b21-4a31-9e59-171284a5b785');
INSERT INTO `elements` (`id`, `type`, `enabled`, `archived`, `dateCreated`, `dateUpdated`, `uid`) VALUES ('20', 'Entry', '1', '0', '2014-08-29 17:41:19', '2014-09-22 17:19:22', 'bd3b7f83-ec13-40fa-af6c-b89c5ce019a6');
INSERT INTO `elements` (`id`, `type`, `enabled`, `archived`, `dateCreated`, `dateUpdated`, `uid`) VALUES ('21', 'Entry', '1', '0', '2014-08-29 20:52:09', '2014-08-29 20:55:05', '34bcfb24-910b-4b91-ad3b-2792f9b43073');
INSERT INTO `elements` (`id`, `type`, `enabled`, `archived`, `dateCreated`, `dateUpdated`, `uid`) VALUES ('22', 'Entry', '1', '0', '2014-08-29 20:53:56', '2014-09-17 19:01:04', '1ef71f78-ba5e-4264-809f-97f145422757');



--
-- Schema for table `elements_i18n`
--

DROP TABLE IF EXISTS `elements_i18n`;

CREATE TABLE `elements_i18n` (
  `id` int(11) NOT NULL AUTO_INCREMENT,
  `elementId` int(11) NOT NULL,
  `locale` char(12) COLLATE utf8_unicode_ci NOT NULL,
  `slug` varchar(255) COLLATE utf8_unicode_ci DEFAULT NULL,
  `uri` varchar(255) COLLATE utf8_unicode_ci DEFAULT NULL,
  `enabled` tinyint(1) unsigned NOT NULL DEFAULT '1',
  `dateCreated` datetime NOT NULL,
  `dateUpdated` datetime NOT NULL,
  `uid` char(36) COLLATE utf8_unicode_ci NOT NULL DEFAULT '0',
  PRIMARY KEY (`id`),
  UNIQUE KEY `elements_i18n_elementId_locale_unq_idx` (`elementId`,`locale`),
  UNIQUE KEY `elements_i18n_uri_locale_unq_idx` (`uri`,`locale`),
  KEY `elements_i18n_slug_locale_idx` (`slug`,`locale`),
  KEY `elements_i18n_enabled_idx` (`enabled`),
  KEY `elements_i18n_locale_fk` (`locale`)
) ENGINE=InnoDB AUTO_INCREMENT=27 DEFAULT CHARSET=utf8 COLLATE=utf8_unicode_ci;

--
-- Data for table `elements_i18n`
--

INSERT INTO `elements_i18n` (`id`, `elementId`, `locale`, `slug`, `uri`, `enabled`, `dateCreated`, `dateUpdated`, `uid`) VALUES ('1', '1', 'en_us', '', NULL, '1', '2014-07-22 18:49:16', '2014-09-17 22:40:28', 'ad027aaf-e882-479f-91a7-fc741287bfd8');
INSERT INTO `elements_i18n` (`id`, `elementId`, `locale`, `slug`, `uri`, `enabled`, `dateCreated`, `dateUpdated`, `uid`) VALUES ('2', '2', 'en_us', 'homepage', '__home__', '1', '2014-07-22 18:49:19', '2014-09-05 20:45:51', '2a2b9df7-34f6-45cb-a6da-45bf5799c100');
INSERT INTO `elements_i18n` (`id`, `elementId`, `locale`, `slug`, `uri`, `enabled`, `dateCreated`, `dateUpdated`, `uid`) VALUES ('5', '4', 'en_us', 'contact', 'contact', '1', '2014-07-24 15:00:04', '2014-09-05 20:32:43', '848fd739-cecf-42d3-952c-26c2021e51af');
INSERT INTO `elements_i18n` (`id`, `elementId`, `locale`, `slug`, `uri`, `enabled`, `dateCreated`, `dateUpdated`, `uid`) VALUES ('6', '5', 'en_us', 'about', 'about', '1', '2014-08-13 16:36:09', '2014-09-16 22:12:14', '548aabcf-d480-4ad6-8da9-91937224d0cc');
INSERT INTO `elements_i18n` (`id`, `elementId`, `locale`, `slug`, `uri`, `enabled`, `dateCreated`, `dateUpdated`, `uid`) VALUES ('7', '6', 'en_us', 'ux', 'articles/ux', '1', '2014-08-18 22:41:13', '2014-08-18 22:41:14', '92927f78-c947-4b90-b7e8-186e8149bd81');
INSERT INTO `elements_i18n` (`id`, `elementId`, `locale`, `slug`, `uri`, `enabled`, `dateCreated`, `dateUpdated`, `uid`) VALUES ('8', '7', 'en_us', 'design', 'articles/design', '1', '2014-08-18 22:41:22', '2014-08-18 22:41:22', '6979300c-54cd-4d4f-abf0-5b8d1a1969dd');
INSERT INTO `elements_i18n` (`id`, `elementId`, `locale`, `slug`, `uri`, `enabled`, `dateCreated`, `dateUpdated`, `uid`) VALUES ('9', '8', 'en_us', 'technology', 'articles/technology', '1', '2014-08-18 22:41:30', '2014-08-18 22:41:31', '447cbf90-c3ce-4c06-a258-c32cf8d11ffc');
INSERT INTO `elements_i18n` (`id`, `elementId`, `locale`, `slug`, `uri`, `enabled`, `dateCreated`, `dateUpdated`, `uid`) VALUES ('10', '9', 'en_us', 'strategy', 'articles/strategy', '1', '2014-08-18 22:41:38', '2014-08-18 22:41:38', '1c2edce8-18e6-4397-aeac-f98164e97be3');
INSERT INTO `elements_i18n` (`id`, `elementId`, `locale`, `slug`, `uri`, `enabled`, `dateCreated`, `dateUpdated`, `uid`) VALUES ('11', '10', 'en_us', 'news', 'articles/news', '1', '2014-08-18 22:41:48', '2014-08-18 22:41:48', '7d748ce3-de96-4cbf-8208-224df1f6d4c8');
INSERT INTO `elements_i18n` (`id`, `elementId`, `locale`, `slug`, `uri`, `enabled`, `dateCreated`, `dateUpdated`, `uid`) VALUES ('12', '11', 'en_us', 'g-bracket-handle', NULL, '1', '2014-08-25 18:35:27', '2014-08-25 18:35:27', '9770e62e-9d36-4b5f-958f-5afd679adbae');
INSERT INTO `elements_i18n` (`id`, `elementId`, `locale`, `slug`, `uri`, `enabled`, `dateCreated`, `dateUpdated`, `uid`) VALUES ('13', '12', 'en_us', '', NULL, '1', '2014-08-25 18:35:54', '2014-09-17 22:40:04', '46ca27e1-e5f1-4173-982f-408c03239bc1');
INSERT INTO `elements_i18n` (`id`, `elementId`, `locale`, `slug`, `uri`, `enabled`, `dateCreated`, `dateUpdated`, `uid`) VALUES ('14', '13', 'en_us', '', NULL, '1', '2014-08-25 18:52:10', '2014-09-17 22:41:29', '205665fb-834d-40b2-8a07-44e032db81b8');
INSERT INTO `elements_i18n` (`id`, `elementId`, `locale`, `slug`, `uri`, `enabled`, `dateCreated`, `dateUpdated`, `uid`) VALUES ('15', '14', 'en_us', '', NULL, '1', '2014-08-25 18:58:29', '2014-09-17 22:41:08', 'faa05053-66df-49dd-b472-cf708111057b');
INSERT INTO `elements_i18n` (`id`, `elementId`, `locale`, `slug`, `uri`, `enabled`, `dateCreated`, `dateUpdated`, `uid`) VALUES ('16', '15', 'en_us', '', NULL, '1', '2014-08-25 19:01:14', '2014-09-17 22:41:58', 'af91651b-590b-4f59-aae8-f682cfc2c925');
INSERT INTO `elements_i18n` (`id`, `elementId`, `locale`, `slug`, `uri`, `enabled`, `dateCreated`, `dateUpdated`, `uid`) VALUES ('20', '16', 'en_us', '', NULL, '1', '2014-08-28 22:37:15', '2014-08-28 22:37:15', '65398074-3e50-4554-adab-32b5d7c3644e');
INSERT INTO `elements_i18n` (`id`, `elementId`, `locale`, `slug`, `uri`, `enabled`, `dateCreated`, `dateUpdated`, `uid`) VALUES ('21', '17', 'en_us', '', NULL, '1', '2014-08-29 16:16:51', '2014-08-29 16:16:51', '2df0982b-25c6-4bcb-aa48-90b411731c4e');
INSERT INTO `elements_i18n` (`id`, `elementId`, `locale`, `slug`, `uri`, `enabled`, `dateCreated`, `dateUpdated`, `uid`) VALUES ('22', '18', 'en_us', 'a-doohickey-for-flim-flams', 'portfolio/a-doohickey-for-flim-flams', '1', '2014-08-29 16:17:04', '2014-09-03 13:52:21', 'aa6746a7-ab62-4cd6-a960-feea4b070b4a');
INSERT INTO `elements_i18n` (`id`, `elementId`, `locale`, `slug`, `uri`, `enabled`, `dateCreated`, `dateUpdated`, `uid`) VALUES ('23', '19', 'en_us', 'hooha-diddy-is-a-dee-tamey', 'portfolio/hooha-diddy-is-a-dee-tamey', '1', '2014-08-29 16:23:58', '2014-08-29 16:27:17', 'f21563be-56a2-4aa0-8f24-e2ead0031d35');
INSERT INTO `elements_i18n` (`id`, `elementId`, `locale`, `slug`, `uri`, `enabled`, `dateCreated`, `dateUpdated`, `uid`) VALUES ('24', '20', 'en_us', 'cheez-whiz-is-really-good-on-celery-hearts-yall', 'articles/cheez-whiz-is-really-good-on-celery-hearts-yall', '1', '2014-08-29 17:41:20', '2014-09-22 17:19:23', '52f40459-2dea-4a66-9a05-73ed14404858');
INSERT INTO `elements_i18n` (`id`, `elementId`, `locale`, `slug`, `uri`, `enabled`, `dateCreated`, `dateUpdated`, `uid`) VALUES ('25', '21', 'en_us', 'a-video-post-test', 'articles/a-video-post-test', '1', '2014-08-29 20:52:09', '2014-08-29 20:55:05', '41beb69e-2a89-4281-9710-622d3c660ba3');
INSERT INTO `elements_i18n` (`id`, `elementId`, `locale`, `slug`, `uri`, `enabled`, `dateCreated`, `dateUpdated`, `uid`) VALUES ('26', '22', 'en_us', 'a-gallery-post-test', 'articles/a-gallery-post-test', '1', '2014-08-29 20:53:56', '2014-09-17 19:01:05', 'bdbe69b7-c27d-4ef5-90fe-fabaa1976255');



--
-- Schema for table `emailmessages`
--

DROP TABLE IF EXISTS `emailmessages`;

CREATE TABLE `emailmessages` (
  `id` int(11) NOT NULL AUTO_INCREMENT,
  `key` char(150) COLLATE utf8_unicode_ci NOT NULL,
  `locale` char(12) COLLATE utf8_unicode_ci NOT NULL,
  `subject` varchar(1000) COLLATE utf8_unicode_ci NOT NULL,
  `body` text COLLATE utf8_unicode_ci NOT NULL,
  `dateCreated` datetime NOT NULL,
  `dateUpdated` datetime NOT NULL,
  `uid` char(36) COLLATE utf8_unicode_ci NOT NULL DEFAULT '0',
  PRIMARY KEY (`id`),
  UNIQUE KEY `emailmessages_key_locale_unq_idx` (`key`,`locale`),
  KEY `emailmessages_locale_fk` (`locale`)
) ENGINE=InnoDB DEFAULT CHARSET=utf8 COLLATE=utf8_unicode_ci;

--
-- Schema for table `entries`
--

DROP TABLE IF EXISTS `entries`;

CREATE TABLE `entries` (
  `id` int(11) NOT NULL,
  `sectionId` int(11) NOT NULL,
  `typeId` int(11) DEFAULT NULL,
  `authorId` int(11) DEFAULT NULL,
  `postDate` datetime DEFAULT NULL,
  `expiryDate` datetime DEFAULT NULL,
  `dateCreated` datetime NOT NULL,
  `dateUpdated` datetime NOT NULL,
  `uid` char(36) COLLATE utf8_unicode_ci NOT NULL DEFAULT '0',
  PRIMARY KEY (`id`),
  KEY `entries_sectionId_idx` (`sectionId`),
  KEY `entries_typeId_idx` (`typeId`),
  KEY `entries_postDate_idx` (`postDate`),
  KEY `entries_expiryDate_idx` (`expiryDate`),
  KEY `entries_authorId_fk` (`authorId`)
) ENGINE=InnoDB DEFAULT CHARSET=utf8 COLLATE=utf8_unicode_ci;

--
-- Data for table `entries`
--

INSERT INTO `entries` (`id`, `sectionId`, `typeId`, `authorId`, `postDate`, `expiryDate`, `dateCreated`, `dateUpdated`, `uid`) VALUES ('2', '1', '1', NULL, '2014-07-24 14:30:56', NULL, '2014-07-22 18:49:19', '2014-09-05 20:45:51', '87d9d9ea-6cd2-43ad-b493-e41a4ca4faad');
INSERT INTO `entries` (`id`, `sectionId`, `typeId`, `authorId`, `postDate`, `expiryDate`, `dateCreated`, `dateUpdated`, `uid`) VALUES ('4', '6', '6', NULL, '2014-08-28 20:04:10', NULL, '2014-07-24 15:00:04', '2014-09-05 20:32:43', '8b3ab3d4-3f68-4153-a322-ddda3d34e7b3');
INSERT INTO `entries` (`id`, `sectionId`, `typeId`, `authorId`, `postDate`, `expiryDate`, `dateCreated`, `dateUpdated`, `uid`) VALUES ('5', '5', '5', NULL, '2014-08-28 20:07:43', NULL, '2014-08-13 16:36:09', '2014-09-16 22:12:15', '89b34173-92cd-4d68-808f-93c17df32e2e');
INSERT INTO `entries` (`id`, `sectionId`, `typeId`, `authorId`, `postDate`, `expiryDate`, `dateCreated`, `dateUpdated`, `uid`) VALUES ('18', '4', '10', '1', '2014-08-29 16:17:00', NULL, '2014-08-29 16:17:04', '2014-09-03 13:52:21', '001be0be-5f7b-467d-85c7-4c607aaf5d19');
INSERT INTO `entries` (`id`, `sectionId`, `typeId`, `authorId`, `postDate`, `expiryDate`, `dateCreated`, `dateUpdated`, `uid`) VALUES ('19', '4', '4', '1', '2014-08-29 16:23:00', NULL, '2014-08-29 16:23:58', '2014-08-29 16:27:17', '89c1c77a-b2a8-482f-9d6e-97de73e52198');
INSERT INTO `entries` (`id`, `sectionId`, `typeId`, `authorId`, `postDate`, `expiryDate`, `dateCreated`, `dateUpdated`, `uid`) VALUES ('20', '3', '7', '1', '2014-08-29 17:41:00', NULL, '2014-08-29 17:41:20', '2014-09-22 17:19:23', '13f0f7e6-54fa-404c-bb3c-3ed44a88ad14');
INSERT INTO `entries` (`id`, `sectionId`, `typeId`, `authorId`, `postDate`, `expiryDate`, `dateCreated`, `dateUpdated`, `uid`) VALUES ('21', '3', '11', '1', '2014-08-29 20:52:00', NULL, '2014-08-29 20:52:09', '2014-08-29 20:55:06', 'daba1d9b-8a66-4cfa-9cd3-e7994b1f57e5');
INSERT INTO `entries` (`id`, `sectionId`, `typeId`, `authorId`, `postDate`, `expiryDate`, `dateCreated`, `dateUpdated`, `uid`) VALUES ('22', '3', '12', '1', '2014-08-29 20:53:00', NULL, '2014-08-29 20:53:56', '2014-09-17 19:01:06', 'fbca71f8-843b-4c70-a60c-b13e0cc1e203');



--
-- Schema for table `entrydrafts`
--

DROP TABLE IF EXISTS `entrydrafts`;

CREATE TABLE `entrydrafts` (
  `id` int(11) NOT NULL AUTO_INCREMENT,
  `entryId` int(11) NOT NULL,
  `sectionId` int(11) NOT NULL,
  `creatorId` int(11) NOT NULL,
  `locale` char(12) COLLATE utf8_unicode_ci NOT NULL,
  `name` varchar(255) COLLATE utf8_unicode_ci NOT NULL,
  `notes` tinytext COLLATE utf8_unicode_ci,
  `data` mediumtext COLLATE utf8_unicode_ci NOT NULL,
  `dateCreated` datetime NOT NULL,
  `dateUpdated` datetime NOT NULL,
  `uid` char(36) COLLATE utf8_unicode_ci NOT NULL DEFAULT '0',
  PRIMARY KEY (`id`),
  KEY `entrydrafts_entryId_locale_idx` (`entryId`,`locale`),
  KEY `entrydrafts_sectionId_fk` (`sectionId`),
  KEY `entrydrafts_creatorId_fk` (`creatorId`),
  KEY `entrydrafts_locale_fk` (`locale`)
) ENGINE=InnoDB DEFAULT CHARSET=utf8 COLLATE=utf8_unicode_ci;

--
-- Schema for table `entrytypes`
--

DROP TABLE IF EXISTS `entrytypes`;

CREATE TABLE `entrytypes` (
  `id` int(11) NOT NULL AUTO_INCREMENT,
  `sectionId` int(11) NOT NULL,
  `fieldLayoutId` int(11) DEFAULT NULL,
  `name` varchar(255) COLLATE utf8_unicode_ci NOT NULL,
  `handle` varchar(255) COLLATE utf8_unicode_ci NOT NULL,
  `hasTitleField` tinyint(1) unsigned NOT NULL DEFAULT '1',
  `titleLabel` varchar(255) COLLATE utf8_unicode_ci DEFAULT 'Title',
  `titleFormat` varchar(255) COLLATE utf8_unicode_ci DEFAULT NULL,
  `sortOrder` tinyint(4) DEFAULT NULL,
  `dateCreated` datetime NOT NULL,
  `dateUpdated` datetime NOT NULL,
  `uid` char(36) COLLATE utf8_unicode_ci NOT NULL DEFAULT '0',
  PRIMARY KEY (`id`),
  UNIQUE KEY `entrytypes_name_sectionId_unq_idx` (`name`,`sectionId`),
  UNIQUE KEY `entrytypes_handle_sectionId_unq_idx` (`handle`,`sectionId`),
  KEY `entrytypes_sectionId_fk` (`sectionId`),
  KEY `entrytypes_fieldLayoutId_fk` (`fieldLayoutId`)
) ENGINE=InnoDB AUTO_INCREMENT=13 DEFAULT CHARSET=utf8 COLLATE=utf8_unicode_ci;

--
-- Data for table `entrytypes`
--

INSERT INTO `entrytypes` (`id`, `sectionId`, `fieldLayoutId`, `name`, `handle`, `hasTitleField`, `titleLabel`, `titleFormat`, `sortOrder`, `dateCreated`, `dateUpdated`, `uid`) VALUES ('1', '1', '3', 'Homepage', 'homepage', '0', NULL, '{section.name|raw}', NULL, '2014-07-22 18:49:19', '2014-09-02 19:30:34', '4c368c34-84c9-4c94-b488-3358e69c21ca');
INSERT INTO `entrytypes` (`id`, `sectionId`, `fieldLayoutId`, `name`, `handle`, `hasTitleField`, `titleLabel`, `titleFormat`, `sortOrder`, `dateCreated`, `dateUpdated`, `uid`) VALUES ('3', '3', '90', 'Quick Post', 'quick', '1', 'Title', NULL, '1', '2014-07-24 14:33:27', '2014-09-17 15:31:16', '1648f34e-bbd9-4fea-9881-7ee5d6d7a28e');
INSERT INTO `entrytypes` (`id`, `sectionId`, `fieldLayoutId`, `name`, `handle`, `hasTitleField`, `titleLabel`, `titleFormat`, `sortOrder`, `dateCreated`, `dateUpdated`, `uid`) VALUES ('4', '4', '95', 'Project', 'project', '1', 'Title', NULL, NULL, '2014-07-24 14:33:51', '2014-09-17 15:35:00', '76807bde-6a60-4f05-9ea0-aa46fbbbd54c');
INSERT INTO `entrytypes` (`id`, `sectionId`, `fieldLayoutId`, `name`, `handle`, `hasTitleField`, `titleLabel`, `titleFormat`, `sortOrder`, `dateCreated`, `dateUpdated`, `uid`) VALUES ('5', '5', '86', 'About Us', 'about', '0', NULL, '{section.name|raw}', NULL, '2014-07-24 14:58:19', '2014-09-05 18:52:45', '3913ad63-ff14-4ebc-a041-74b8af49dbc0');
INSERT INTO `entrytypes` (`id`, `sectionId`, `fieldLayoutId`, `name`, `handle`, `hasTitleField`, `titleLabel`, `titleFormat`, `sortOrder`, `dateCreated`, `dateUpdated`, `uid`) VALUES ('6', '6', '85', 'Contact', 'contact', '0', NULL, '{section.name|raw}', NULL, '2014-07-24 15:00:04', '2014-09-05 18:52:17', '9d184953-7690-4d16-9545-ba129da51887');
INSERT INTO `entrytypes` (`id`, `sectionId`, `fieldLayoutId`, `name`, `handle`, `hasTitleField`, `titleLabel`, `titleFormat`, `sortOrder`, `dateCreated`, `dateUpdated`, `uid`) VALUES ('7', '3', '89', 'Standard', 'standard', '1', 'Title', NULL, '2', '2014-08-13 16:44:28', '2014-09-17 15:30:58', '6d88eaee-3a87-4458-afd4-4e3bd6274f6e');
INSERT INTO `entrytypes` (`id`, `sectionId`, `fieldLayoutId`, `name`, `handle`, `hasTitleField`, `titleLabel`, `titleFormat`, `sortOrder`, `dateCreated`, `dateUpdated`, `uid`) VALUES ('8', '3', '91', 'Review', 'review', '1', 'Title', NULL, '3', '2014-08-13 16:44:44', '2014-09-17 15:31:43', '49778512-c90b-42e5-aba7-4aae2a8fb913');
INSERT INTO `entrytypes` (`id`, `sectionId`, `fieldLayoutId`, `name`, `handle`, `hasTitleField`, `titleLabel`, `titleFormat`, `sortOrder`, `dateCreated`, `dateUpdated`, `uid`) VALUES ('9', '3', '92', 'Tutorial', 'tutorial', '1', 'Title', NULL, '4', '2014-08-13 16:44:58', '2014-09-17 15:32:17', '3eaeff27-9a8a-46cd-847f-b5c47afc2baa');
INSERT INTO `entrytypes` (`id`, `sectionId`, `fieldLayoutId`, `name`, `handle`, `hasTitleField`, `titleLabel`, `titleFormat`, `sortOrder`, `dateCreated`, `dateUpdated`, `uid`) VALUES ('10', '4', '96', 'Case Study', 'caseStudy', '1', 'Title', NULL, NULL, '2014-08-13 16:46:18', '2014-09-17 15:35:40', 'f36d1897-9c60-4ca7-9afe-46922616d235');
INSERT INTO `entrytypes` (`id`, `sectionId`, `fieldLayoutId`, `name`, `handle`, `hasTitleField`, `titleLabel`, `titleFormat`, `sortOrder`, `dateCreated`, `dateUpdated`, `uid`) VALUES ('11', '3', '94', 'Video', 'video', '1', 'Title', NULL, '6', '2014-08-28 13:22:14', '2014-09-17 15:34:18', '4babab2d-f355-44f0-9f27-a54c2a06f076');
INSERT INTO `entrytypes` (`id`, `sectionId`, `fieldLayoutId`, `name`, `handle`, `hasTitleField`, `titleLabel`, `titleFormat`, `sortOrder`, `dateCreated`, `dateUpdated`, `uid`) VALUES ('12', '3', '93', 'Gallery', 'gallery', '1', 'Title', NULL, '5', '2014-08-29 14:40:17', '2014-09-17 15:33:45', '606e94e7-5dfe-450f-88f7-18ac3780f4cf');



--
-- Schema for table `entryversions`
--

DROP TABLE IF EXISTS `entryversions`;

CREATE TABLE `entryversions` (
  `id` int(11) NOT NULL AUTO_INCREMENT,
  `entryId` int(11) NOT NULL,
  `sectionId` int(11) NOT NULL,
  `creatorId` int(11) DEFAULT NULL,
  `locale` char(12) COLLATE utf8_unicode_ci NOT NULL,
  `num` smallint(6) unsigned NOT NULL,
  `notes` tinytext COLLATE utf8_unicode_ci,
  `data` mediumtext COLLATE utf8_unicode_ci NOT NULL,
  `dateCreated` datetime NOT NULL,
  `dateUpdated` datetime NOT NULL,
  `uid` char(36) COLLATE utf8_unicode_ci NOT NULL DEFAULT '0',
  PRIMARY KEY (`id`),
  KEY `entryversions_entryId_locale_idx` (`entryId`,`locale`),
  KEY `entryversions_sectionId_fk` (`sectionId`),
  KEY `entryversions_creatorId_fk` (`creatorId`),
  KEY `entryversions_locale_fk` (`locale`)
) ENGINE=InnoDB AUTO_INCREMENT=37 DEFAULT CHARSET=utf8 COLLATE=utf8_unicode_ci;

--
-- Data for table `entryversions`
--

INSERT INTO `entryversions` (`id`, `entryId`, `sectionId`, `creatorId`, `locale`, `num`, `notes`, `data`, `dateCreated`, `dateUpdated`, `uid`) VALUES ('1', '18', '4', '1', 'en_us', '1', '', '{\"typeId\":\"4\",\"authorId\":\"1\",\"title\":\"A Doohickey for Flim Flams\",\"slug\":\"a-doohickey-for-flim-flams\",\"postDate\":1409329024,\"expiryDate\":null,\"enabled\":1,\"fields\":{\"2\":\"<p>Earlier this year, AKQA approached us about a neato gadget idea that they hoped would get market share for the midget bowler outfitter Short Strikers to an all-time high.<\\/p><p>Of course, we have balls and they have balls, so we jumped right on it.<\\/p>\",\"20\":\"AKQA\",\"21\":\"<p>In summary, midgets are awesome.<\\/p>\",\"1\":\"Working with blah blah, this doohickey that we spewed widgetized the flim flam industry.\",\"16\":\"\",\"3\":[\"16\",\"17\"]}}', '2014-08-29 16:17:05', '2014-08-29 16:17:05', '416d4d9c-3307-4eda-86b7-456d1cd3c010');
INSERT INTO `entryversions` (`id`, `entryId`, `sectionId`, `creatorId`, `locale`, `num`, `notes`, `data`, `dateCreated`, `dateUpdated`, `uid`) VALUES ('2', '19', '4', '1', 'en_us', '1', '', '{\"typeId\":\"4\",\"authorId\":\"1\",\"title\":\"Hooha Diddy is a dee tamey\",\"slug\":\"hooha-diddy-is-a-dee-tamey\",\"postDate\":1409329438,\"expiryDate\":null,\"enabled\":1,\"fields\":{\"2\":\"<p>Sometimes you feel like a nut.<\\/p><p>Sometimes you don\'t.<\\/p>\",\"20\":\"Boeing\",\"21\":\"<p>In conclusion, booyakasha.<\\/p>\",\"1\":\"This hooha is one to end all hoohas\",\"16\":\"\",\"3\":\"\"}}', '2014-08-29 16:23:58', '2014-08-29 16:23:58', 'b0c86007-04f1-47f1-a4d4-94b6dfc0eaf2');
INSERT INTO `entryversions` (`id`, `entryId`, `sectionId`, `creatorId`, `locale`, `num`, `notes`, `data`, `dateCreated`, `dateUpdated`, `uid`) VALUES ('3', '19', '4', '1', 'en_us', '2', '', '{\"typeId\":\"4\",\"authorId\":\"1\",\"title\":\"Hooha Diddy is a Dee Tamey\",\"slug\":\"hooha-diddy-is-a-dee-tamey\",\"postDate\":1409329380,\"expiryDate\":null,\"enabled\":1,\"fields\":{\"2\":\"<p>Sometimes you feel like a nut.<\\/p><p>Sometimes you don\'t.<\\/p>\",\"20\":\"Boeing\",\"21\":\"<p>In conclusion, booyakasha.<\\/p>\",\"1\":\"This hooha is one to end all hoohas\",\"16\":\"\",\"3\":\"\"}}', '2014-08-29 16:27:17', '2014-08-29 16:27:17', 'a0d6fbc3-8454-4f31-be7f-0f23ceb79d65');
INSERT INTO `entryversions` (`id`, `entryId`, `sectionId`, `creatorId`, `locale`, `num`, `notes`, `data`, `dateCreated`, `dateUpdated`, `uid`) VALUES ('4', '20', '3', '1', 'en_us', '1', '', '{\"typeId\":\"7\",\"authorId\":\"1\",\"title\":\"Cheez Whiz is Really Good on Celery Hearts, Y\'all!\",\"slug\":\"cheez-whiz-is-really-good-on-celery-hearts-yall\",\"postDate\":1409334079,\"expiryDate\":null,\"enabled\":1,\"fields\":{\"2\":\"<p>It really is nice. &nbsp;Gooey, cheesy, and you\'ll get nice and fat.<\\/p><p>Trust.<\\/p>\",\"17\":[\"8\"],\"21\":\"<p>Get some!<\\/p>\",\"1\":\"\",\"19\":\"\",\"16\":\"Heat it up in the micro, lads... then dip in that wacky celery that you\'re so fond of.\",\"3\":\"\"}}', '2014-08-29 17:41:20', '2014-08-29 17:41:20', '3d87c66d-ce6a-41b1-9783-c9d1a1f982d8');
INSERT INTO `entryversions` (`id`, `entryId`, `sectionId`, `creatorId`, `locale`, `num`, `notes`, `data`, `dateCreated`, `dateUpdated`, `uid`) VALUES ('5', '21', '3', '1', 'en_us', '1', '', '{\"typeId\":\"11\",\"authorId\":\"1\",\"title\":\"Blammo\",\"slug\":\"blammo\",\"postDate\":1409345529,\"expiryDate\":null,\"enabled\":1,\"fields\":{\"17\":[\"10\"],\"1\":\"\",\"3\":\"\",\"22\":\"http:\\/\\/youtu.be\\/fv--npievoI\"}}', '2014-08-29 20:52:09', '2014-08-29 20:52:09', '34b3b001-2d06-43ea-b864-f2ee4dc6da21');
INSERT INTO `entryversions` (`id`, `entryId`, `sectionId`, `creatorId`, `locale`, `num`, `notes`, `data`, `dateCreated`, `dateUpdated`, `uid`) VALUES ('6', '22', '3', '1', 'en_us', '1', '', '{\"typeId\":\"12\",\"authorId\":\"1\",\"title\":\"A Gallery Post Test\",\"slug\":\"a-gallery-post-test\",\"postDate\":1409345636,\"expiryDate\":null,\"enabled\":1,\"fields\":{\"17\":[\"6\"],\"23\":\"<ul><li>image<\\/li><li>image<\\/li><li>image<\\/li><\\/ul>\",\"1\":\"\",\"3\":\"\"}}', '2014-08-29 20:53:56', '2014-08-29 20:53:56', 'ba899686-a974-4b84-b1c2-bbf72fa3cb72');
INSERT INTO `entryversions` (`id`, `entryId`, `sectionId`, `creatorId`, `locale`, `num`, `notes`, `data`, `dateCreated`, `dateUpdated`, `uid`) VALUES ('7', '21', '3', '1', 'en_us', '2', '', '{\"typeId\":\"11\",\"authorId\":\"1\",\"title\":\"A Video Post Test\",\"slug\":\"blammo\",\"postDate\":1409345520,\"expiryDate\":null,\"enabled\":1,\"fields\":{\"17\":[\"10\"],\"1\":\"\",\"3\":\"\",\"22\":\"http:\\/\\/youtu.be\\/fv--npievoI\"}}', '2014-08-29 20:54:41', '2014-08-29 20:54:41', '971a8998-a2f4-48d4-98b2-2bdbe062af7c');
INSERT INTO `entryversions` (`id`, `entryId`, `sectionId`, `creatorId`, `locale`, `num`, `notes`, `data`, `dateCreated`, `dateUpdated`, `uid`) VALUES ('8', '21', '3', '1', 'en_us', '3', '', '{\"typeId\":\"11\",\"authorId\":\"1\",\"title\":\"A Video Post Test\",\"slug\":\"a-video-post-test\",\"postDate\":1409345520,\"expiryDate\":null,\"enabled\":1,\"fields\":{\"17\":[\"10\"],\"1\":\"\",\"3\":\"\",\"22\":\"http:\\/\\/youtu.be\\/fv--npievoI\"}}', '2014-08-29 20:55:06', '2014-08-29 20:55:06', '683bc05d-8ea1-4d9d-ab33-c96fa196f0ab');
INSERT INTO `entryversions` (`id`, `entryId`, `sectionId`, `creatorId`, `locale`, `num`, `notes`, `data`, `dateCreated`, `dateUpdated`, `uid`) VALUES ('9', '18', '4', '1', 'en_us', '2', '', '{\"typeId\":\"10\",\"authorId\":\"1\",\"title\":\"A Doohickey for Flim Flams\",\"slug\":\"a-doohickey-for-flim-flams\",\"postDate\":1409329020,\"expiryDate\":null,\"enabled\":1,\"fields\":{\"2\":\"<p>Earlier this year, AKQA approached us about a neato gadget idea that they hoped would get market share for the midget bowler outfitter Short Strikers to an all-time high.<\\/p><p>Of course, we have balls and they have balls, so we jumped right on it.<\\/p>\",\"20\":\"AKQA\",\"21\":\"<p>In summary, midgets are awesome.<\\/p>\",\"1\":\"Working with blah blah, this doohickey that we spewed widgetized the flim flam industry.\",\"16\":\"\",\"3\":[\"16\",\"17\"]}}', '2014-08-29 22:24:09', '2014-08-29 22:24:09', '4dce8d35-02ef-4590-98da-420b939af01f');
INSERT INTO `entryversions` (`id`, `entryId`, `sectionId`, `creatorId`, `locale`, `num`, `notes`, `data`, `dateCreated`, `dateUpdated`, `uid`) VALUES ('10', '18', '4', '1', 'en_us', '3', '', '{\"typeId\":\"10\",\"authorId\":\"1\",\"title\":\"A Doohickey for Flim Flams\",\"slug\":\"a-doohickey-for-flim-flams\",\"postDate\":1409329020,\"expiryDate\":null,\"enabled\":1,\"fields\":{\"2\":\"<p>Earlier this year, AKQA approached us about a neato gadget idea that they hoped would get market share for the midget bowler outfitter Short Strikers to an all-time high.<\\/p><p>Of course, we have balls and they have balls, so we jumped right on it.<\\/p><pre class=\\\"code-css\\\">.foo {color: #555555;}<\\/pre>\",\"20\":\"AKQA\",\"21\":\"<p>In summary, midgets are awesome.<\\/p>\",\"1\":\"Working with blah blah, this doohickey that we spewed widgetized the flim flam industry.\",\"16\":\"\",\"3\":[\"16\",\"17\"]}}', '2014-09-03 13:52:21', '2014-09-03 13:52:21', '761f180e-d549-42eb-9c6d-7ac6a6cbfcd6');
INSERT INTO `entryversions` (`id`, `entryId`, `sectionId`, `creatorId`, `locale`, `num`, `notes`, `data`, `dateCreated`, `dateUpdated`, `uid`) VALUES ('11', '5', '5', '1', 'en_us', '1', '', '{\"typeId\":\"5\",\"authorId\":null,\"title\":\"About Us\",\"slug\":\"about\",\"postDate\":1409256463,\"expiryDate\":null,\"enabled\":1,\"fields\":{\"27\":\"Our Capabilities\",\"29\":\"<p>Normally, both your asses would be dead as fucking fried chicken, but you happened to pull this shit while I\'m in a transitional period so I don\'t wanna kill you, I wanna help you. But I can\'t give you this case, it don\'t belong to me. Besides, I\'ve already been through too much shit this morning over this case to hand it over to your dumb ass.<\\/p>\",\"30\":\"<ul><li>Strategy<\\/li><li>Video Production<\\/li><li>Photography<\\/li><li>Mobile Development<\\/li><li>UI Design<\\/li><li>Web Development<\\/li><li>Data Visualization<\\/li><li>UX Design<\\/li><li>Research<\\/li><li>Info Architecture<\\/li><li>Enterprise<\\/li><li>Retail Design<\\/li><li>Rapid Prototyping<\\/li><li>Model Making<\\/li><li>Brainstorming<\\/li><li>Application Development<\\/li><li>Product Engineering<\\/li><li>Industrial Design<\\/li><\\/ul>\",\"28\":\"\",\"50\":\"Our Clients\",\"52\":\"<p>Now that there is the Tec-9, a crappy spray gun from South Miami. This gun is advertised as the most popular gun in American crime. Do you believe that shit? It actually says that in the little book that comes with it: the most popular gun in American crime. Like they\'re actually proud of that shit.<\\/p>\",\"53\":\"<ul><li>Boeing<\\/li><li>UL<\\/li><li>JWT<\\/li><li>Acquity Group<\\/li><li>AKQA<\\/li><li>NOAA<\\/li><li>Expedia<\\/li><li>US DOS<\\/li><li>Nordstrom<\\/li><li>Celebrity Cruises<\\/li><\\/ul>\",\"51\":\"\",\"40\":\"Design & Development\",\"43\":\"<p>Your bones don\'t break, mine do. That\'s clear. Your cells react to bacteria and viruses differently than mine. You don\'t get sick, I do. That\'s also clear. But for some reason, you and I react the exact same way to water. We swallow it too fast, we choke. We get some in our lungs, we drown. However unreal it may seem, we are connected, you and I. We\'re on the same curve, just on opposite ends.<\\/p>\",\"44\":\"<ul>\\r\\n\\t<li>UI Design<\\/li>\\r\\n\\t<li>Web Development<\\/li>\\r\\n\\t<li>Data Visualization<\\/li>\\r\\n\\t<li>Application Development<\\/li>\\r\\n\\t<li>Rapid Prototyping<\\/li>\\r\\n\\t<li>Retail Design<\\/li>\\r\\n\\t<li>Industrial Design<\\/li>\\r\\n\\t<li>Product Engineering<\\/li>\\r\\n<\\/ul>\",\"42\":\"\",\"41\":\"Your face needs design and development!\",\"36\":\"Discover & Define\",\"38\":\"<p>Do you see any Teletubbies in here? Do you see a slender plastic tag clipped to my shirt with my name printed on it? Do you see a little Asian child with a blank expression on his face sitting outside on a mechanical helicopter that shakes when you put quarters in it? No? Well, that\'s what you see at a toy store. And you must think you\'re in a toy store, because you\'re here shopping for an infant named Jeb.<\\/p>\",\"39\":\"<ul>\\r\\n\\t<li>Strategy<\\/li>\\r\\n\\t<li>Research<\\/li>\\r\\n\\t<li>Communication &amp; Collaboration<\\/li>\\r\\n\\t<li>UX Design<\\/li>\\r\\n\\t<li>Info Architecture<\\/li>\\r\\n\\t<li>Brainstorming<\\/li>\\r\\n\\t<li>Rapid Prototyping<\\/li>\\r\\n\\t<li>Model Making<\\/li>\\r\\n<\\/ul>\",\"35\":\"\",\"37\":\"You can\'t solve a puzzle without the correct pieces.\",\"1\":\"We make sh*t happen.\",\"26\":\"<p>My money\'s in that office, right? If she start giving me some bullshit about it ain\'t there, and we got to go someplace else and get it, I\'m gonna shoot you in the head then and there. Then I\'m gonna shoot that bitch in the kneecaps, find out where my goddamn money is.<\\/p>\",\"24\":\"\",\"25\":\"\",\"45\":\"Measure & Improve\",\"48\":\"<p>Well, the way they make shows is, they make one show. That show\'s called a pilot. Then they show that show to the people who make shows, and on the strength of that one show they decide if they\'re going to make more shows. Some pilots get picked and become television programs. Some don\'t, become nothing. She starred in one of the ones that became nothing.<\\/p>\",\"49\":\"<ul><li>Details Here<\\/li><\\/ul>\",\"47\":\"\",\"46\":\"\",\"34\":\"<p>\\r\\n\\t<figure>\\r\\n\\t<img src=\\\"http:\\/\\/lorempixel.com\\/output\\/animals-q-g-320-240-6.jpg\\\">\\r\\n\\t<figcaption>FIGURE CAPTION<\\/figcaption><\\/figure>\\r\\n<\\/p>\",\"31\":\"Our Process\",\"33\":\"<p>Now that we know who you are, I know who I am. I\'m not a mistake! It all makes sense! In a comic, you know how you can tell who the arch-villain\'s going to be? He\'s the exact opposite of the hero. And most times they\'re friends, like you and me! I should\'ve known way back when... You know why, David? Because of the kids. They called me Mr Glass.<\\/p>\",\"32\":\"\",\"54\":\"Our Team\",\"56\":\"<p>The path of the righteous man is beset on all sides by the iniquities of the selfish and the tyranny of evil men. Blessed is he who, in the name of charity and good will, shepherds the weak through the valley of darkness, for he is truly his brother\'s keeper and the finder of lost children. And I will strike down upon thee with great vengeance and furious anger those who would attempt to poison and destroy My brothers. And you will know My name is the Lord when I lay My vengeance upon thee.<\\/p>\",\"55\":\"\"}}', '2014-09-05 20:31:30', '2014-09-05 20:31:30', '3bc2d24e-a540-40be-aec2-700ea0ce2f6b');
INSERT INTO `entryversions` (`id`, `entryId`, `sectionId`, `creatorId`, `locale`, `num`, `notes`, `data`, `dateCreated`, `dateUpdated`, `uid`) VALUES ('12', '4', '6', '1', 'en_us', '1', '', '{\"typeId\":\"6\",\"authorId\":null,\"title\":\"Contact\",\"slug\":\"contact\",\"postDate\":1409256250,\"expiryDate\":null,\"enabled\":1,\"fields\":{\"57\":\"3250 NE 1st Ave, Suite 305\",\"59\":\"Miami, FL 33137\",\"1\":\"Say Hello\",\"58\":\"786.268.9504\"}}', '2014-09-05 20:32:43', '2014-09-05 20:32:43', 'de74bcc3-8f3c-48bf-8297-5ba62bf66e7e');
INSERT INTO `entryversions` (`id`, `entryId`, `sectionId`, `creatorId`, `locale`, `num`, `notes`, `data`, `dateCreated`, `dateUpdated`, `uid`) VALUES ('13', '2', '1', '1', 'en_us', '1', '', '{\"typeId\":\"1\",\"authorId\":null,\"title\":\"Home\",\"slug\":\"homepage\",\"postDate\":1406212256,\"expiryDate\":null,\"enabled\":1,\"fields\":{\"2\":\"<p>Something something<\\/p>\",\"1\":\"We Champion the User, One Pixel at a Time.\"}}', '2014-09-05 20:45:51', '2014-09-05 20:45:51', 'c4f03d46-74f9-42d7-bce6-2893b00a76af');
INSERT INTO `entryversions` (`id`, `entryId`, `sectionId`, `creatorId`, `locale`, `num`, `notes`, `data`, `dateCreated`, `dateUpdated`, `uid`) VALUES ('14', '5', '5', '1', 'en_us', '2', '', '{\"typeId\":\"5\",\"authorId\":null,\"title\":\"About Us\",\"slug\":\"about\",\"postDate\":1409256463,\"expiryDate\":null,\"enabled\":1,\"fields\":{\"27\":\"Our Capabilities\",\"29\":\"<p>Normally, both your asses would be dead as fucking fried chicken, but you happened to pull this shit while I\'m in a transitional period so I don\'t wanna kill you, I wanna help you. But I can\'t give you this case, it don\'t belong to me. Besides, I\'ve already been through too much shit this morning over this case to hand it over to your dumb ass.<\\/p>\",\"30\":\"<ul>\\r\\n\\t<li class=\\\"strategy xd\\\">Strategy<\\/li>\\r\\n\\t<li class=\\\"videography xd\\\">Video Production<\\/li>\\r\\n\\t<li class=\\\"photography xd\\\">Photography<\\/li>\\r\\n\\t<li class=\\\"mobile xd\\\">Mobile Development<\\/li>\\r\\n\\t<li class=\\\"ui xd\\\">UI Design<\\/li>\\r\\n\\t<li class=\\\"web xd\\\">Web Development<\\/li>\\r\\n\\t<li class=\\\"web xd\\\">Data Visualization<\\/li>\\r\\n\\t<li class=\\\"ux xd\\\">UX Design<\\/li>\\r\\n\\t<li class=\\\"research xd\\\">Research<\\/li>\\r\\n\\t<li class=\\\"ia xd\\\">Info Architecture<\\/li>\\r\\n\\t<li class=\\\"enterprise xd\\\">Enterprise<\\/li>\\r\\n\\t<li class=\\\"retail id\\\">Retail Design<\\/li>\\r\\n\\t<li class=\\\"rapid xd\\\">Rapid Prototyping<\\/li>\\r\\n\\t<li class=\\\"model id\\\">Model Making<\\/li>\\r\\n\\t<li class=\\\"brainstorming xd-id\\\">Brainstorming<\\/li>\\r\\n\\t<li class=\\\"application xd\\\">Application Development<\\/li>\\r\\n\\t<li class=\\\"product id\\\">Product Engineering<\\/li>\\r\\n\\t<li class=\\\"industrial id\\\">Industrial Design<\\/li>\\r\\n<\\/ul>\",\"28\":\"\",\"50\":\"Our Clients\",\"52\":\"<p>Now that there is the Tec-9, a crappy spray gun from South Miami. This gun is advertised as the most popular gun in American crime. Do you believe that shit? It actually says that in the little book that comes with it: the most popular gun in American crime. Like they\'re actually proud of that shit.<\\/p>\",\"53\":\"<ul>\\r\\n<li>Boeing<\\/li><li>UL<\\/li><li>JWT<\\/li><li>Acquity Group<\\/li><li>AKQA<\\/li><li>NOAA<\\/li><li>Expedia<\\/li><li>US DOS<\\/li><li>Nordstrom<\\/li><li>Celebrity Cruises<\\/li><\\/ul>\",\"51\":\"\",\"40\":\"Design & Development\",\"43\":\"<p>Your bones don\'t break, mine do. That\'s clear. Your cells react to bacteria and viruses differently than mine. You don\'t get sick, I do. That\'s also clear. But for some reason, you and I react the exact same way to water. We swallow it too fast, we choke. We get some in our lungs, we drown. However unreal it may seem, we are connected, you and I. We\'re on the same curve, just on opposite ends.<\\/p>\",\"44\":\"<ul>\\r\\n\\t\\r\\n<li>UI Design<\\/li>\\t\\r\\n<li>Web Development<\\/li>\\t\\r\\n<li>Data Visualization<\\/li>\\t\\r\\n<li>Application Development<\\/li>\\t\\r\\n<li>Rapid Prototyping<\\/li>\\t\\r\\n<li>Retail Design<\\/li>\\t\\r\\n<li>Industrial Design<\\/li>\\t\\r\\n<li>Product Engineering<\\/li><\\/ul>\",\"42\":\"\",\"41\":\"Your face needs design and development!\",\"36\":\"Discover & Define\",\"38\":\"<p>Do you see any Teletubbies in here? Do you see a slender plastic tag clipped to my shirt with my name printed on it? Do you see a little Asian child with a blank expression on his face sitting outside on a mechanical helicopter that shakes when you put quarters in it? No? Well, that\'s what you see at a toy store. And you must think you\'re in a toy store, because you\'re here shopping for an infant named Jeb.<\\/p>\",\"39\":\"<ul>\\r\\n\\t\\r\\n<li>Strategy<\\/li>\\t\\r\\n<li>Research<\\/li>\\t\\r\\n<li>Communication &amp; Collaboration<\\/li>\\t\\r\\n<li>UX Design<\\/li>\\t\\r\\n<li>Info Architecture<\\/li>\\t\\r\\n<li>Brainstorming<\\/li>\\t\\r\\n<li>Rapid Prototyping<\\/li>\\t\\r\\n<li>Model Making<\\/li><\\/ul>\",\"35\":\"\",\"37\":\"You can\'t solve a puzzle without the correct pieces.\",\"1\":\"We make sh*t happen.\",\"26\":\"<p>My money\'s in that office, right? If she start giving me some bullshit about it ain\'t there, and we got to go someplace else and get it, I\'m gonna shoot you in the head then and there. Then I\'m gonna shoot that bitch in the kneecaps, find out where my goddamn money is.<\\/p>\",\"24\":\"\",\"25\":\"\",\"45\":\"Measure & Improve\",\"48\":\"<p>Well, the way they make shows is, they make one show. That show\'s called a pilot. Then they show that show to the people who make shows, and on the strength of that one show they decide if they\'re going to make more shows. Some pilots get picked and become television programs. Some don\'t, become nothing. She starred in one of the ones that became nothing.<\\/p>\",\"49\":\"<ul>\\r\\n<li>Details Here<\\/li><\\/ul>\",\"47\":\"\",\"46\":\"\",\"34\":\"<figure>\\r\\n\\t<img src=\\\"http:\\/\\/lorempixel.com\\/output\\/animals-q-g-320-240-6.jpg\\\">\\r\\n\\t\\r\\n<figcaption>FIGURE CAPTION<\\/figcaption><\\/figure>\",\"31\":\"Our Process\",\"33\":\"<p>Now that we know who you are, I know who I am. I\'m not a mistake! It all makes sense! In a comic, you know how you can tell who the arch-villain\'s going to be? He\'s the exact opposite of the hero. And most times they\'re friends, like you and me! I should\'ve known way back when... You know why, David? Because of the kids. They called me Mr Glass.<\\/p>\",\"32\":\"\",\"54\":\"Our Team\",\"56\":\"<p>The path of the righteous man is beset on all sides by the iniquities of the selfish and the tyranny of evil men. Blessed is he who, in the name of charity and good will, shepherds the weak through the valley of darkness, for he is truly his brother\'s keeper and the finder of lost children. And I will strike down upon thee with great vengeance and furious anger those who would attempt to poison and destroy My brothers. And you will know My name is the Lord when I lay My vengeance upon thee.<\\/p>\",\"55\":\"\"}}', '2014-09-08 22:02:32', '2014-09-08 22:02:32', '46ec309d-f543-4543-a1d4-3f63512af160');
INSERT INTO `entryversions` (`id`, `entryId`, `sectionId`, `creatorId`, `locale`, `num`, `notes`, `data`, `dateCreated`, `dateUpdated`, `uid`) VALUES ('15', '5', '5', '1', 'en_us', '3', '', '{\"typeId\":\"5\",\"authorId\":null,\"title\":\"About Us\",\"slug\":\"about\",\"postDate\":1409256463,\"expiryDate\":null,\"enabled\":1,\"fields\":{\"27\":\"Our Capabilities\",\"29\":\"<p>Normally, both your asses would be dead as fucking fried chicken, but you happened to pull this shit while I\'m in a transitional period so I don\'t wanna kill you, I wanna help you. But I can\'t give you this case, it don\'t belong to me. Besides, I\'ve already been through too much shit this morning over this case to hand it over to your dumb ass.<\\/p>\",\"30\":\"<ul>\\r\\n\\t\\r\\n<li class=\\\"strategy xd\\\">Strategy<\\/li>\\t\\r\\n<li class=\\\"videography xd\\\">Video Production<\\/li>\\t\\r\\n<li class=\\\"photography xd\\\">Photography<\\/li>\\t\\r\\n<li class=\\\"mobile xd\\\">Mobile Development<\\/li>\\t\\r\\n<li class=\\\"ui xd\\\">UI Design<\\/li>\\t\\r\\n<li class=\\\"web xd\\\">Web Development<\\/li>\\t\\r\\n<li class=\\\"web xd\\\">Data Visualization<\\/li>\\t\\r\\n<li class=\\\"ux xd\\\">UX Design<\\/li>\\t\\r\\n<li class=\\\"research xd\\\">Research<\\/li>\\t\\r\\n<li class=\\\"ia xd\\\">Info Architecture<\\/li>\\t\\r\\n<li class=\\\"enterprise xd\\\">Enterprise<\\/li>\\t\\r\\n<li class=\\\"retail id\\\">Retail Design<\\/li>\\t\\r\\n<li class=\\\"rapid xd\\\">Rapid Prototyping<\\/li>\\t\\r\\n<li class=\\\"model id\\\">Model Making<\\/li>\\t\\r\\n<li class=\\\"brainstorming xd-id\\\">Brainstorming<\\/li>\\t\\r\\n<li class=\\\"application xd\\\">Application Development<\\/li>\\t\\r\\n<li class=\\\"product id\\\">Product Engineering<\\/li>\\t\\r\\n<li class=\\\"industrial id\\\">Industrial Design<\\/li><\\/ul>\",\"28\":\"\",\"50\":\"Our Clients\",\"52\":\"<p>Now that there is the Tec-9, a crappy spray gun from South Miami. This gun is advertised as the most popular gun in American crime. Do you believe that shit? It actually says that in the little book that comes with it: the most popular gun in American crime. Like they\'re actually proud of that shit.<\\/p>\",\"53\":\"<ul><li>Boeing<\\/li><li>UL<\\/li><li>JWT<\\/li><li>Acquity Group<\\/li><li>AKQA<\\/li><li>NOAA<\\/li><li>Expedia<\\/li><li>US DOS<\\/li><li>Nordstrom<\\/li><li>Celebrity Cruises<\\/li><\\/ul>\",\"51\":\"\",\"40\":\"Design & Development\",\"43\":\"<p>Your bones don\'t break, mine do. That\'s clear. Your cells react to bacteria and viruses differently than mine. You don\'t get sick, I do. That\'s also clear. But for some reason, you and I react the exact same way to water. We swallow it too fast, we choke. We get some in our lungs, we drown. However unreal it may seem, we are connected, you and I. We\'re on the same curve, just on opposite ends.<\\/p>\",\"44\":\"<ul>\\r\\n\\t<li>UI Design<\\/li>\\t<li>Web Development<\\/li>\\t<li>Data Visualization<\\/li>\\t<li>Application Development<\\/li>\\t<li>Rapid Prototyping<\\/li>\\t<li>Retail Design<\\/li>\\t<li>Industrial Design<\\/li>\\t<li>Product Engineering<\\/li><\\/ul>\",\"42\":\"\",\"41\":\"Your face needs design and development!\",\"36\":\"Discover & Define\",\"38\":\"<p>Do you see any Teletubbies in here? Do you see a slender plastic tag clipped to my shirt with my name printed on it? Do you see a little Asian child with a blank expression on his face sitting outside on a mechanical helicopter that shakes when you put quarters in it? No? Well, that\'s what you see at a toy store. And you must think you\'re in a toy store, because you\'re here shopping for an infant named Jeb.<\\/p>\",\"39\":\"<ul>\\r\\n\\t<li>Strategy<\\/li>\\r\\n\\t<li>Research<\\/li>\\r\\n\\t<li>Communication &amp; Collaboration<\\/li>\\r\\n\\t<li>UX Design<\\/li>\\r\\n\\t<li>Info Architecture<\\/li>\\r\\n\\t<li>Brainstorming<\\/li>\\r\\n\\t<li>Rapid Prototyping<\\/li>\\r\\n\\t<li>Model Making<\\/li>\\r\\n<\\/ul>\",\"35\":\"\",\"37\":\"You can\'t solve a puzzle without the correct pieces.\",\"1\":\"We make sh*t happen.\",\"26\":\"<p>My money\'s in that office, right? If she start giving me some bullshit about it ain\'t there, and we got to go someplace else and get it, I\'m gonna shoot you in the head then and there. Then I\'m gonna shoot that bitch in the kneecaps, find out where my goddamn money is.<\\/p>\",\"24\":\"\",\"25\":\"\",\"45\":\"Measure & Improve\",\"48\":\"<p>Well, the way they make shows is, they make one show. That show\'s called a pilot. Then they show that show to the people who make shows, and on the strength of that one show they decide if they\'re going to make more shows. Some pilots get picked and become television programs. Some don\'t, become nothing. She starred in one of the ones that became nothing.<\\/p>\",\"49\":\"<ul><li>Details Here<\\/li><\\/ul>\",\"47\":\"\",\"46\":\"\",\"34\":\"<figure>\\r\\n<img src=\\\"http:\\/\\/lorempixel.com\\/g\\/320\\/240\\/animals\\\"><figcaption>FIGURE CAPTION<\\/figcaption><\\/figure>\",\"31\":\"Our Process\",\"33\":\"<p>Now that we know who you are, I know who I am. I\'m not a mistake! It all makes sense! In a comic, you know how you can tell who the arch-villain\'s going to be? He\'s the exact opposite of the hero. And most times they\'re friends, like you and me! I should\'ve known way back when... You know why, David? Because of the kids. They called me Mr Glass.<\\/p>\",\"32\":\"\",\"54\":\"Our Team\",\"56\":\"<p>The path of the righteous man is beset on all sides by the iniquities of the selfish and the tyranny of evil men. Blessed is he who, in the name of charity and good will, shepherds the weak through the valley of darkness, for he is truly his brother\'s keeper and the finder of lost children. And I will strike down upon thee with great vengeance and furious anger those who would attempt to poison and destroy My brothers. And you will know My name is the Lord when I lay My vengeance upon thee.<\\/p>\",\"55\":\"\"}}', '2014-09-16 22:12:15', '2014-09-16 22:12:15', 'c0660765-547c-40ba-b2ee-59ca7d42e77b');
INSERT INTO `entryversions` (`id`, `entryId`, `sectionId`, `creatorId`, `locale`, `num`, `notes`, `data`, `dateCreated`, `dateUpdated`, `uid`) VALUES ('16', '22', '3', '1', 'en_us', '2', '', '{\"typeId\":\"12\",\"authorId\":\"1\",\"title\":\"A Gallery Post Test\",\"slug\":\"a-gallery-post-test\",\"postDate\":1409345580,\"expiryDate\":null,\"enabled\":1,\"fields\":{\"61\":\"#000000\",\"60\":\"1\",\"17\":[\"6\"],\"23\":\"<ul>\\r\\n<li>image<\\/li><li>image<\\/li><li>image<\\/li><\\/ul>\",\"1\":\"\",\"62\":\"1\",\"3\":\"\"}}', '2014-09-17 19:01:06', '2014-09-17 19:01:06', 'f18f527b-b71e-43e6-8c4c-97bd9b356115');
INSERT INTO `entryversions` (`id`, `entryId`, `sectionId`, `creatorId`, `locale`, `num`, `notes`, `data`, `dateCreated`, `dateUpdated`, `uid`) VALUES ('17', '20', '3', '1', 'en_us', '2', '', '{\"typeId\":\"7\",\"authorId\":\"1\",\"title\":\"Cheez Whiz is Really Good on Celery Hearts, Y\'all!\",\"slug\":\"cheez-whiz-is-really-good-on-celery-hearts-yall\",\"postDate\":1409334060,\"expiryDate\":null,\"enabled\":1,\"fields\":{\"61\":\"#000000\",\"60\":\"1\",\"2\":\"<p>It really is nice. &nbsp;Gooey, cheesy, and you\'ll get nice and fat.<\\/p><p>Trust.<\\/p>\",\"17\":[\"8\"],\"21\":\"<p>Get some!<\\/p>\",\"1\":\"Some find that the cheese is right in front of them their whole lives.\",\"62\":\"\",\"19\":\"\",\"16\":\"Heat it up in the micro, lads... then dip in that wacky celery that you\'re so fond of.\",\"3\":\"\"}}', '2014-09-18 13:27:58', '2014-09-18 13:27:58', 'ab48e351-f4e6-4238-b3ae-a13b7f554c28');
INSERT INTO `entryversions` (`id`, `entryId`, `sectionId`, `creatorId`, `locale`, `num`, `notes`, `data`, `dateCreated`, `dateUpdated`, `uid`) VALUES ('18', '20', '3', '1', 'en_us', '3', '', '{\"typeId\":\"7\",\"authorId\":\"1\",\"title\":\"Cheez Whiz is Really Good on Celery Hearts, Y\'all!\",\"slug\":\"cheez-whiz-is-really-good-on-celery-hearts-yall\",\"postDate\":1409334060,\"expiryDate\":null,\"enabled\":1,\"fields\":{\"61\":\"#000000\",\"60\":\"1\",\"2\":\"<p>It really is nice. &nbsp;Gooey, cheesy, and you\'ll get nice and fat.<\\/p><p>Trust.<\\/p>\",\"17\":[\"8\"],\"21\":\"<p>Get some!<\\/p>\",\"1\":\"\",\"62\":\"\",\"19\":\"\",\"16\":\"Heat it up in the micro, lads... then dip in that wacky celery that you\'re so fond of.\",\"3\":\"\"}}', '2014-09-18 14:36:40', '2014-09-18 14:36:40', '3682cf03-f4be-4605-aacb-c4c46638485a');
INSERT INTO `entryversions` (`id`, `entryId`, `sectionId`, `creatorId`, `locale`, `num`, `notes`, `data`, `dateCreated`, `dateUpdated`, `uid`) VALUES ('19', '20', '3', '1', 'en_us', '4', '', '{\"typeId\":\"7\",\"authorId\":\"1\",\"title\":\"Cheez Whiz is Really Good on Celery Hearts, Y\'all!\",\"slug\":\"cheez-whiz-is-really-good-on-celery-hearts-yall\",\"postDate\":1409334060,\"expiryDate\":null,\"enabled\":1,\"fields\":{\"61\":\"#000000\",\"60\":\"1\",\"2\":\"<p>It really is nice. &nbsp;Gooey, cheesy, and you\'ll get nice and fat.<\\/p><p>Trust.<\\/p>\",\"17\":[\"8\"],\"21\":\"<p>Get some!<\\/p>\",\"1\":\"Some find that the cheese is right in front of them their whole lives.\",\"62\":\"\",\"19\":\"\",\"16\":\"Heat it up in the micro, lads... then dip in that wacky celery that you\'re so fond of.\",\"3\":\"\"}}', '2014-09-18 14:37:12', '2014-09-18 14:37:12', '9ef6b90a-8dfd-4964-8576-942148047469');
INSERT INTO `entryversions` (`id`, `entryId`, `sectionId`, `creatorId`, `locale`, `num`, `notes`, `data`, `dateCreated`, `dateUpdated`, `uid`) VALUES ('20', '20', '3', '1', 'en_us', '5', '', '{\"typeId\":\"7\",\"authorId\":\"1\",\"title\":\"Cheez Whiz is Really Good on Celery Hearts, Y\'all!\",\"slug\":\"cheez-whiz-is-really-good-on-celery-hearts-yall\",\"postDate\":1409334060,\"expiryDate\":null,\"enabled\":1,\"fields\":{\"61\":\"#000000\",\"60\":\"1\",\"2\":\"<p>It really is nice. &nbsp;Gooey, cheesy, and you\'ll get nice and fat.<\\/p><p>\\r\\n\\tTrust.<\\/p><h2>I am a section title<\\/h2><p>Sun bathe play time hack up furballs for climb leg. Inspect anything brought into the house stick butt in face, or under the bed lick butt. Chase imaginary bugs run in circles behind the couch sit in box or hunt by meowing loudly at 5am next to human slave food dispenser sleep in the bathroom sink. Nap all day leave fur on owners clothes swat at dog mark territory, and play time nap all day. Chew iPad power cord make muffins. Attack feet. Chew iPad power cord always hungry leave dead animals as gifts, but destroy couch. Purr while eating sit in box but inspect anything brought into the house, and under the bed shake treat bag, and all of a sudden cat goes crazy. Stick butt in face claw drapes, but leave fur on owners clothes. Favor packaging over toy hunt by meowing loudly at 5am next to human slave food dispenser, but run in circles. Have secret plans flop over. Chew foot chase mice under the bed chase dog then run away, or leave fur on owners clothes. Run in circles find something else more interesting, for missing until dinner time, cat snacks. I like big cats and i can not lie purr while eating for behind the couch, so chew iPad power cord, yet hunt anything that moves, so give attitude, or stand in front of the computer screen. Sun bathe. Sleep on keyboard leave fur on owners clothes. Swat at dog inspect anything brought into the house rub face on everything, stand in front of the computer screen leave hair everywhere, or chase dog then run away intently sniff hand. Why must they do that find something else more interesting, and chase imaginary bugs find something else more interesting.<\\/span><\\/span><\\/p><h2>Another section<\\/h2><p><span><\\/span><\\/span><\\/span>Sun bathe play time hack up furballs for climb leg. Inspect anything brought into the house stick butt in face, or under the bed lick butt. Chase imaginary bugs run in circles behind the couch sit in box or hunt by meowing loudly at 5am next to human slave food dispenser sleep in the bathroom sink. Nap all day leave fur on owners clothes swat at dog mark territory, and play time nap all day. Chew iPad power cord make muffins. Attack feet. Chew iPad power cord always hungry leave dead animals as gifts, but destroy couch. Purr while eating sit in box but inspect anything brought into the house, and under the bed shake treat bag, and all of a sudden cat goes crazy. Stick butt in face claw drapes, but leave fur on owners clothes. Favor packaging over toy hunt by meowing loudly at 5am next to human slave food dispenser, but run in circles. Have secret plans flop over. Chew foot chase mice under the bed chase dog then run away, or leave fur on owners clothes. Run in circles find something else more interesting, for missing until dinner time, cat snacks. I like big cats and i can not lie purr while eating for behind the couch, so chew iPad power cord, yet hunt anything that moves, so give attitude, or stand in front of the computer screen. Sun bathe. Sleep on keyboard leave fur on owners clothes. Swat at dog inspect anything brought into the house rub face on everything, stand in front of the computer screen leave hair everywhere, or chase dog then run away intently sniff hand. Why must they do that find something else more interesting, and chase imaginary bugs find something else more interesting.<\\/p>\",\"17\":[\"8\"],\"21\":\"<p>Get some!<\\/p>\",\"1\":\"Some find that the cheese is right in front of them their whole lives.\",\"62\":\"\",\"19\":\"\",\"16\":\"Heat it up in the micro, lads... then dip in that wacky celery that you\'re so fond of.\",\"3\":\"\"}}', '2014-09-18 18:58:29', '2014-09-18 18:58:29', 'fe884853-02ad-490a-8912-2e6d2317a55b');
INSERT INTO `entryversions` (`id`, `entryId`, `sectionId`, `creatorId`, `locale`, `num`, `notes`, `data`, `dateCreated`, `dateUpdated`, `uid`) VALUES ('21', '20', '3', '1', 'en_us', '6', '', '{\"typeId\":\"7\",\"authorId\":\"1\",\"title\":\"Cheez Whiz is Really Good on Celery Hearts, Y\'all!\",\"slug\":\"cheez-whiz-is-really-good-on-celery-hearts-yall\",\"postDate\":1409334060,\"expiryDate\":null,\"enabled\":1,\"fields\":{\"61\":\"#000000\",\"60\":\"1\",\"2\":\"<p>It really is nice. &nbsp;Gooey, cheesy, and you\'ll get nice and fat.<\\/p><p>\\r\\n\\tTrust.<\\/p><h2>I am a section title<\\/h2><p>Sun bathe play time hack up furballs for climb leg. Inspect anything brought into the house stick butt in face, or under the bed lick butt. Chase imaginary bugs run in circles behind the couch sit in box or hunt by meowing loudly at 5am next to human slave food dispenser sleep in the bathroom sink. Nap all day leave fur on owners clothes swat at dog mark territory, and play time nap all day. Chew iPad power cord make muffins. Attack feet. Chew iPad power cord always hungry leave dead animals as gifts, but destroy couch. Purr while eating sit in box but inspect anything brought into the house, and under the bed shake treat bag, and all of a sudden cat goes crazy. Stick butt in face claw drapes, but leave fur on owners clothes. Favor packaging over toy hunt by meowing loudly at 5am next to human slave food dispenser, but run in circles. Have secret plans flop over. Chew foot chase mice under the bed chase dog then run away, or leave fur on owners clothes. Run in circles find something else more interesting, for missing until dinner time, cat snacks. I like big cats and i can not lie purr while eating for behind the couch, so chew iPad power cord, yet hunt anything that moves, so give attitude, or stand in front of the computer screen. Sun bathe. Sleep on keyboard leave fur on owners clothes. Swat at dog inspect anything brought into the house rub face on everything, stand in front of the computer screen leave hair everywhere, or chase dog then run away intently sniff hand. Why must they do that find something else more interesting, and chase imaginary bugs find something else more interesting.<\\/p><h2>Another section<\\/h2><p>Sun bathe play time hack up furballs for climb leg. Inspect anything brought into the house stick butt in face, or under the bed lick butt. Chase imaginary bugs run in circles behind the couch sit in box or hunt by meowing loudly at 5am next to human slave food dispenser sleep in the bathroom sink. Nap all day leave fur on owners clothes swat at dog mark territory, and play time nap all day. Chew iPad power cord make muffins. Attack feet. Chew iPad power cord always hungry leave dead animals as gifts, but destroy couch. Purr while eating sit in box but inspect anything brought into the house, and under the bed shake treat bag, and all of a sudden cat goes crazy. Stick butt in face claw drapes, but leave fur on owners clothes. Favor packaging over toy hunt by meowing loudly at 5am next to human slave food dispenser, but run in circles. Have secret plans flop over. Chew foot chase mice under the bed chase dog then run away, or leave fur on owners clothes. Run in circles find something else more interesting, for missing until dinner time, cat snacks. I like big cats and i can not lie purr while eating for behind the couch, so chew iPad power cord, yet hunt anything that moves, so give attitude, or stand in front of the computer screen. Sun bathe. Sleep on keyboard leave fur on owners clothes. Swat at dog inspect anything brought into the house rub face on everything, stand in front of the computer screen leave hair everywhere, or chase dog then run away intently sniff hand. Why must they do that find something else more interesting, and chase imaginary bugs find something else more interesting.CODE HERE<\\/p>\",\"17\":[\"8\"],\"21\":\"<p>Get some!<\\/p>\",\"1\":\"Some find that the cheese is right in front of them their whole lives.\",\"62\":\"\",\"19\":\"\",\"16\":\"Heat it up in the micro, lads... then dip in that wacky celery that you\'re so fond of.\",\"3\":\"\"}}', '2014-09-18 19:40:46', '2014-09-18 19:40:46', '49321d28-fbb3-4366-a3ab-28a809912847');
INSERT INTO `entryversions` (`id`, `entryId`, `sectionId`, `creatorId`, `locale`, `num`, `notes`, `data`, `dateCreated`, `dateUpdated`, `uid`) VALUES ('22', '20', '3', '1', 'en_us', '7', '', '{\"typeId\":\"7\",\"authorId\":\"1\",\"title\":\"Cheez Whiz is Really Good on Celery Hearts, Y\'all!\",\"slug\":\"cheez-whiz-is-really-good-on-celery-hearts-yall\",\"postDate\":1409334060,\"expiryDate\":null,\"enabled\":1,\"fields\":{\"61\":\"#000000\",\"60\":\"1\",\"2\":\"<p>It really is nice. &nbsp;Gooey, cheesy, and you\'ll get nice and fat.<\\/p><p>\\r\\n\\tTrust.<\\/p><h2>I am a section title<\\/h2><p>Sun bathe play time hack up furballs for climb leg. Inspect anything brought into the house stick butt in face, or under the bed lick butt. Chase imaginary bugs run in circles behind the couch sit in box or hunt by meowing loudly at 5am next to human slave food dispenser sleep in the bathroom sink. Nap all day leave fur on owners clothes swat at dog mark territory, and play time nap all day. Chew iPad power cord make muffins. Attack feet. Chew iPad power cord always hungry leave dead animals as gifts, but destroy couch. Purr while eating sit in box but inspect anything brought into the house, and under the bed shake treat bag, and all of a sudden cat goes crazy. Stick butt in face claw drapes, but leave fur on owners clothes. Favor packaging over toy hunt by meowing loudly at 5am next to human slave food dispenser, but run in circles. Have secret plans flop over. Chew foot chase mice under the bed chase dog then run away, or leave fur on owners clothes. Run in circles find something else more interesting, for missing until dinner time, cat snacks. I like big cats and i can not lie purr while eating for behind the couch, so chew iPad power cord, yet hunt anything that moves, so give attitude, or stand in front of the computer screen. Sun bathe. Sleep on keyboard leave fur on owners clothes. Swat at dog inspect anything brought into the house rub face on everything, stand in front of the computer screen leave hair everywhere, or chase dog then run away intently sniff hand. Why must they do that find something else more interesting, and chase imaginary bugs find something else more interesting.<\\/p><h2>Another section<\\/h2><p>Sun bathe play time hack up furballs for climb leg. Inspect anything brought into the house stick butt in face, or under the bed lick butt. Chase imaginary bugs run in circles behind the couch sit in box or hunt by meowing loudly at 5am next to human slave food dispenser sleep in the bathroom sink. Nap all day leave fur on owners clothes swat at dog mark territory, and play time nap all day. Chew iPad power cord make muffins. Attack feet. Chew iPad power cord always hungry leave dead animals as gifts, but destroy couch. Purr while eating sit in box but inspect anything brought into the house, and under the bed shake treat bag, and all of a sudden cat goes crazy. Stick butt in face claw drapes, but leave fur on owners clothes. Favor packaging over toy hunt by meowing loudly at 5am next to human slave food dispenser, but run in circles. Have secret plans flop over. Chew foot chase mice under the bed chase dog then run away, or leave fur on owners clothes. Run in circles find something else more interesting, for missing until dinner time, cat snacks. I like big cats and i can not lie purr while eating for behind the couch, so chew iPad power cord, yet hunt anything that moves, so give attitude, or stand in front of the computer screen. Sun bathe. Sleep on keyboard leave fur on owners clothes. Swat at dog inspect anything brought into the house rub face on everything, stand in front of the computer screen leave hair everywhere, or chase dog then run away intently sniff hand. Why must they do that find something else more interesting, and chase imaginary bugs find something else more interesting.<\\/p><p><code class=\\\"code-php\\\"><pre>CODE HER<\\/pre><\\/code><\\/p>\",\"17\":[\"8\"],\"21\":\"<p>Get some!<\\/p>\",\"1\":\"Some find that the cheese is right in front of them their whole lives.\",\"62\":\"\",\"19\":\"\",\"16\":\"Heat it up in the micro, lads... then dip in that wacky celery that you\'re so fond of.\",\"3\":\"\"}}', '2014-09-18 20:25:51', '2014-09-18 20:25:51', 'f2d69d90-80d9-43ee-9343-63c6e44ed190');
INSERT INTO `entryversions` (`id`, `entryId`, `sectionId`, `creatorId`, `locale`, `num`, `notes`, `data`, `dateCreated`, `dateUpdated`, `uid`) VALUES ('23', '20', '3', '1', 'en_us', '8', '', '{\"typeId\":\"7\",\"authorId\":\"1\",\"title\":\"Cheez Whiz is Really Good on Celery Hearts, Y\'all!\",\"slug\":\"cheez-whiz-is-really-good-on-celery-hearts-yall\",\"postDate\":1409334060,\"expiryDate\":null,\"enabled\":1,\"fields\":{\"61\":\"#000000\",\"60\":\"1\",\"2\":\"<p>It really is nice. &nbsp;Gooey, cheesy, and you\'ll get nice and fat.<\\/p><p>\\r\\n\\tTrust.<\\/p><h2>I am a section title<\\/h2><p>Sun bathe play time hack up furballs for climb leg. Inspect anything brought into the house stick butt in face, or under the bed lick butt. Chase imaginary bugs run in circles behind the couch sit in box or hunt by meowing loudly at 5am next to human slave food dispenser sleep in the bathroom sink. Nap all day leave fur on owners clothes swat at dog mark territory, and play time nap all day. Chew iPad power cord make muffins. Attack feet. Chew iPad power cord always hungry leave dead animals as gifts, but destroy couch. Purr while eating sit in box but inspect anything brought into the house, and under the bed shake treat bag, and all of a sudden cat goes crazy. Stick butt in face claw drapes, but leave fur on owners clothes. Favor packaging over toy hunt by meowing loudly at 5am next to human slave food dispenser, but run in circles. Have secret plans flop over. Chew foot chase mice under the bed chase dog then run away, or leave fur on owners clothes. Run in circles find something else more interesting, for missing until dinner time, cat snacks. I like big cats and i can not lie purr while eating for behind the couch, so chew iPad power cord, yet hunt anything that moves, so give attitude, or stand in front of the computer screen. Sun bathe. Sleep on keyboard leave fur on owners clothes. Swat at dog inspect anything brought into the house rub face on everything, stand in front of the computer screen leave hair everywhere, or chase dog then run away intently sniff hand. Why must they do that find something else more interesting, and chase imaginary bugs find something else more interesting.<\\/p><h2>Another section<\\/h2><p>Sun bathe play time hack up furballs for climb leg. Inspect anything brought into the house stick butt in face, or under the bed lick butt. Chase imaginary bugs run in circles behind the couch sit in box or hunt by meowing loudly at 5am next to human slave food dispenser sleep in the bathroom sink. Nap all day leave fur on owners clothes swat at dog mark territory, and play time nap all day. Chew iPad power cord make muffins. Attack feet. Chew iPad power cord always hungry leave dead animals as gifts, but destroy couch. Purr while eating sit in box but inspect anything brought into the house, and under the bed shake treat bag, and all of a sudden cat goes crazy. Stick butt in face claw drapes, but leave fur on owners clothes. Favor packaging over toy hunt by meowing loudly at 5am next to human slave food dispenser, but run in circles. Have secret plans flop over. Chew foot chase mice under the bed chase dog then run away, or leave fur on owners clothes. Run in circles find something else more interesting, for missing until dinner time, cat snacks. I like big cats and i can not lie purr while eating for behind the couch, so chew iPad power cord, yet hunt anything that moves, so give attitude, or stand in front of the computer screen. Sun bathe. Sleep on keyboard leave fur on owners clothes. Swat at dog inspect anything brought into the house rub face on everything, stand in front of the computer screen leave hair everywhere, or chase dog then run away intently sniff hand. Why must they do that find something else more interesting, and chase imaginary bugs find something else more interesting.<\\/p><p><code class=\\\"code-html\\\"><!DOCTYPE html>\\r\\n<title>Title<\\/title>\\r\\n\\r\\n<style>body {width: 500px;}<\\/style>\\r\\n\\r\\n<script type=\\\"application\\/javascript\\\">\\r\\n  function $init() {return true;}\\r\\n<\\/script>\\r\\n\\r\\n<body>\\r\\n  <p checked class=\\\"title\\\" id=\'title\'>Title<\\/p>\\r\\n  <!-- here goes the rest of the page -->\\r\\n<\\/body><\\/code><\\/p>\",\"17\":[\"8\"],\"21\":\"<p>Get some!<\\/p>\",\"1\":\"Some find that the cheese is right in front of them their whole lives.\",\"62\":\"\",\"19\":\"\",\"16\":\"Heat it up in the micro, lads... then dip in that wacky celery that you\'re so fond of.\",\"3\":\"\"}}', '2014-09-18 21:52:50', '2014-09-18 21:52:50', 'b2ce2604-e46d-4c32-b610-c859087f8ff9');
INSERT INTO `entryversions` (`id`, `entryId`, `sectionId`, `creatorId`, `locale`, `num`, `notes`, `data`, `dateCreated`, `dateUpdated`, `uid`) VALUES ('24', '20', '3', '1', 'en_us', '9', '', '{\"typeId\":\"7\",\"authorId\":\"1\",\"title\":\"Cheez Whiz is Really Good on Celery Hearts, Y\'all!\",\"slug\":\"cheez-whiz-is-really-good-on-celery-hearts-yall\",\"postDate\":1409334060,\"expiryDate\":null,\"enabled\":1,\"fields\":{\"61\":\"#000000\",\"60\":\"1\",\"2\":\"<p>It really is nice. &nbsp;Gooey, cheesy, and you\'ll get nice and fat.<\\/p><p>\\r\\n\\tTrust.<\\/p><h2>I am a section title<\\/h2><p>Sun bathe play time hack up furballs for climb leg. Inspect anything brought into the house stick butt in face, or under the bed lick butt. Chase imaginary bugs run in circles behind the couch sit in box or hunt by meowing loudly at 5am next to human slave food dispenser sleep in the bathroom sink. Nap all day leave fur on owners clothes swat at dog mark territory, and play time nap all day. Chew iPad power cord make muffins. Attack feet. Chew iPad power cord always hungry leave dead animals as gifts, but destroy couch. Purr while eating sit in box but inspect anything brought into the house, and under the bed shake treat bag, and all of a sudden cat goes crazy. Stick butt in face claw drapes, but leave fur on owners clothes. Favor packaging over toy hunt by meowing loudly at 5am next to human slave food dispenser, but run in circles. Have secret plans flop over. Chew foot chase mice under the bed chase dog then run away, or leave fur on owners clothes. Run in circles find something else more interesting, for missing until dinner time, cat snacks. I like big cats and i can not lie purr while eating for behind the couch, so chew iPad power cord, yet hunt anything that moves, so give attitude, or stand in front of the computer screen. Sun bathe. Sleep on keyboard leave fur on owners clothes. Swat at dog inspect anything brought into the house rub face on everything, stand in front of the computer screen leave hair everywhere, or chase dog then run away intently sniff hand. Why must they do that find something else more interesting, and chase imaginary bugs find something else more interesting.<\\/p><h2>Another section<\\/h2><p>Sun bathe play time hack up furballs for climb leg. Inspect anything brought into the house stick butt in face, or under the bed lick butt. Chase imaginary bugs run in circles behind the couch sit in box or hunt by meowing loudly at 5am next to human slave food dispenser sleep in the bathroom sink. Nap all day leave fur on owners clothes swat at dog mark territory, and play time nap all day. Chew iPad power cord make muffins. Attack feet. Chew iPad power cord always hungry leave dead animals as gifts, but destroy couch. Purr while eating sit in box but inspect anything brought into the house, and under the bed shake treat bag, and all of a sudden cat goes crazy. Stick butt in face claw drapes, but leave fur on owners clothes. Favor packaging over toy hunt by meowing loudly at 5am next to human slave food dispenser, but run in circles. Have secret plans flop over. Chew foot chase mice under the bed chase dog then run away, or leave fur on owners clothes. Run in circles find something else more interesting, for missing until dinner time, cat snacks. I like big cats and i can not lie purr while eating for behind the couch, so chew iPad power cord, yet hunt anything that moves, so give attitude, or stand in front of the computer screen. Sun bathe. Sleep on keyboard leave fur on owners clothes. Swat at dog inspect anything brought into the house rub face on everything, stand in front of the computer screen leave hair everywhere, or chase dog then run away intently sniff hand. Why must they do that find something else more interesting, and chase imaginary bugs find something else more interesting.<\\/p><p><code class=\\\"code-html\\\">&lt;!DOCTYPE html&gt;\\r\\n&lt;title&gt;Title&lt;\\/title&gt;\\r\\n\\r\\n&lt;style&gt;body {width: 500px;}&lt;\\/style&gt;\\r\\n\\r\\n&lt;script type=\\\"application\\/javascript\\\"&gt;\\r\\n  function $init() {return true;}\\r\\n&lt;\\/script&gt;\\r\\n\\r\\n&lt;body&gt;\\r\\n  &lt;p checked class=\\\"title\\\" id=\'title\'&gt;Title&lt;\\/p&gt;\\r\\n  &lt;!-- here goes the rest of the page --&gt;\\r\\n&lt;\\/body&gt;<\\/code><\\/p>\",\"17\":[\"8\"],\"21\":\"<p>Get some!<\\/p>\",\"1\":\"Some find that the cheese is right in front of them their whole lives.\",\"62\":\"\",\"19\":\"\",\"16\":\"Heat it up in the micro, lads... then dip in that wacky celery that you\'re so fond of.\",\"3\":\"\"}}', '2014-09-18 21:53:29', '2014-09-18 21:53:29', 'b85ffcbb-bde0-4a89-8a9c-f314e30e9db3');
INSERT INTO `entryversions` (`id`, `entryId`, `sectionId`, `creatorId`, `locale`, `num`, `notes`, `data`, `dateCreated`, `dateUpdated`, `uid`) VALUES ('25', '20', '3', '1', 'en_us', '10', '', '{\"typeId\":\"7\",\"authorId\":\"1\",\"title\":\"Cheez Whiz is Really Good on Celery Hearts, Y\'all!\",\"slug\":\"cheez-whiz-is-really-good-on-celery-hearts-yall\",\"postDate\":1409334060,\"expiryDate\":null,\"enabled\":1,\"fields\":{\"61\":\"#000000\",\"60\":\"1\",\"2\":\"<p>It really is nice. &nbsp;Gooey, cheesy, and you\'ll get nice and fat.<\\/p><p>\\r\\n\\tTrust.<\\/p><h2>I am a section title<\\/h2><p>Sun bathe play time hack up furballs for climb leg. Inspect anything brought into the house stick butt in face, or under the bed lick butt. Chase imaginary bugs run in circles behind the couch sit in box or hunt by meowing loudly at 5am next to human slave food dispenser sleep in the bathroom sink. Nap all day leave fur on owners clothes swat at dog mark territory, and play time nap all day. Chew iPad power cord make muffins. Attack feet. Chew iPad power cord always hungry leave dead animals as gifts, but destroy couch. Purr while eating sit in box but inspect anything brought into the house, and under the bed shake treat bag, and all of a sudden cat goes crazy. Stick butt in face claw drapes, but leave fur on owners clothes. Favor packaging over toy hunt by meowing loudly at 5am next to human slave food dispenser, but run in circles. Have secret plans flop over. Chew foot chase mice under the bed chase dog then run away, or leave fur on owners clothes. Run in circles find something else more interesting, for missing until dinner time, cat snacks. I like big cats and i can not lie purr while eating for behind the couch, so chew iPad power cord, yet hunt anything that moves, so give attitude, or stand in front of the computer screen. Sun bathe. Sleep on keyboard leave fur on owners clothes. Swat at dog inspect anything brought into the house rub face on everything, stand in front of the computer screen leave hair everywhere, or chase dog then run away intently sniff hand. Why must they do that find something else more interesting, and chase imaginary bugs find something else more interesting.<\\/p><h2>Another section<\\/h2><p>Sun bathe play time hack up furballs for climb leg. Inspect anything brought into the house stick butt in face, or under the bed lick butt. Chase imaginary bugs run in circles behind the couch sit in box or hunt by meowing loudly at 5am next to human slave food dispenser sleep in the bathroom sink. Nap all day leave fur on owners clothes swat at dog mark territory, and play time nap all day. Chew iPad power cord make muffins. Attack feet. Chew iPad power cord always hungry leave dead animals as gifts, but destroy couch. Purr while eating sit in box but inspect anything brought into the house, and under the bed shake treat bag, and all of a sudden cat goes crazy. Stick butt in face claw drapes, but leave fur on owners clothes. Favor packaging over toy hunt by meowing loudly at 5am next to human slave food dispenser, but run in circles. Have secret plans flop over. Chew foot chase mice under the bed chase dog then run away, or leave fur on owners clothes. Run in circles find something else more interesting, for missing until dinner time, cat snacks. I like big cats and i can not lie purr while eating for behind the couch, so chew iPad power cord, yet hunt anything that moves, so give attitude, or stand in front of the computer screen. Sun bathe. Sleep on keyboard leave fur on owners clothes. Swat at dog inspect anything brought into the house rub face on everything, stand in front of the computer screen leave hair everywhere, or chase dog then run away intently sniff hand. Why must they do that find something else more interesting, and chase imaginary bugs find something else more interesting.<\\/p><h2>Code Sample<\\/h2><p><code class=\\\"code-html\\\">&lt;!DOCTYPE html&gt;\\r\\n&lt;title&gt;Title&lt;\\/title&gt;\\r\\n\\r\\n&lt;style&gt;body {width: 500px;}&lt;\\/style&gt;\\r\\n\\r\\n&lt;script type=\\\"application\\/javascript\\\"&gt;\\r\\n  function $init() {return true;}\\r\\n&lt;\\/script&gt;\\r\\n\\r\\n&lt;body&gt;\\r\\n  &lt;p checked class=\\\"title\\\" id=\'title\'&gt;Title&lt;\\/p&gt;\\r\\n  &lt;!-- here goes the rest of the page --&gt;\\r\\n&lt;\\/body&gt;<\\/code><\\/p>\",\"17\":[\"8\"],\"21\":\"<p>Get some!<\\/p>\",\"1\":\"Some find that the cheese is right in front of them their whole lives.\",\"62\":\"\",\"19\":\"\",\"16\":\"Heat it up in the micro, lads... then dip in that wacky celery that you\'re so fond of.\",\"3\":\"\"}}', '2014-09-19 14:05:50', '2014-09-19 14:05:50', '6188fc0b-f882-453b-a7b7-6931faff3be1');
INSERT INTO `entryversions` (`id`, `entryId`, `sectionId`, `creatorId`, `locale`, `num`, `notes`, `data`, `dateCreated`, `dateUpdated`, `uid`) VALUES ('26', '20', '3', '1', 'en_us', '11', '', '{\"typeId\":\"7\",\"authorId\":\"1\",\"title\":\"Cheez Whiz is Really Good on Celery Hearts, Y\'all!\",\"slug\":\"cheez-whiz-is-really-good-on-celery-hearts-yall\",\"postDate\":1409334060,\"expiryDate\":null,\"enabled\":1,\"fields\":{\"61\":\"#000000\",\"60\":\"1\",\"2\":\"<p>It really is nice. &nbsp;Gooey, cheesy, and you\'ll get nice and fat.<\\/p><p>\\r\\n\\tTrust.<\\/p><h2>I am a section title<\\/h2><p>Sun bathe play time hack up furballs for climb leg. Inspect anything brought into the house stick butt in face, or under the bed lick butt. Chase imaginary bugs run in circles behind the couch sit in box or hunt by meowing loudly at 5am next to human slave food dispenser sleep in the bathroom sink. Nap all day leave fur on owners clothes swat at dog mark territory, and play time nap all day. Chew iPad power cord make muffins. Attack feet. Chew iPad power cord always hungry leave dead animals as gifts, but destroy couch. Purr while eating sit in box but inspect anything brought into the house, and under the bed shake treat bag, and all of a sudden cat goes crazy. Stick butt in face claw drapes, but leave fur on owners clothes. Favor packaging over toy hunt by meowing loudly at 5am next to human slave food dispenser, but run in circles. Have secret plans flop over. Chew foot chase mice under the bed chase dog then run away, or leave fur on owners clothes. Run in circles find something else more interesting, for missing until dinner time, cat snacks. I like big cats and i can not lie purr while eating for behind the couch, so chew iPad power cord, yet hunt anything that moves, so give attitude, or stand in front of the computer screen. Sun bathe. Sleep on keyboard leave fur on owners clothes. Swat at dog inspect anything brought into the house rub face on everything, stand in front of the computer screen leave hair everywhere, or chase dog then run away intently sniff hand. Why must they do that find something else more interesting, and chase imaginary bugs find something else more interesting.<\\/p><h2>Another section<\\/h2><p>Sun bathe play time hack up furballs for climb leg. Inspect anything brought into the house stick butt in face, or under the bed lick butt. Chase imaginary bugs run in circles behind the couch sit in box or hunt by meowing loudly at 5am next to human slave food dispenser sleep in the bathroom sink. Nap all day leave fur on owners clothes swat at dog mark territory, and play time nap all day. Chew iPad power cord make muffins. Attack feet. Chew iPad power cord always hungry leave dead animals as gifts, but destroy couch. Purr while eating sit in box but inspect anything brought into the house, and under the bed shake treat bag, and all of a sudden cat goes crazy. Stick butt in face claw drapes, but leave fur on owners clothes. Favor packaging over toy hunt by meowing loudly at 5am next to human slave food dispenser, but run in circles. Have secret plans flop over. Chew foot chase mice under the bed chase dog then run away, or leave fur on owners clothes. Run in circles find something else more interesting, for missing until dinner time, cat snacks. I like big cats and i can not lie purr while eating for behind the couch, so chew iPad power cord, yet hunt anything that moves, so give attitude, or stand in front of the computer screen. Sun bathe. Sleep on keyboard leave fur on owners clothes. Swat at dog inspect anything brought into the house rub face on everything, stand in front of the computer screen leave hair everywhere, or chase dog then run away intently sniff hand. Why must they do that find something else more interesting, and chase imaginary bugs find something else more interesting.<\\/p><h2>Code Sample<\\/h2><p><code class=\\\"code-html\\\">&lt;!DOCTYPE html&gt;\\r\\n&lt;title&gt;Title&lt;\\/title&gt;\\r\\n\\r\\n&lt;style&gt;body {width: 500px;}&lt;\\/style&gt;\\r\\n\\r\\n&lt;script type=\\\"application\\/javascript\\\"&gt;\\r\\n  function $init() {return true;}\\r\\n&lt;\\/script&gt;\\r\\n\\r\\n&lt;body&gt;\\r\\n  &lt;p checked class=\\\"title\\\" id=\'title\'&gt;Title&lt;\\/p&gt;\\r\\n  &lt;!-- here goes the rest of the page --&gt;\\r\\n&lt;\\/body&gt;<\\/code><\\/p><ul><li>Some kind of bullet point \'n\' shit<\\/li><li>Another bullet point, y\'all<\\/li><\\/ul><ol><li>An ordered list is a gentle, well-mannered list<\\/li><li>A list that you can take home to momma<\\/li><\\/ol>\",\"17\":[\"8\"],\"21\":\"<p>Get some!<\\/p>\",\"1\":\"Some find that the cheese is right in front of them their whole lives.\",\"62\":\"\",\"19\":\"\",\"16\":\"Heat it up in the micro, lads... then dip in that wacky celery that you\'re so fond of.\",\"3\":\"\"}}', '2014-09-19 14:11:19', '2014-09-19 14:11:19', '768703e3-e516-4800-ad7e-82dfd8a2b0a7');
INSERT INTO `entryversions` (`id`, `entryId`, `sectionId`, `creatorId`, `locale`, `num`, `notes`, `data`, `dateCreated`, `dateUpdated`, `uid`) VALUES ('27', '20', '3', '1', 'en_us', '12', '', '{\"typeId\":\"7\",\"authorId\":\"1\",\"title\":\"Cheez Whiz is Really Good on Celery Hearts, Y\'all!\",\"slug\":\"cheez-whiz-is-really-good-on-celery-hearts-yall\",\"postDate\":1409334060,\"expiryDate\":null,\"enabled\":1,\"fields\":{\"61\":\"#000000\",\"60\":\"1\",\"2\":\"<p>It really is nice. &nbsp;Gooey, cheesy, and you\'ll get nice and fat.<\\/p><p>\\r\\n\\tTrust.<\\/p><blockquote><p>Now that there is the Tec-9, a crappy spray gun from South Miami.<\\/p>\\r\\n<cite>Jackie Brown<\\/cite><\\/blockquote><h2>Carousel Example<\\/h2><ul class=\\\"owl-carousel\\\">\\r\\n<li><img src=\\\"http:\\/\\/lorempixel.com\\/g\\/320\\/240\\/animals\\\"><\\/li>\\r\\n<li><img src=\\\"http:\\/\\/lorempixel.com\\/g\\/320\\/240\\/animals\\\"><\\/li>\\r\\n<li><img src=\\\"http:\\/\\/lorempixel.com\\/g\\/320\\/240\\/animals\\\"><\\/li><\\/ul><h2>Comparison Example<\\/h2><ul class=\\\"comparison responsive\\\">\\r\\n<li class=\\\"compare\\\"><img src=\\\"http:\\/\\/lorempixel.com\\/g\\/320\\/240\\/animals\\\"><\\/li>\\r\\n<li class=\\\"compare\\\"><img src=\\\"http:\\/\\/lorempixel.com\\/g\\/320\\/240\\/animals\\\"><\\/li><\\/ul><h2>I am a section title<\\/h2><p>Sun bathe play time hack up furballs for climb leg. Inspect anything brought into the house stick butt in face, or under the bed lick butt. Chase imaginary bugs run in circles behind the couch sit in box or hunt by meowing loudly at 5am next to human slave food dispenser sleep in the bathroom sink. Nap all day leave fur on owners clothes swat at dog mark territory, and play time nap all day. Chew iPad power cord make muffins. Attack feet. Chew iPad power cord always hungry leave dead animals as gifts, but destroy couch. Purr while eating sit in box but inspect anything brought into the house, and under the bed shake treat bag, and all of a sudden cat goes crazy. Stick butt in face claw drapes, but leave fur on owners clothes. Favor packaging over toy hunt by meowing loudly at 5am next to human slave food dispenser, but run in circles. Have secret plans flop over. Chew foot chase mice under the bed chase dog then run away, or leave fur on owners clothes. Run in circles find something else more interesting, for missing until dinner time, cat snacks. I like big cats and i can not lie purr while eating for behind the couch, so chew iPad power cord, yet hunt anything that moves, so give attitude, or stand in front of the computer screen. Sun bathe. Sleep on keyboard leave fur on owners clothes. Swat at dog inspect anything brought into the house rub face on everything, stand in front of the computer screen leave hair everywhere, or chase dog then run away intently sniff hand. Why must they do that find something else more interesting, and chase imaginary bugs find something else more interesting.<\\/p><h2>Another section<\\/h2><p>Sun bathe play time hack up furballs for climb leg. Inspect anything brought into the house stick butt in face, or under the bed lick butt. Chase imaginary bugs run in circles behind the couch sit in box or hunt by meowing loudly at 5am next to human slave food dispenser sleep in the bathroom sink. Nap all day leave fur on owners clothes swat at dog mark territory, and play time nap all day. Chew iPad power cord make muffins. Attack feet. Chew iPad power cord always hungry leave dead animals as gifts, but destroy couch. Purr while eating sit in box but inspect anything brought into the house, and under the bed shake treat bag, and all of a sudden cat goes crazy. Stick butt in face claw drapes, but leave fur on owners clothes. Favor packaging over toy hunt by meowing loudly at 5am next to human slave food dispenser, but run in circles. Have secret plans flop over. Chew foot chase mice under the bed chase dog then run away, or leave fur on owners clothes. Run in circles find something else more interesting, for missing until dinner time, cat snacks. I like big cats and i can not lie purr while eating for behind the couch, so chew iPad power cord, yet hunt anything that moves, so give attitude, or stand in front of the computer screen. Sun bathe. Sleep on keyboard leave fur on owners clothes. Swat at dog inspect anything brought into the house rub face on everything, stand in front of the computer screen leave hair everywhere, or chase dog then run away intently sniff hand. Why must they do that find something else more interesting, and chase imaginary bugs find something else more interesting.<\\/p><h2>Code Sample<\\/h2><p><code class=\\\"code-html\\\">&lt;!DOCTYPE html&gt;\\r\\n&lt;title&gt;Title&lt;\\/title&gt;\\r\\n\\r\\n&lt;style&gt;body {width: 500px;}&lt;\\/style&gt;\\r\\n\\r\\n&lt;script type=\\\"application\\/javascript\\\"&gt;\\r\\n  function $init() {return true;}\\r\\n&lt;\\/script&gt;\\r\\n\\r\\n&lt;body&gt;\\r\\n  &lt;p checked class=\\\"title\\\" id=\'title\'&gt;Title&lt;\\/p&gt;\\r\\n  &lt;!-- here goes the rest of the page --&gt;\\r\\n&lt;\\/body&gt;<\\/code><\\/p><ul><li>Some kind of bullet point \'n\' shit<\\/li><li>Another bullet point, y\'all<\\/li><\\/ul><ol><li>An ordered list is a gentle, well-mannered list<\\/li><li>A list that you can take home to momma<\\/li><\\/ol>\",\"17\":[\"8\"],\"21\":\"<p>Get some!<\\/p>\",\"1\":\"Some find that the cheese is right in front of them their whole lives.\",\"62\":\"\",\"19\":\"\",\"16\":\"Heat it up in the micro, lads... then dip in that wacky celery that you\'re so fond of.\",\"3\":\"\"}}', '2014-09-19 16:07:17', '2014-09-19 16:07:17', '7d9f4a30-048e-4674-846e-a3581349354f');
INSERT INTO `entryversions` (`id`, `entryId`, `sectionId`, `creatorId`, `locale`, `num`, `notes`, `data`, `dateCreated`, `dateUpdated`, `uid`) VALUES ('28', '20', '3', '1', 'en_us', '13', '', '{\"typeId\":\"7\",\"authorId\":\"1\",\"title\":\"Cheez Whiz is Really Good on Celery Hearts, Y\'all!\",\"slug\":\"cheez-whiz-is-really-good-on-celery-hearts-yall\",\"postDate\":1409334060,\"expiryDate\":null,\"enabled\":1,\"fields\":{\"61\":\"#000000\",\"60\":\"1\",\"2\":\"<p>It really is nice. &nbsp;Gooey, cheesy, and you\'ll get nice and fat.<\\/p><p>\\r\\n\\tTrust.<\\/p><blockquote><p>Now that there is the Tec-9, a crappy spray gun from South Miami.<\\/p>\\r\\n<cite>Jackie Brown<\\/cite><\\/blockquote><h2>Carousel Example<\\/h2><ul class=\\\"owl-carousel owl-theme\\\">\\r\\n<li><img src=\\\"http:\\/\\/lorempixel.com\\/g\\/320\\/240\\/animals\\\"><\\/li>\\r\\n<li><img src=\\\"http:\\/\\/lorempixel.com\\/g\\/320\\/240\\/animals\\\"><\\/li>\\r\\n<li><img src=\\\"http:\\/\\/lorempixel.com\\/g\\/320\\/240\\/animals\\\"><\\/li><\\/ul><h2>Comparison Example<\\/h2><ul class=\\\"comparison responsive\\\">\\r\\n<li class=\\\"compare\\\"><img src=\\\"http:\\/\\/lorempixel.com\\/g\\/320\\/240\\/animals\\\"><\\/li>\\r\\n<li class=\\\"compare\\\"><img src=\\\"http:\\/\\/lorempixel.com\\/g\\/320\\/240\\/animals\\\"><\\/li><\\/ul><h2>I am a section title<\\/h2><p>Sun bathe play time hack up furballs for climb leg. Inspect anything brought into the house stick butt in face, or under the bed lick butt. Chase imaginary bugs run in circles behind the couch sit in box or hunt by meowing loudly at 5am next to human slave food dispenser sleep in the bathroom sink. Nap all day leave fur on owners clothes swat at dog mark territory, and play time nap all day. Chew iPad power cord make muffins. Attack feet. Chew iPad power cord always hungry leave dead animals as gifts, but destroy couch. Purr while eating sit in box but inspect anything brought into the house, and under the bed shake treat bag, and all of a sudden cat goes crazy. Stick butt in face claw drapes, but leave fur on owners clothes. Favor packaging over toy hunt by meowing loudly at 5am next to human slave food dispenser, but run in circles. Have secret plans flop over. Chew foot chase mice under the bed chase dog then run away, or leave fur on owners clothes. Run in circles find something else more interesting, for missing until dinner time, cat snacks. I like big cats and i can not lie purr while eating for behind the couch, so chew iPad power cord, yet hunt anything that moves, so give attitude, or stand in front of the computer screen. Sun bathe. Sleep on keyboard leave fur on owners clothes. Swat at dog inspect anything brought into the house rub face on everything, stand in front of the computer screen leave hair everywhere, or chase dog then run away intently sniff hand. Why must they do that find something else more interesting, and chase imaginary bugs find something else more interesting.<\\/p><h2>Another section<\\/h2><p>Sun bathe play time hack up furballs for climb leg. Inspect anything brought into the house stick butt in face, or under the bed lick butt. Chase imaginary bugs run in circles behind the couch sit in box or hunt by meowing loudly at 5am next to human slave food dispenser sleep in the bathroom sink. Nap all day leave fur on owners clothes swat at dog mark territory, and play time nap all day. Chew iPad power cord make muffins. Attack feet. Chew iPad power cord always hungry leave dead animals as gifts, but destroy couch. Purr while eating sit in box but inspect anything brought into the house, and under the bed shake treat bag, and all of a sudden cat goes crazy. Stick butt in face claw drapes, but leave fur on owners clothes. Favor packaging over toy hunt by meowing loudly at 5am next to human slave food dispenser, but run in circles. Have secret plans flop over. Chew foot chase mice under the bed chase dog then run away, or leave fur on owners clothes. Run in circles find something else more interesting, for missing until dinner time, cat snacks. I like big cats and i can not lie purr while eating for behind the couch, so chew iPad power cord, yet hunt anything that moves, so give attitude, or stand in front of the computer screen. Sun bathe. Sleep on keyboard leave fur on owners clothes. Swat at dog inspect anything brought into the house rub face on everything, stand in front of the computer screen leave hair everywhere, or chase dog then run away intently sniff hand. Why must they do that find something else more interesting, and chase imaginary bugs find something else more interesting.<\\/p><h2>Code Sample<\\/h2><p><code class=\\\"code-html\\\">&lt;!DOCTYPE html&gt;\\r\\n&lt;title&gt;Title&lt;\\/title&gt;\\r\\n\\r\\n&lt;style&gt;body {width: 500px;}&lt;\\/style&gt;\\r\\n\\r\\n&lt;script type=\\\"application\\/javascript\\\"&gt;\\r\\n  function $init() {return true;}\\r\\n&lt;\\/script&gt;\\r\\n\\r\\n&lt;body&gt;\\r\\n  &lt;p checked class=\\\"title\\\" id=\'title\'&gt;Title&lt;\\/p&gt;\\r\\n  &lt;!-- here goes the rest of the page --&gt;\\r\\n&lt;\\/body&gt;<\\/code><\\/p><ul><li>Some kind of bullet point \'n\' shit<\\/li><li>Another bullet point, y\'all<\\/li><\\/ul><ol><li>An ordered list is a gentle, well-mannered list<\\/li><li>A list that you can take home to momma<\\/li><\\/ol>\",\"17\":[\"8\"],\"21\":\"<p>Get some!<\\/p>\",\"1\":\"Some find that the cheese is right in front of them their whole lives.\",\"62\":\"\",\"19\":\"\",\"16\":\"Heat it up in the micro, lads... then dip in that wacky celery that you\'re so fond of.\",\"3\":\"\"}}', '2014-09-19 19:12:19', '2014-09-19 19:12:19', '055a22bf-ab59-4b56-b180-f2df1808747f');
INSERT INTO `entryversions` (`id`, `entryId`, `sectionId`, `creatorId`, `locale`, `num`, `notes`, `data`, `dateCreated`, `dateUpdated`, `uid`) VALUES ('29', '20', '3', '1', 'en_us', '14', '', '{\"typeId\":\"7\",\"authorId\":\"1\",\"title\":\"Cheez Whiz is Really Good on Celery Hearts, Y\'all!\",\"slug\":\"cheez-whiz-is-really-good-on-celery-hearts-yall\",\"postDate\":1409334060,\"expiryDate\":null,\"enabled\":1,\"fields\":{\"61\":\"#000000\",\"60\":\"1\",\"2\":\"<p>It really is nice. &nbsp;Gooey, cheesy, and you\'ll get nice and fat.<\\/p><p>\\r\\n\\tTrust.<\\/p><blockquote><p>Now that there is the Tec-9, a crappy spray gun from South Miami.<\\/p>\\r\\n<cite>Jackie Brown<\\/cite><\\/blockquote><h2>Carousel Example<\\/h2><ul class=\\\"owl-carousel\\\">\\r\\n<li><img src=\\\"http:\\/\\/lorempixel.com\\/g\\/320\\/240\\/animals\\\"><\\/li>\\r\\n<li><img src=\\\"http:\\/\\/lorempixel.com\\/g\\/320\\/240\\/animals\\\"><\\/li>\\r\\n<li><img src=\\\"http:\\/\\/lorempixel.com\\/g\\/320\\/240\\/animals\\\"><\\/li><\\/ul><h2>Comparison Example<\\/h2><ul class=\\\"comparison responsive\\\">\\r\\n<li class=\\\"compare\\\"><img src=\\\"http:\\/\\/lorempixel.com\\/g\\/320\\/240\\/animals\\\"><\\/li>\\r\\n<li class=\\\"compare\\\"><img src=\\\"http:\\/\\/lorempixel.com\\/g\\/320\\/240\\/animals\\\"><\\/li><\\/ul><h2>I am a section title<\\/h2><p>Sun bathe play time hack up furballs for climb leg. Inspect anything brought into the house stick butt in face, or under the bed lick butt. Chase imaginary bugs run in circles behind the couch sit in box or hunt by meowing loudly at 5am next to human slave food dispenser sleep in the bathroom sink. Nap all day leave fur on owners clothes swat at dog mark territory, and play time nap all day. Chew iPad power cord make muffins. Attack feet. Chew iPad power cord always hungry leave dead animals as gifts, but destroy couch. Purr while eating sit in box but inspect anything brought into the house, and under the bed shake treat bag, and all of a sudden cat goes crazy. Stick butt in face claw drapes, but leave fur on owners clothes. Favor packaging over toy hunt by meowing loudly at 5am next to human slave food dispenser, but run in circles. Have secret plans flop over. Chew foot chase mice under the bed chase dog then run away, or leave fur on owners clothes. Run in circles find something else more interesting, for missing until dinner time, cat snacks. I like big cats and i can not lie purr while eating for behind the couch, so chew iPad power cord, yet hunt anything that moves, so give attitude, or stand in front of the computer screen. Sun bathe. Sleep on keyboard leave fur on owners clothes. Swat at dog inspect anything brought into the house rub face on everything, stand in front of the computer screen leave hair everywhere, or chase dog then run away intently sniff hand. Why must they do that find something else more interesting, and chase imaginary bugs find something else more interesting.<\\/p><h2>Another section<\\/h2><p>Sun bathe play time hack up furballs for climb leg. Inspect anything brought into the house stick butt in face, or under the bed lick butt. Chase imaginary bugs run in circles behind the couch sit in box or hunt by meowing loudly at 5am next to human slave food dispenser sleep in the bathroom sink. Nap all day leave fur on owners clothes swat at dog mark territory, and play time nap all day. Chew iPad power cord make muffins. Attack feet. Chew iPad power cord always hungry leave dead animals as gifts, but destroy couch. Purr while eating sit in box but inspect anything brought into the house, and under the bed shake treat bag, and all of a sudden cat goes crazy. Stick butt in face claw drapes, but leave fur on owners clothes. Favor packaging over toy hunt by meowing loudly at 5am next to human slave food dispenser, but run in circles. Have secret plans flop over. Chew foot chase mice under the bed chase dog then run away, or leave fur on owners clothes. Run in circles find something else more interesting, for missing until dinner time, cat snacks. I like big cats and i can not lie purr while eating for behind the couch, so chew iPad power cord, yet hunt anything that moves, so give attitude, or stand in front of the computer screen. Sun bathe. Sleep on keyboard leave fur on owners clothes. Swat at dog inspect anything brought into the house rub face on everything, stand in front of the computer screen leave hair everywhere, or chase dog then run away intently sniff hand. Why must they do that find something else more interesting, and chase imaginary bugs find something else more interesting.<\\/p><h2>Code Sample<\\/h2><p><code class=\\\"code-html\\\">&lt;!DOCTYPE html&gt;\\r\\n&lt;title&gt;Title&lt;\\/title&gt;\\r\\n\\r\\n&lt;style&gt;body {width: 500px;}&lt;\\/style&gt;\\r\\n\\r\\n&lt;script type=\\\"application\\/javascript\\\"&gt;\\r\\n  function $init() {return true;}\\r\\n&lt;\\/script&gt;\\r\\n\\r\\n&lt;body&gt;\\r\\n  &lt;p checked class=\\\"title\\\" id=\'title\'&gt;Title&lt;\\/p&gt;\\r\\n  &lt;!-- here goes the rest of the page --&gt;\\r\\n&lt;\\/body&gt;<\\/code><\\/p><ul><li>Some kind of bullet point \'n\' shit<\\/li><li>Another bullet point, y\'all<\\/li><\\/ul><ol><li>An ordered list is a gentle, well-mannered list<\\/li><li>A list that you can take home to momma<\\/li><\\/ol>\",\"17\":[\"8\"],\"21\":\"<p>Get some!<\\/p>\",\"1\":\"Some find that the cheese is right in front of them their whole lives.\",\"62\":\"\",\"19\":\"\",\"16\":\"Heat it up in the micro, lads... then dip in that wacky celery that you\'re so fond of.\",\"3\":\"\"}}', '2014-09-19 19:13:37', '2014-09-19 19:13:37', 'e846d934-3398-4ffe-aa25-19e66fc90046');
INSERT INTO `entryversions` (`id`, `entryId`, `sectionId`, `creatorId`, `locale`, `num`, `notes`, `data`, `dateCreated`, `dateUpdated`, `uid`) VALUES ('30', '20', '3', '1', 'en_us', '15', '', '{\"typeId\":\"7\",\"authorId\":\"1\",\"title\":\"Cheez Whiz is Really Good on Celery Hearts, Y\'all!\",\"slug\":\"cheez-whiz-is-really-good-on-celery-hearts-yall\",\"postDate\":1409334060,\"expiryDate\":null,\"enabled\":1,\"fields\":{\"61\":\"#000000\",\"60\":\"1\",\"2\":\"<p>It really is nice. &nbsp;Gooey, cheesy, and you\'ll get nice and fat.<\\/p><p>\\r\\n\\tTrust.<\\/p><blockquote><p>Now that there is the Tec-9, a crappy spray gun from South Miami.<\\/p>\\r\\n<cite>Jackie Brown<\\/cite><\\/blockquote><h2>Carousel Example<\\/h2><ul class=\\\"owl-carousel\\\">\\r\\n<li><img src=\\\"http:\\/\\/lorempixel.com\\/g\\/320\\/240\\/animals\\\"><\\/li>\\r\\n<li><img src=\\\"http:\\/\\/lorempixel.com\\/g\\/320\\/240\\/animals\\\"><\\/li>\\r\\n<li><img src=\\\"http:\\/\\/lorempixel.com\\/g\\/320\\/240\\/animals\\\"><\\/li><\\/ul><h2>Comparison Example<\\/h2><ul class=\\\"comparison responsive\\\">\\r\\n<li class=\\\"compare\\\"><img src=\\\"http:\\/\\/lorempixel.com\\/g\\/320\\/240\\/animals\\\"><\\/li>\\r\\n<li class=\\\"compare\\\"><img src=\\\"http:\\/\\/lorempixel.com\\/g\\/320\\/240\\/animals\\\"><\\/li><\\/ul><h2>I am a section title<\\/h2><p>Sun bathe play time hack up furballs for climb leg. Inspect anything brought into the house stick butt in face, or under the bed lick butt. Chase imaginary bugs run in circles behind the couch sit in box or hunt by meowing loudly at 5am next to human slave food dispenser sleep in the bathroom sink. Nap all day leave fur on owners clothes swat at dog mark territory, and play time nap all day. Chew iPad power cord make muffins. Attack feet. Chew iPad power cord always hungry leave dead animals as gifts, but destroy couch. Purr while eating sit in box but inspect anything brought into the house, and under the bed shake treat bag, and all of a sudden cat goes crazy. Stick butt in face claw drapes, but leave fur on owners clothes. Favor packaging over toy hunt by meowing loudly at 5am next to human slave food dispenser, but run in circles. Have secret plans flop over. Chew foot chase mice under the bed chase dog then run away, or leave fur on owners clothes. Run in circles find something else more interesting, for missing until dinner time, cat snacks. I like big cats and i can not lie purr while eating for behind the couch, so chew iPad power cord, yet hunt anything that moves, so give attitude, or stand in front of the computer screen. Sun bathe. Sleep on keyboard leave fur on owners clothes. Swat at dog inspect anything brought into the house rub face on everything, stand in front of the computer screen leave hair everywhere, or chase dog then run away intently sniff hand. Why must they do that find something else more interesting, and chase imaginary bugs find something else more interesting.<\\/p><h2>Another section<\\/h2><p>Sun bathe play time hack up furballs for climb leg. Inspect anything brought into the house stick butt in face, or under the bed lick butt. Chase imaginary bugs run in circles behind the couch sit in box or hunt by meowing loudly at 5am next to human slave food dispenser sleep in the bathroom sink. Nap all day leave fur on owners clothes swat at dog mark territory, and play time nap all day. Chew iPad power cord make muffins. Attack feet. Chew iPad power cord always hungry leave dead animals as gifts, but destroy couch. Purr while eating sit in box but inspect anything brought into the house, and under the bed shake treat bag, and all of a sudden cat goes crazy. Stick butt in face claw drapes, but leave fur on owners clothes. Favor packaging over toy hunt by meowing loudly at 5am next to human slave food dispenser, but run in circles. Have secret plans flop over. Chew foot chase mice under the bed chase dog then run away, or leave fur on owners clothes. Run in circles find something else more interesting, for missing until dinner time, cat snacks. I like big cats and i can not lie purr while eating for behind the couch, so chew iPad power cord, yet hunt anything that moves, so give attitude, or stand in front of the computer screen. Sun bathe. Sleep on keyboard leave fur on owners clothes. Swat at dog inspect anything brought into the house rub face on everything, stand in front of the computer screen leave hair everywhere, or chase dog then run away intently sniff hand. Why must they do that find something else more interesting, and chase imaginary bugs find something else more interesting.<\\/p><h2>Code Sample<\\/h2><p><code class=\\\"code-html\\\">&lt;!DOCTYPE html&gt;\\r\\n&lt;title&gt;Title&lt;\\/title&gt;\\r\\n\\r\\n&lt;style&gt;body {width: 500px;}&lt;\\/style&gt;\\r\\n\\r\\n&lt;script type=\\\"application\\/javascript\\\"&gt;\\r\\n  function $init() {return true;}\\r\\n&lt;\\/script&gt;\\r\\n\\r\\n&lt;body&gt;\\r\\n  &lt;p checked class=\\\"title\\\" id=\'title\'&gt;Title&lt;\\/p&gt;\\r\\n  &lt;!-- here goes the rest of the page --&gt;\\r\\n&lt;\\/body&gt;<\\/code><\\/p><ul><li>Some kind of bullet point \'n\' shit<\\/li><li>Another bullet point, y\'all<\\/li><\\/ul><ol><li>An ordered list is a gentle, well-mannered list<\\/li><li>A list that you can take home to momma<\\/li><\\/ol><h2 class=\\\"rating\\\">Ease of Use&nbsp;3\\/5<\\/h2><p>Some kinda explanation of this rating and stuff...<\\/p>\",\"17\":[\"8\"],\"21\":\"<p>Get some!<\\/p>\",\"1\":\"Some find that the cheese is right in front of them their whole lives.\",\"62\":\"\",\"19\":\"\",\"16\":\"Heat it up in the micro, lads... then dip in that wacky celery that you\'re so fond of.\",\"3\":\"\"}}', '2014-09-19 20:50:31', '2014-09-19 20:50:31', 'bee43864-bb55-4df5-90e1-bfd8cc4335dd');
INSERT INTO `entryversions` (`id`, `entryId`, `sectionId`, `creatorId`, `locale`, `num`, `notes`, `data`, `dateCreated`, `dateUpdated`, `uid`) VALUES ('31', '20', '3', '1', 'en_us', '16', '', '{\"typeId\":\"7\",\"authorId\":\"1\",\"title\":\"Cheez Whiz is Really Good on Celery Hearts, Y\'all!\",\"slug\":\"cheez-whiz-is-really-good-on-celery-hearts-yall\",\"postDate\":1409334060,\"expiryDate\":null,\"enabled\":1,\"fields\":{\"61\":\"#000000\",\"60\":\"1\",\"2\":\"<p>It really is nice. &nbsp;Gooey, cheesy, and you\'ll get nice and fat.<\\/p><p>\\r\\n\\tTrust.<\\/p><blockquote><p>Now that there is the Tec-9, a crappy spray gun from South Miami.<\\/p>\\r\\n<cite>Jackie Brown<\\/cite><\\/blockquote><h2>Carousel Example<\\/h2><ul class=\\\"owl-carousel\\\">\\r\\n<li><img src=\\\"http:\\/\\/lorempixel.com\\/g\\/320\\/240\\/animals\\\"><\\/li>\\r\\n<li><img src=\\\"http:\\/\\/lorempixel.com\\/g\\/320\\/240\\/animals\\\"><\\/li>\\r\\n<li><img src=\\\"http:\\/\\/lorempixel.com\\/g\\/320\\/240\\/animals\\\"><\\/li><\\/ul><h2>Comparison Example<\\/h2><ul class=\\\"comparison responsive\\\">\\r\\n<li class=\\\"compare\\\"><img src=\\\"http:\\/\\/lorempixel.com\\/g\\/320\\/240\\/animals\\\"><\\/li>\\r\\n<li class=\\\"compare\\\"><img src=\\\"http:\\/\\/lorempixel.com\\/g\\/320\\/240\\/animals\\\"><\\/li><\\/ul><h2>I am a section title<\\/h2><p>I like big cats and i can not lie purr while eating for behind the couch, so chew iPad power cord, yet hunt anything that moves, so give attitude, or stand in front of the computer screen. Sun bathe. Sleep on keyboard leave fur on owners clothes. Swat at dog inspect anything brought into the house rub face on everything, stand in front of the computer screen leave hair everywhere, or chase dog then run away intently sniff hand. Why must they do that find something else more interesting, and chase imaginary bugs find something else more interesting.<\\/p><h2>Another section<\\/h2><p>Sun bathe play time hack up furballs for climb leg. Inspect anything brought into the house stick butt in face, or under the bed lick butt. Chase imaginary bugs run in circles behind the couch sit in box or hunt by meowing loudly at 5am next to human slave food dispenser sleep in the bathroom sink. Nap all day leave fur on owners clothes swat at dog mark territory, and play time nap all day. Chew iPad power cord make muffins. Attack feet.<\\/p><h2>Code Sample<\\/h2><p><code class=\\\"code-html\\\">&lt;!DOCTYPE html&gt;\\r\\n&lt;title&gt;Title&lt;\\/title&gt;\\r\\n\\r\\n&lt;style&gt;body {width: 500px;}&lt;\\/style&gt;\\r\\n\\r\\n&lt;script type=\\\"application\\/javascript\\\"&gt;\\r\\n  function $init() {return true;}\\r\\n&lt;\\/script&gt;\\r\\n\\r\\n&lt;body&gt;\\r\\n  &lt;p checked class=\\\"title\\\" id=\'title\'&gt;Title&lt;\\/p&gt;\\r\\n  &lt;!-- here goes the rest of the page --&gt;\\r\\n&lt;\\/body&gt;<\\/code><\\/p><ul><li>Some kind of bullet point \'n\' shit<\\/li><li>Another bullet point, y\'all<\\/li><\\/ul><ol><li>An ordered list is a gentle, well-mannered list<\\/li><li>A list that you can take home to momma<\\/li><\\/ol><h2 class=\\\"rating\\\">Ease of Use&nbsp;3\\/5<\\/h2><p>Some kinda explanation of this rating and stuff...<\\/p>\",\"17\":[\"8\"],\"21\":\"<p>Get some!<\\/p>\",\"1\":\"Some find that the cheese is right in front of them their whole lives.\",\"62\":\"\",\"19\":\"\",\"16\":\"Heat it up in the micro, lads... then dip in that wacky celery that you\'re so fond of.\",\"3\":\"\"}}', '2014-09-19 21:30:44', '2014-09-19 21:30:44', 'b0685ca3-9690-4c35-99de-60cbb49db756');
INSERT INTO `entryversions` (`id`, `entryId`, `sectionId`, `creatorId`, `locale`, `num`, `notes`, `data`, `dateCreated`, `dateUpdated`, `uid`) VALUES ('32', '20', '3', '1', 'en_us', '17', '', '{\"typeId\":\"7\",\"authorId\":\"1\",\"title\":\"Cheez Whiz is Really Good on Celery Hearts, Y\'all!\",\"slug\":\"cheez-whiz-is-really-good-on-celery-hearts-yall\",\"postDate\":1409334060,\"expiryDate\":null,\"enabled\":1,\"fields\":{\"61\":\"#000000\",\"60\":\"1\",\"2\":\"<p>It really is nice. &nbsp;Gooey, cheesy, and you\'ll get nice and fat.<\\/p><p>\\r\\n\\tTrust.<\\/p><blockquote><p>Now that there is the Tec-9, a crappy spray gun from South Miami.<\\/p>\\r\\n<cite>Jackie Brown<\\/cite><\\/blockquote><h2>Carousel Example<\\/h2><ul class=\\\"owl-carousel\\\">\\r\\n<li><img src=\\\"http:\\/\\/lorempixel.com\\/g\\/320\\/240\\/animals\\\"><\\/li>\\r\\n<li><img src=\\\"http:\\/\\/lorempixel.com\\/g\\/320\\/240\\/animals\\\"><\\/li>\\r\\n<li><img src=\\\"http:\\/\\/lorempixel.com\\/g\\/320\\/240\\/animals\\\"><\\/li><\\/ul><h2>Comparison Example<\\/h2><ul class=\\\"comparison responsive\\\">\\r\\n<li class=\\\"compare\\\"><img src=\\\"http:\\/\\/lorempixel.com\\/g\\/320\\/240\\/animals\\\"><\\/li>\\r\\n<li class=\\\"compare\\\"><img src=\\\"http:\\/\\/lorempixel.com\\/g\\/320\\/240\\/animals\\\"><\\/li><\\/ul><h2>I am a section title<\\/h2><p>I like big cats and i can not lie purr while eating for behind the couch, so chew iPad power cord, yet hunt anything that moves, so give attitude, or stand in front of the computer screen. Sun bathe. Sleep on keyboard leave fur on owners clothes. Swat at dog inspect anything brought into the house rub face on everything, stand in front of the computer screen leave hair everywhere, or chase dog then run away intently sniff hand. Why must they do that find something else more interesting, and chase imaginary bugs find something else more interesting.<\\/p><h2>Another section<\\/h2><p>Sun bathe play time hack up furballs for climb leg. Inspect anything brought into the house stick butt in face, or under the bed lick butt. Chase imaginary bugs run in circles behind the couch sit in box or hunt by meowing loudly at 5am next to human slave food dispenser sleep in the bathroom sink. Nap all day leave fur on owners clothes swat at dog mark territory, and play time nap all day. Chew iPad power cord make muffins. Attack feet.<\\/p><h2>Code Sample<\\/h2><p><code class=\\\"code-html\\\">&lt;!DOCTYPE html&gt;\\r\\n&lt;title&gt;Title&lt;\\/title&gt;\\r\\n\\r\\n&lt;style&gt;body {width: 500px;}&lt;\\/style&gt;\\r\\n\\r\\n&lt;script type=\\\"application\\/javascript\\\"&gt;\\r\\n  function $init() {return true;}\\r\\n&lt;\\/script&gt;\\r\\n\\r\\n&lt;body&gt;\\r\\n  &lt;p checked class=\\\"title\\\" id=\'title\'&gt;Title&lt;\\/p&gt;\\r\\n  &lt;!-- here goes the rest of the page --&gt;\\r\\n&lt;\\/body&gt;<\\/code><\\/p><ul><li>Some kind of bullet point \'n\' shit<\\/li><li>Another bullet point, y\'all<\\/li><\\/ul><ol><li>An ordered list is a gentle, well-mannered list<\\/li><li>A list that you can take home to momma<\\/li><\\/ol><h2 class=\\\"rating\\\">Ease of Use&nbsp;3\\/5<\\/h2><p>Some kinda explanation of this rating and stuff...<\\/p><h2 class=\\\"rating\\\">RATING TITLE <span class=\\\"number\\\">3\\/5<\\/span><\\/h2>\",\"17\":[\"8\"],\"21\":\"<p>Get some!<\\/p>\",\"1\":\"Some find that the cheese is right in front of them their whole lives.\",\"62\":\"\",\"19\":\"\",\"16\":\"Heat it up in the micro, lads... then dip in that wacky celery that you\'re so fond of.\",\"3\":\"\"}}', '2014-09-22 14:45:06', '2014-09-22 14:45:06', 'b12be6a7-2fe9-4ba1-8300-a385015c35ec');
INSERT INTO `entryversions` (`id`, `entryId`, `sectionId`, `creatorId`, `locale`, `num`, `notes`, `data`, `dateCreated`, `dateUpdated`, `uid`) VALUES ('33', '20', '3', '1', 'en_us', '18', '', '{\"typeId\":\"7\",\"authorId\":\"1\",\"title\":\"Cheez Whiz is Really Good on Celery Hearts, Y\'all!\",\"slug\":\"cheez-whiz-is-really-good-on-celery-hearts-yall\",\"postDate\":1409334060,\"expiryDate\":null,\"enabled\":1,\"fields\":{\"61\":\"#000000\",\"60\":\"1\",\"2\":\"<p>It really is nice. &nbsp;Gooey, cheesy, and you\'ll get nice and fat.<\\/p><p>\\r\\n\\tTrust.<\\/p><blockquote><p>Now that there is the Tec-9, a crappy spray gun from South Miami.<\\/p>\\r\\n<cite>Jackie Brown<\\/cite><\\/blockquote><h2>Carousel Example<\\/h2><ul class=\\\"owl-carousel\\\">\\r\\n<li><img src=\\\"http:\\/\\/lorempixel.com\\/g\\/320\\/240\\/animals\\\"><\\/li>\\r\\n<li><img src=\\\"http:\\/\\/lorempixel.com\\/g\\/320\\/240\\/animals\\\"><\\/li>\\r\\n<li><img src=\\\"http:\\/\\/lorempixel.com\\/g\\/320\\/240\\/animals\\\"><\\/li><\\/ul><h2>Comparison Example<\\/h2><ul class=\\\"comparison responsive\\\">\\r\\n<li class=\\\"compare\\\"><img src=\\\"http:\\/\\/lorempixel.com\\/g\\/320\\/240\\/animals\\\"><\\/li>\\r\\n<li class=\\\"compare\\\"><img src=\\\"http:\\/\\/lorempixel.com\\/g\\/320\\/240\\/animals\\\"><\\/li><\\/ul><h2>I am a section title<\\/h2><p>I like big cats and i can not lie purr while eating for behind the couch, so chew iPad power cord, yet hunt anything that moves, so give attitude, or stand in front of the computer screen. Sun bathe. Sleep on keyboard leave fur on owners clothes. Swat at dog inspect anything brought into the house rub face on everything, stand in front of the computer screen leave hair everywhere, or chase dog then run away intently sniff hand. Why must they do that find something else more interesting, and chase imaginary bugs find something else more interesting.<\\/p><h2>Another section<\\/h2><p>Sun bathe play time hack up furballs for climb leg. Inspect anything brought into the house stick butt in face, or under the bed lick butt. Chase imaginary bugs run in circles behind the couch sit in box or hunt by meowing loudly at 5am next to human slave food dispenser sleep in the bathroom sink. Nap all day leave fur on owners clothes swat at dog mark territory, and play time nap all day. Chew iPad power cord make muffins. Attack feet.<\\/p><h2>Code Sample<\\/h2><p><code class=\\\"code-html\\\">&lt;!DOCTYPE html&gt;\\r\\n&lt;title&gt;Title&lt;\\/title&gt;\\r\\n\\r\\n&lt;style&gt;body {width: 500px;}&lt;\\/style&gt;\\r\\n\\r\\n&lt;script type=\\\"application\\/javascript\\\"&gt;\\r\\n  function $init() {return true;}\\r\\n&lt;\\/script&gt;\\r\\n\\r\\n&lt;body&gt;\\r\\n  &lt;p checked class=\\\"title\\\" id=\'title\'&gt;Title&lt;\\/p&gt;\\r\\n  &lt;!-- here goes the rest of the page --&gt;\\r\\n&lt;\\/body&gt;<\\/code><\\/p><ul><li>Some kind of bullet point \'n\' shit<\\/li><li>Another bullet point, y\'all<\\/li><\\/ul><ol><li>An ordered list is a gentle, well-mannered list<\\/li><li>A list that you can take home to momma<\\/li><\\/ol><h2 class=\\\"rating\\\">Ease of Use&nbsp;<span class=\\\"number\\\">3\\/5<\\/span><\\/h2><p>A description of the rating and stuff.<\\/p>\",\"17\":[\"8\"],\"21\":\"<p>Get some!<\\/p>\",\"1\":\"Some find that the cheese is right in front of them their whole lives.\",\"62\":\"\",\"19\":\"\",\"16\":\"Heat it up in the micro, lads... then dip in that wacky celery that you\'re so fond of.\",\"3\":\"\"}}', '2014-09-22 14:57:48', '2014-09-22 14:57:48', '23a7e80c-d92f-4220-a0ce-6d7ee097feeb');
INSERT INTO `entryversions` (`id`, `entryId`, `sectionId`, `creatorId`, `locale`, `num`, `notes`, `data`, `dateCreated`, `dateUpdated`, `uid`) VALUES ('34', '20', '3', '1', 'en_us', '19', '', '{\"typeId\":\"7\",\"authorId\":\"1\",\"title\":\"Cheez Whiz is Really Good on Celery Hearts, Y\'all!\",\"slug\":\"cheez-whiz-is-really-good-on-celery-hearts-yall\",\"postDate\":1409334060,\"expiryDate\":null,\"enabled\":1,\"fields\":{\"61\":\"#000000\",\"60\":\"1\",\"2\":\"<p>It really is nice. &nbsp;Gooey, cheesy, and you\'ll get nice and fat.<\\/p><p>\\r\\n\\tTrust.<\\/p><blockquote><p>Now that there is the Tec-9, a crappy spray gun from South Miami.<\\/p>\\r\\n<cite>Jackie Brown<\\/cite><\\/blockquote><h2>Carousel Example<\\/h2><ul class=\\\"owl-carousel\\\">\\r\\n<li><img src=\\\"http:\\/\\/lorempixel.com\\/g\\/320\\/240\\/animals\\\"><\\/li>\\r\\n<li><img src=\\\"http:\\/\\/lorempixel.com\\/g\\/320\\/240\\/animals\\\"><\\/li>\\r\\n<li><img src=\\\"http:\\/\\/lorempixel.com\\/g\\/320\\/240\\/animals\\\"><\\/li><\\/ul><h2>Comparison Example<\\/h2><ul class=\\\"comparison responsive\\\">\\r\\n<li class=\\\"compare\\\"><img src=\\\"http:\\/\\/lorempixel.com\\/g\\/320\\/240\\/animals\\\"><\\/li>\\r\\n<li class=\\\"compare\\\"><img src=\\\"http:\\/\\/lorempixel.com\\/g\\/320\\/240\\/animals\\\"><\\/li><\\/ul><h2>I am a section title<\\/h2><p>I like big cats and i can not lie purr while eating for behind the couch, so chew iPad power cord, yet hunt anything that moves, so give attitude, or stand in front of the computer screen. Sun bathe. Sleep on keyboard leave fur on owners clothes. Swat at dog inspect anything brought into the house rub face on everything, stand in front of the computer screen leave hair everywhere, or chase dog then run away intently sniff hand. Why must they do that find something else more interesting, and chase imaginary bugs find something else more interesting.<\\/p><h2>Another section<\\/h2><p>Sun bathe play time hack up furballs for climb leg. Inspect anything brought into the house stick butt in face, or under the bed lick butt. Chase imaginary bugs run in circles behind the couch sit in box or hunt by meowing loudly at 5am next to human slave food dispenser sleep in the bathroom sink. Nap all day leave fur on owners clothes swat at dog mark territory, and play time nap all day. Chew iPad power cord make muffins. Attack feet.<\\/p><h2>Code Sample<\\/h2><p><code class=\\\"code-html\\\">&lt;!DOCTYPE html&gt;\\r\\n&lt;title&gt;Title&lt;\\/title&gt;\\r\\n\\r\\n&lt;style&gt;body {width: 500px;}&lt;\\/style&gt;\\r\\n\\r\\n&lt;script type=\\\"application\\/javascript\\\"&gt;\\r\\n  function $init() {return true;}\\r\\n&lt;\\/script&gt;\\r\\n\\r\\n&lt;body&gt;\\r\\n  &lt;p checked class=\\\"title\\\" id=\'title\'&gt;Title&lt;\\/p&gt;\\r\\n  &lt;!-- here goes the rest of the page --&gt;\\r\\n&lt;\\/body&gt;<\\/code><\\/p><ul><li>Some kind of bullet point \'n\' shit<\\/li><li>Another bullet point, y\'all<\\/li><\\/ul><ol><li>An ordered list is a gentle, well-mannered list<\\/li><li>A list that you can take home to momma<\\/li><\\/ol><h2 class=\\\"rating\\\">Ease of Use&nbsp;3\\/5<\\/h2><p>A description of the rating and stuff.<\\/p><h2 class=\\\"rating\\\">Ease of Use&nbsp;<em>3\\/5<\\/em><\\/h2>\",\"17\":[\"8\"],\"21\":\"<p>Get some!<\\/p>\",\"1\":\"Some find that the cheese is right in front of them their whole lives.\",\"62\":\"\",\"19\":\"\",\"16\":\"Heat it up in the micro, lads... then dip in that wacky celery that you\'re so fond of.\",\"3\":\"\"}}', '2014-09-22 15:30:38', '2014-09-22 15:30:38', '4f85fd90-465c-47b0-9e1f-2fe3a5399620');
INSERT INTO `entryversions` (`id`, `entryId`, `sectionId`, `creatorId`, `locale`, `num`, `notes`, `data`, `dateCreated`, `dateUpdated`, `uid`) VALUES ('35', '20', '3', '1', 'en_us', '20', '', '{\"typeId\":\"7\",\"authorId\":\"1\",\"title\":\"Cheez Whiz is Really Good on Celery Hearts, Y\'all!\",\"slug\":\"cheez-whiz-is-really-good-on-celery-hearts-yall\",\"postDate\":1409334060,\"expiryDate\":null,\"enabled\":1,\"fields\":{\"61\":\"#000000\",\"60\":\"1\",\"2\":\"<p>It really is nice. &nbsp;Gooey, cheesy, and you\'ll get nice and fat.<\\/p><p>\\r\\n\\tTrust.<\\/p><blockquote><p>Now that there is the Tec-9, a crappy spray gun from South Miami.<\\/p>\\r\\n<cite>Jackie Brown<\\/cite><\\/blockquote><h2>Carousel Example<\\/h2><ul class=\\\"owl-carousel\\\">\\r\\n<li><img src=\\\"http:\\/\\/lorempixel.com\\/g\\/320\\/240\\/animals\\\"><\\/li>\\r\\n<li><img src=\\\"http:\\/\\/lorempixel.com\\/g\\/320\\/240\\/animals\\\"><\\/li>\\r\\n<li><img src=\\\"http:\\/\\/lorempixel.com\\/g\\/320\\/240\\/animals\\\"><\\/li><\\/ul><h2>Comparison Example<\\/h2><ul class=\\\"comparison responsive\\\">\\r\\n<li class=\\\"compare\\\"><img src=\\\"http:\\/\\/lorempixel.com\\/g\\/320\\/240\\/animals\\\"><\\/li>\\r\\n<li class=\\\"compare\\\"><img src=\\\"http:\\/\\/lorempixel.com\\/g\\/320\\/240\\/animals\\\"><\\/li><\\/ul><h2>I am a section title<\\/h2><p>I like big cats and i can not lie purr while eating for behind the couch, so chew iPad power cord, yet hunt anything that moves, so give attitude, or stand in front of the computer screen. Sun bathe. Sleep on keyboard leave fur on owners clothes. Swat at dog inspect anything brought into the house rub face on everything, stand in front of the computer screen leave hair everywhere, or chase dog then run away intently sniff hand. Why must they do that find something else more interesting, and chase imaginary bugs find something else more interesting.<\\/p><h2>Another section<\\/h2><p>Sun bathe play time hack up furballs for climb leg. Inspect anything brought into the house stick butt in face, or under the bed lick butt. Chase imaginary bugs run in circles behind the couch sit in box or hunt by meowing loudly at 5am next to human slave food dispenser sleep in the bathroom sink. Nap all day leave fur on owners clothes swat at dog mark territory, and play time nap all day. Chew iPad power cord make muffins. Attack feet.<\\/p><h2>Code Sample<\\/h2><p><code class=\\\"code-html\\\">&lt;!DOCTYPE html&gt;\\r\\n&lt;title&gt;Title&lt;\\/title&gt;\\r\\n\\r\\n&lt;style&gt;body {width: 500px;}&lt;\\/style&gt;\\r\\n\\r\\n&lt;script type=\\\"application\\/javascript\\\"&gt;\\r\\n  function $init() {return true;}\\r\\n&lt;\\/script&gt;\\r\\n\\r\\n&lt;body&gt;\\r\\n  &lt;p checked class=\\\"title\\\" id=\'title\'&gt;Title&lt;\\/p&gt;\\r\\n  &lt;!-- here goes the rest of the page --&gt;\\r\\n&lt;\\/body&gt;<\\/code><\\/p><ul><li>Some kind of bullet point \'n\' shit<\\/li><li>Another bullet point, y\'all<\\/li><\\/ul><ol><li>An ordered list is a gentle, well-mannered list<\\/li><li>A list that you can take home to momma<\\/li><\\/ol><h2 class=\\\"rating\\\">Ease of Use&nbsp;<em>3\\/5<\\/em><\\/h2><p>A description of the rating and stuff.<\\/p>\",\"17\":[\"8\"],\"21\":\"<p>Get some!<\\/p>\",\"1\":\"Some find that the cheese is right in front of them their whole lives.\",\"62\":\"\",\"19\":\"\",\"16\":\"Heat it up in the micro, lads... then dip in that wacky celery that you\'re so fond of.\",\"3\":\"\"}}', '2014-09-22 15:31:23', '2014-09-22 15:31:23', 'ebafe777-f21b-400a-9f6d-7521810c0cdc');
INSERT INTO `entryversions` (`id`, `entryId`, `sectionId`, `creatorId`, `locale`, `num`, `notes`, `data`, `dateCreated`, `dateUpdated`, `uid`) VALUES ('36', '20', '3', '1', 'en_us', '21', '', '{\"typeId\":\"7\",\"authorId\":\"1\",\"title\":\"Cheez Whiz is Really Good on Celery Hearts, Y\'all!\",\"slug\":\"cheez-whiz-is-really-good-on-celery-hearts-yall\",\"postDate\":1409334060,\"expiryDate\":null,\"enabled\":1,\"fields\":{\"61\":\"#000000\",\"60\":\"1\",\"2\":\"<p>It really is nice. &nbsp;Gooey, cheesy, and you\'ll get nice and fat.<\\/p><p>\\r\\n\\tTrust.<\\/p><blockquote><p>Now that there is the Tec-9, a crappy spray gun from South Miami.<\\/p>\\r\\n<cite>Jackie Brown<\\/cite><\\/blockquote><h2>Carousel Example<\\/h2><ul class=\\\"owl-carousel\\\">\\r\\n<li><img src=\\\"http:\\/\\/lorempixel.com\\/g\\/320\\/240\\/animals\\\"><\\/li>\\r\\n<li><img src=\\\"http:\\/\\/lorempixel.com\\/g\\/320\\/240\\/food\\\"><\\/li>\\r\\n<li><img src=\\\"http:\\/\\/lorempixel.com\\/g\\/320\\/240\\/cats\\\"><\\/li><\\/ul><h2>Comparison Example<\\/h2><ul class=\\\"comparison responsive\\\">\\r\\n<li class=\\\"compare\\\"><img src=\\\"http:\\/\\/lorempixel.com\\/g\\/320\\/240\\/animals\\\"><\\/li>\\r\\n<li class=\\\"compare\\\"><img src=\\\"http:\\/\\/lorempixel.com\\/g\\/320\\/240\\/cats\\\"><\\/li><\\/ul><h2>I am a section title<\\/h2><p>I like big cats and i can not lie purr while eating for behind the couch, so chew iPad power cord, yet hunt anything that moves, so give attitude, or stand in front of the computer screen. Sun bathe. Sleep on keyboard leave fur on owners clothes. Swat at dog inspect anything brought into the house rub face on everything, stand in front of the computer screen leave hair everywhere, or chase dog then run away intently sniff hand. Why must they do that find something else more interesting, and chase imaginary bugs find something else more interesting.<\\/p><h2>Another section<\\/h2><p>Sun bathe play time hack up furballs for climb leg. Inspect anything brought into the house stick butt in face, or under the bed lick butt. Chase imaginary bugs run in circles behind the couch sit in box or hunt by meowing loudly at 5am next to human slave food dispenser sleep in the bathroom sink. Nap all day leave fur on owners clothes swat at dog mark territory, and play time nap all day. Chew iPad power cord make muffins. Attack feet.<\\/p><h2>Code Sample<\\/h2><p><code class=\\\"code-html\\\">&lt;!DOCTYPE html&gt;\\r\\n&lt;title&gt;Title&lt;\\/title&gt;\\r\\n\\r\\n&lt;style&gt;body {width: 500px;}&lt;\\/style&gt;\\r\\n\\r\\n&lt;script type=\\\"application\\/javascript\\\"&gt;\\r\\n  function $init() {return true;}\\r\\n&lt;\\/script&gt;\\r\\n\\r\\n&lt;body&gt;\\r\\n  &lt;p checked class=\\\"title\\\" id=\'title\'&gt;Title&lt;\\/p&gt;\\r\\n  &lt;!-- here goes the rest of the page --&gt;\\r\\n&lt;\\/body&gt;<\\/code><\\/p><ul><li>Some kind of bullet point \'n\' shit<\\/li><li>Another bullet point, y\'all<\\/li><\\/ul><ol><li>An ordered list is a gentle, well-mannered list<\\/li><li>A list that you can take home to momma<\\/li><\\/ol><h2 class=\\\"rating\\\">Ease of Use&nbsp;<em>3\\/5<\\/em><\\/h2><p>A description of the rating and stuff.<\\/p>\",\"17\":[\"8\"],\"21\":\"<p>Get some!<\\/p>\",\"1\":\"Some find that the cheese is right in front of them their whole lives.\",\"62\":\"\",\"19\":\"\",\"16\":\"Heat it up in the micro, lads... then dip in that wacky celery that you\'re so fond of.\",\"3\":\"\"}}', '2014-09-22 17:19:23', '2014-09-22 17:19:23', '24d2b7ce-d52b-4158-88bc-ebd241200f7d');



--
-- Schema for table `fieldgroups`
--

DROP TABLE IF EXISTS `fieldgroups`;

CREATE TABLE `fieldgroups` (
  `id` int(11) NOT NULL AUTO_INCREMENT,
  `name` varchar(255) COLLATE utf8_unicode_ci NOT NULL,
  `dateCreated` datetime NOT NULL,
  `dateUpdated` datetime NOT NULL,
  `uid` char(36) COLLATE utf8_unicode_ci NOT NULL DEFAULT '0',
  PRIMARY KEY (`id`),
  UNIQUE KEY `fieldgroups_name_unq_idx` (`name`)
) ENGINE=InnoDB AUTO_INCREMENT=8 DEFAULT CHARSET=utf8 COLLATE=utf8_unicode_ci;

--
-- Data for table `fieldgroups`
--

INSERT INTO `fieldgroups` (`id`, `name`, `dateCreated`, `dateUpdated`, `uid`) VALUES ('1', 'Default', '2014-07-22 18:49:19', '2014-07-22 18:49:19', '691b804c-6dee-44df-9bf8-0c8237a66312');
INSERT INTO `fieldgroups` (`id`, `name`, `dateCreated`, `dateUpdated`, `uid`) VALUES ('2', 'Article', '2014-08-18 19:52:27', '2014-08-18 19:52:27', '5fdcf2d5-9a16-48b7-ade4-d0f4c99e7c4b');
INSERT INTO `fieldgroups` (`id`, `name`, `dateCreated`, `dateUpdated`, `uid`) VALUES ('3', 'Portfolio', '2014-08-18 19:53:24', '2014-08-18 19:53:24', '02137f60-6cf4-4b50-8b22-3be25dffbf3e');
INSERT INTO `fieldgroups` (`id`, `name`, `dateCreated`, `dateUpdated`, `uid`) VALUES ('4', 'Team', '2014-08-18 19:57:57', '2014-08-18 19:57:57', '19bc9aec-48cd-48c4-bf25-e79719428c83');
INSERT INTO `fieldgroups` (`id`, `name`, `dateCreated`, `dateUpdated`, `uid`) VALUES ('5', 'Media', '2014-08-18 22:10:22', '2014-08-28 13:24:35', 'f076b52c-1fd2-4a17-8cf4-2d0bb592bcc1');
INSERT INTO `fieldgroups` (`id`, `name`, `dateCreated`, `dateUpdated`, `uid`) VALUES ('6', 'About', '2014-09-05 16:18:24', '2014-09-05 16:18:24', '2c111d65-5ae0-4dc8-adeb-643ebdd2a6ed');
INSERT INTO `fieldgroups` (`id`, `name`, `dateCreated`, `dateUpdated`, `uid`) VALUES ('7', 'Contact', '2014-09-05 18:11:32', '2014-09-05 18:11:32', 'c725f7eb-4118-4ed5-ab5d-e32a6920c076');



--
-- Schema for table `fieldlayoutfields`
--

DROP TABLE IF EXISTS `fieldlayoutfields`;

CREATE TABLE `fieldlayoutfields` (
  `id` int(11) NOT NULL AUTO_INCREMENT,
  `layoutId` int(11) NOT NULL,
  `tabId` int(11) DEFAULT NULL,
  `fieldId` int(11) NOT NULL,
  `required` tinyint(1) unsigned NOT NULL DEFAULT '0',
  `sortOrder` tinyint(4) DEFAULT NULL,
  `dateCreated` datetime NOT NULL,
  `dateUpdated` datetime NOT NULL,
  `uid` char(36) COLLATE utf8_unicode_ci NOT NULL DEFAULT '0',
  PRIMARY KEY (`id`),
  UNIQUE KEY `fieldlayoutfields_layoutId_fieldId_unq_idx` (`layoutId`,`fieldId`),
  KEY `fieldlayoutfields_sortOrder_idx` (`sortOrder`),
  KEY `fieldlayoutfields_tabId_fk` (`tabId`),
  KEY `fieldlayoutfields_fieldId_fk` (`fieldId`)
) ENGINE=InnoDB AUTO_INCREMENT=377 DEFAULT CHARSET=utf8 COLLATE=utf8_unicode_ci;

--
-- Data for table `fieldlayoutfields`
--

INSERT INTO `fieldlayoutfields` (`id`, `layoutId`, `tabId`, `fieldId`, `required`, `sortOrder`, `dateCreated`, `dateUpdated`, `uid`) VALUES ('1', '3', '1', '1', '1', '1', '2014-07-22 18:49:19', '2014-07-22 18:49:19', 'c37d8dd5-ea6f-4ffa-a333-0d2f548dba90');
INSERT INTO `fieldlayoutfields` (`id`, `layoutId`, `tabId`, `fieldId`, `required`, `sortOrder`, `dateCreated`, `dateUpdated`, `uid`) VALUES ('2', '3', '1', '2', '1', '2', '2014-07-22 18:49:19', '2014-07-22 18:49:19', 'cabe0def-39d0-4193-a297-59dd887bbc25');
INSERT INTO `fieldlayoutfields` (`id`, `layoutId`, `tabId`, `fieldId`, `required`, `sortOrder`, `dateCreated`, `dateUpdated`, `uid`) VALUES ('3', '5', '2', '2', '1', '1', '2014-07-22 18:49:19', '2014-07-22 18:49:19', '334488c0-a83c-4641-8ed9-a82504739561');
INSERT INTO `fieldlayoutfields` (`id`, `layoutId`, `tabId`, `fieldId`, `required`, `sortOrder`, `dateCreated`, `dateUpdated`, `uid`) VALUES ('4', '5', '2', '3', '0', '2', '2014-07-22 18:49:19', '2014-07-22 18:49:19', '36602b66-daa9-4334-b349-b30de918c6f8');
INSERT INTO `fieldlayoutfields` (`id`, `layoutId`, `tabId`, `fieldId`, `required`, `sortOrder`, `dateCreated`, `dateUpdated`, `uid`) VALUES ('5', '22', NULL, '11', '0', '1', '2014-08-18 21:09:54', '2014-08-18 21:09:54', '1f0a266e-b1f9-4b3d-adbb-085046bfd454');
INSERT INTO `fieldlayoutfields` (`id`, `layoutId`, `tabId`, `fieldId`, `required`, `sortOrder`, `dateCreated`, `dateUpdated`, `uid`) VALUES ('6', '22', NULL, '12', '0', '2', '2014-08-18 21:09:54', '2014-08-18 21:09:54', '8110f1a7-695c-4b76-872a-8e7fa099e546');
INSERT INTO `fieldlayoutfields` (`id`, `layoutId`, `tabId`, `fieldId`, `required`, `sortOrder`, `dateCreated`, `dateUpdated`, `uid`) VALUES ('7', '22', NULL, '13', '0', '3', '2014-08-18 21:09:54', '2014-08-18 21:09:54', '6f1026e0-0b00-47d8-a3bc-00b3f1093fd0');
INSERT INTO `fieldlayoutfields` (`id`, `layoutId`, `tabId`, `fieldId`, `required`, `sortOrder`, `dateCreated`, `dateUpdated`, `uid`) VALUES ('8', '22', NULL, '14', '0', '4', '2014-08-18 21:09:54', '2014-08-18 21:09:54', '656d7945-ce4d-41c3-aec5-003c0543666a');
INSERT INTO `fieldlayoutfields` (`id`, `layoutId`, `tabId`, `fieldId`, `required`, `sortOrder`, `dateCreated`, `dateUpdated`, `uid`) VALUES ('9', '23', NULL, '6', '1', '1', '2014-08-18 21:32:49', '2014-08-18 21:32:49', 'f02a7629-3446-4b6e-86f1-e2611df0af7f');
INSERT INTO `fieldlayoutfields` (`id`, `layoutId`, `tabId`, `fieldId`, `required`, `sortOrder`, `dateCreated`, `dateUpdated`, `uid`) VALUES ('10', '23', NULL, '7', '1', '2', '2014-08-18 21:32:49', '2014-08-18 21:32:49', '6997fd22-183c-41b1-8929-60db6c920f8b');
INSERT INTO `fieldlayoutfields` (`id`, `layoutId`, `tabId`, `fieldId`, `required`, `sortOrder`, `dateCreated`, `dateUpdated`, `uid`) VALUES ('11', '23', NULL, '8', '1', '3', '2014-08-18 21:32:49', '2014-08-18 21:32:49', '8f5f9bb1-792b-43d9-8ae4-719e507751a4');
INSERT INTO `fieldlayoutfields` (`id`, `layoutId`, `tabId`, `fieldId`, `required`, `sortOrder`, `dateCreated`, `dateUpdated`, `uid`) VALUES ('12', '23', NULL, '9', '1', '4', '2014-08-18 21:32:49', '2014-08-18 21:32:49', '33148611-0b0b-459f-819e-c608e3c10af2');
INSERT INTO `fieldlayoutfields` (`id`, `layoutId`, `tabId`, `fieldId`, `required`, `sortOrder`, `dateCreated`, `dateUpdated`, `uid`) VALUES ('13', '23', NULL, '10', '0', '5', '2014-08-18 21:32:49', '2014-08-18 21:32:49', '5cbfb6de-d092-4144-9fff-1c878b58b57d');
INSERT INTO `fieldlayoutfields` (`id`, `layoutId`, `tabId`, `fieldId`, `required`, `sortOrder`, `dateCreated`, `dateUpdated`, `uid`) VALUES ('263', '85', '49', '1', '1', '1', '2014-09-05 18:52:17', '2014-09-05 18:52:17', 'e56101e6-b9b4-4025-ad93-7a6b7a73074c');
INSERT INTO `fieldlayoutfields` (`id`, `layoutId`, `tabId`, `fieldId`, `required`, `sortOrder`, `dateCreated`, `dateUpdated`, `uid`) VALUES ('264', '85', '49', '57', '1', '2', '2014-09-05 18:52:17', '2014-09-05 18:52:17', 'a241e1f0-8316-4150-9e6c-8ba7561c7773');
INSERT INTO `fieldlayoutfields` (`id`, `layoutId`, `tabId`, `fieldId`, `required`, `sortOrder`, `dateCreated`, `dateUpdated`, `uid`) VALUES ('265', '85', '49', '59', '1', '3', '2014-09-05 18:52:17', '2014-09-05 18:52:17', 'fc9a265b-be13-44dd-b956-85c25cca83c5');
INSERT INTO `fieldlayoutfields` (`id`, `layoutId`, `tabId`, `fieldId`, `required`, `sortOrder`, `dateCreated`, `dateUpdated`, `uid`) VALUES ('266', '85', '49', '58', '1', '4', '2014-09-05 18:52:17', '2014-09-05 18:52:17', '627fd525-a4dd-4c68-b876-1501bc6a8a02');
INSERT INTO `fieldlayoutfields` (`id`, `layoutId`, `tabId`, `fieldId`, `required`, `sortOrder`, `dateCreated`, `dateUpdated`, `uid`) VALUES ('267', '86', '50', '24', '0', '1', '2014-09-05 18:52:45', '2014-09-05 18:52:45', '4ff3657e-fb79-4265-9a89-b0d73b5b5553');
INSERT INTO `fieldlayoutfields` (`id`, `layoutId`, `tabId`, `fieldId`, `required`, `sortOrder`, `dateCreated`, `dateUpdated`, `uid`) VALUES ('268', '86', '50', '1', '1', '2', '2014-09-05 18:52:45', '2014-09-05 18:52:45', '95c7f3bc-7c8d-457a-9b1c-04531dbb9cea');
INSERT INTO `fieldlayoutfields` (`id`, `layoutId`, `tabId`, `fieldId`, `required`, `sortOrder`, `dateCreated`, `dateUpdated`, `uid`) VALUES ('269', '86', '50', '25', '0', '3', '2014-09-05 18:52:45', '2014-09-05 18:52:45', '3897d065-64ea-40ea-9c84-be7483e5908a');
INSERT INTO `fieldlayoutfields` (`id`, `layoutId`, `tabId`, `fieldId`, `required`, `sortOrder`, `dateCreated`, `dateUpdated`, `uid`) VALUES ('270', '86', '50', '26', '1', '4', '2014-09-05 18:52:45', '2014-09-05 18:52:45', '979fbb6a-84c0-43cf-81eb-92995e011b21');
INSERT INTO `fieldlayoutfields` (`id`, `layoutId`, `tabId`, `fieldId`, `required`, `sortOrder`, `dateCreated`, `dateUpdated`, `uid`) VALUES ('271', '86', '50', '27', '1', '5', '2014-09-05 18:52:45', '2014-09-05 18:52:45', '8661278c-0c52-49c0-bb72-2658ff33a006');
INSERT INTO `fieldlayoutfields` (`id`, `layoutId`, `tabId`, `fieldId`, `required`, `sortOrder`, `dateCreated`, `dateUpdated`, `uid`) VALUES ('272', '86', '50', '28', '0', '6', '2014-09-05 18:52:45', '2014-09-05 18:52:45', '5c47041c-3935-46b7-9aa2-5dabe72c355e');
INSERT INTO `fieldlayoutfields` (`id`, `layoutId`, `tabId`, `fieldId`, `required`, `sortOrder`, `dateCreated`, `dateUpdated`, `uid`) VALUES ('273', '86', '50', '29', '1', '7', '2014-09-05 18:52:45', '2014-09-05 18:52:45', '810ab71e-71a9-47ab-a788-de0d485fb66a');
INSERT INTO `fieldlayoutfields` (`id`, `layoutId`, `tabId`, `fieldId`, `required`, `sortOrder`, `dateCreated`, `dateUpdated`, `uid`) VALUES ('274', '86', '50', '30', '1', '8', '2014-09-05 18:52:45', '2014-09-05 18:52:45', 'bf71d225-632f-4a58-846c-1c08b7b1a49b');
INSERT INTO `fieldlayoutfields` (`id`, `layoutId`, `tabId`, `fieldId`, `required`, `sortOrder`, `dateCreated`, `dateUpdated`, `uid`) VALUES ('275', '86', '50', '31', '1', '9', '2014-09-05 18:52:45', '2014-09-05 18:52:45', 'ceea68f6-d6f3-4404-9074-01a98eb34199');
INSERT INTO `fieldlayoutfields` (`id`, `layoutId`, `tabId`, `fieldId`, `required`, `sortOrder`, `dateCreated`, `dateUpdated`, `uid`) VALUES ('276', '86', '50', '32', '0', '10', '2014-09-05 18:52:45', '2014-09-05 18:52:45', '5f10838c-2294-4268-b2e1-3d0d31ce279d');
INSERT INTO `fieldlayoutfields` (`id`, `layoutId`, `tabId`, `fieldId`, `required`, `sortOrder`, `dateCreated`, `dateUpdated`, `uid`) VALUES ('277', '86', '50', '33', '1', '11', '2014-09-05 18:52:45', '2014-09-05 18:52:45', '968716c5-51f9-4ec8-99d9-a6499e660f76');
INSERT INTO `fieldlayoutfields` (`id`, `layoutId`, `tabId`, `fieldId`, `required`, `sortOrder`, `dateCreated`, `dateUpdated`, `uid`) VALUES ('278', '86', '50', '34', '1', '12', '2014-09-05 18:52:45', '2014-09-05 18:52:45', '14099737-2565-4c2c-bf3b-c4b6ac119c73');
INSERT INTO `fieldlayoutfields` (`id`, `layoutId`, `tabId`, `fieldId`, `required`, `sortOrder`, `dateCreated`, `dateUpdated`, `uid`) VALUES ('279', '86', '50', '35', '0', '13', '2014-09-05 18:52:45', '2014-09-05 18:52:45', 'a0953a35-8b76-481d-ac89-d398c7475785');
INSERT INTO `fieldlayoutfields` (`id`, `layoutId`, `tabId`, `fieldId`, `required`, `sortOrder`, `dateCreated`, `dateUpdated`, `uid`) VALUES ('280', '86', '50', '36', '1', '14', '2014-09-05 18:52:45', '2014-09-05 18:52:45', '87464b99-1934-4eff-8dbd-536802599f6d');
INSERT INTO `fieldlayoutfields` (`id`, `layoutId`, `tabId`, `fieldId`, `required`, `sortOrder`, `dateCreated`, `dateUpdated`, `uid`) VALUES ('281', '86', '50', '37', '0', '15', '2014-09-05 18:52:45', '2014-09-05 18:52:45', 'b5168310-8ab9-4b5c-a66e-e26b2e17680d');
INSERT INTO `fieldlayoutfields` (`id`, `layoutId`, `tabId`, `fieldId`, `required`, `sortOrder`, `dateCreated`, `dateUpdated`, `uid`) VALUES ('282', '86', '50', '38', '1', '16', '2014-09-05 18:52:45', '2014-09-05 18:52:45', '3e97b194-db38-42d3-a364-46b0aa9d8bc3');
INSERT INTO `fieldlayoutfields` (`id`, `layoutId`, `tabId`, `fieldId`, `required`, `sortOrder`, `dateCreated`, `dateUpdated`, `uid`) VALUES ('283', '86', '50', '39', '1', '17', '2014-09-05 18:52:45', '2014-09-05 18:52:45', 'c186768f-8c3e-466b-ade1-f0c313c36abe');
INSERT INTO `fieldlayoutfields` (`id`, `layoutId`, `tabId`, `fieldId`, `required`, `sortOrder`, `dateCreated`, `dateUpdated`, `uid`) VALUES ('284', '86', '50', '42', '0', '18', '2014-09-05 18:52:45', '2014-09-05 18:52:45', '8014d69f-5626-4a8d-b4d5-196481dba42e');
INSERT INTO `fieldlayoutfields` (`id`, `layoutId`, `tabId`, `fieldId`, `required`, `sortOrder`, `dateCreated`, `dateUpdated`, `uid`) VALUES ('285', '86', '50', '40', '1', '19', '2014-09-05 18:52:45', '2014-09-05 18:52:45', '1c0390df-e7cb-4b16-b2d4-ee493b24c414');
INSERT INTO `fieldlayoutfields` (`id`, `layoutId`, `tabId`, `fieldId`, `required`, `sortOrder`, `dateCreated`, `dateUpdated`, `uid`) VALUES ('286', '86', '50', '41', '0', '20', '2014-09-05 18:52:45', '2014-09-05 18:52:45', 'f43308b3-1398-4abb-b55e-f6cd63a7fda0');
INSERT INTO `fieldlayoutfields` (`id`, `layoutId`, `tabId`, `fieldId`, `required`, `sortOrder`, `dateCreated`, `dateUpdated`, `uid`) VALUES ('287', '86', '50', '43', '1', '21', '2014-09-05 18:52:45', '2014-09-05 18:52:45', '7e325fb6-9cd6-44a0-bb76-2b5c34321077');
INSERT INTO `fieldlayoutfields` (`id`, `layoutId`, `tabId`, `fieldId`, `required`, `sortOrder`, `dateCreated`, `dateUpdated`, `uid`) VALUES ('288', '86', '50', '44', '1', '22', '2014-09-05 18:52:45', '2014-09-05 18:52:45', 'ebdfc8c8-c01b-4319-9c32-9e462aa27ab1');
INSERT INTO `fieldlayoutfields` (`id`, `layoutId`, `tabId`, `fieldId`, `required`, `sortOrder`, `dateCreated`, `dateUpdated`, `uid`) VALUES ('289', '86', '50', '47', '0', '23', '2014-09-05 18:52:45', '2014-09-05 18:52:45', '35661afb-1017-4cbf-ab9c-484f6d7cd1d0');
INSERT INTO `fieldlayoutfields` (`id`, `layoutId`, `tabId`, `fieldId`, `required`, `sortOrder`, `dateCreated`, `dateUpdated`, `uid`) VALUES ('290', '86', '50', '45', '1', '24', '2014-09-05 18:52:45', '2014-09-05 18:52:45', 'f1d0fb39-7b66-4d21-9b3a-07237ae8bdd3');
INSERT INTO `fieldlayoutfields` (`id`, `layoutId`, `tabId`, `fieldId`, `required`, `sortOrder`, `dateCreated`, `dateUpdated`, `uid`) VALUES ('291', '86', '50', '46', '0', '25', '2014-09-05 18:52:45', '2014-09-05 18:52:45', '8768b21a-e12d-4b77-9c1a-db8ad9f8ca72');
INSERT INTO `fieldlayoutfields` (`id`, `layoutId`, `tabId`, `fieldId`, `required`, `sortOrder`, `dateCreated`, `dateUpdated`, `uid`) VALUES ('292', '86', '50', '48', '1', '26', '2014-09-05 18:52:45', '2014-09-05 18:52:45', 'bbe4580b-5b67-4746-84e9-83a88ec7aa3c');
INSERT INTO `fieldlayoutfields` (`id`, `layoutId`, `tabId`, `fieldId`, `required`, `sortOrder`, `dateCreated`, `dateUpdated`, `uid`) VALUES ('293', '86', '50', '49', '1', '27', '2014-09-05 18:52:45', '2014-09-05 18:52:45', 'e537b132-93a3-4d40-8981-a3427ccc637d');
INSERT INTO `fieldlayoutfields` (`id`, `layoutId`, `tabId`, `fieldId`, `required`, `sortOrder`, `dateCreated`, `dateUpdated`, `uid`) VALUES ('294', '86', '50', '50', '1', '28', '2014-09-05 18:52:45', '2014-09-05 18:52:45', '72516198-5ad6-4aaf-9178-307f0e760663');
INSERT INTO `fieldlayoutfields` (`id`, `layoutId`, `tabId`, `fieldId`, `required`, `sortOrder`, `dateCreated`, `dateUpdated`, `uid`) VALUES ('295', '86', '50', '51', '0', '29', '2014-09-05 18:52:45', '2014-09-05 18:52:45', 'b4424282-b1e7-40d7-b9b7-abc9d71058eb');
INSERT INTO `fieldlayoutfields` (`id`, `layoutId`, `tabId`, `fieldId`, `required`, `sortOrder`, `dateCreated`, `dateUpdated`, `uid`) VALUES ('296', '86', '50', '52', '1', '30', '2014-09-05 18:52:45', '2014-09-05 18:52:45', 'e8b6dfa3-4691-41c6-97b8-0ea9ac841991');
INSERT INTO `fieldlayoutfields` (`id`, `layoutId`, `tabId`, `fieldId`, `required`, `sortOrder`, `dateCreated`, `dateUpdated`, `uid`) VALUES ('297', '86', '50', '53', '1', '31', '2014-09-05 18:52:45', '2014-09-05 18:52:45', '133c575b-774f-487a-8da2-a3eeb4434aba');
INSERT INTO `fieldlayoutfields` (`id`, `layoutId`, `tabId`, `fieldId`, `required`, `sortOrder`, `dateCreated`, `dateUpdated`, `uid`) VALUES ('298', '86', '50', '54', '1', '32', '2014-09-05 18:52:45', '2014-09-05 18:52:45', '66aad6a5-3795-4868-bfcc-3c6cdd2faf66');
INSERT INTO `fieldlayoutfields` (`id`, `layoutId`, `tabId`, `fieldId`, `required`, `sortOrder`, `dateCreated`, `dateUpdated`, `uid`) VALUES ('299', '86', '50', '55', '0', '33', '2014-09-05 18:52:45', '2014-09-05 18:52:45', '2b4e6b50-f570-4a2d-90b5-0b24115936eb');
INSERT INTO `fieldlayoutfields` (`id`, `layoutId`, `tabId`, `fieldId`, `required`, `sortOrder`, `dateCreated`, `dateUpdated`, `uid`) VALUES ('300', '86', '50', '56', '1', '34', '2014-09-05 18:52:45', '2014-09-05 18:52:45', 'b6d7a833-c3ee-46f5-a367-b36528819b29');
INSERT INTO `fieldlayoutfields` (`id`, `layoutId`, `tabId`, `fieldId`, `required`, `sortOrder`, `dateCreated`, `dateUpdated`, `uid`) VALUES ('308', '89', '52', '1', '0', '1', '2014-09-17 15:30:58', '2014-09-17 15:30:58', '7df845b4-0ff2-4a3d-b56c-f4b22688034c');
INSERT INTO `fieldlayoutfields` (`id`, `layoutId`, `tabId`, `fieldId`, `required`, `sortOrder`, `dateCreated`, `dateUpdated`, `uid`) VALUES ('309', '89', '52', '17', '1', '2', '2014-09-17 15:30:58', '2014-09-17 15:30:58', '1a688d90-e566-4083-a209-e5e2f55f146e');
INSERT INTO `fieldlayoutfields` (`id`, `layoutId`, `tabId`, `fieldId`, `required`, `sortOrder`, `dateCreated`, `dateUpdated`, `uid`) VALUES ('310', '89', '52', '16', '1', '3', '2014-09-17 15:30:58', '2014-09-17 15:30:58', '77022131-7726-4c3e-945c-63da7cba220f');
INSERT INTO `fieldlayoutfields` (`id`, `layoutId`, `tabId`, `fieldId`, `required`, `sortOrder`, `dateCreated`, `dateUpdated`, `uid`) VALUES ('311', '89', '52', '2', '1', '4', '2014-09-17 15:30:58', '2014-09-17 15:30:58', '867abcad-c398-4029-b22b-d8c90b2aecb2');
INSERT INTO `fieldlayoutfields` (`id`, `layoutId`, `tabId`, `fieldId`, `required`, `sortOrder`, `dateCreated`, `dateUpdated`, `uid`) VALUES ('312', '89', '52', '21', '0', '5', '2014-09-17 15:30:58', '2014-09-17 15:30:58', '966b1f78-c356-4de0-902a-febed830abb8');
INSERT INTO `fieldlayoutfields` (`id`, `layoutId`, `tabId`, `fieldId`, `required`, `sortOrder`, `dateCreated`, `dateUpdated`, `uid`) VALUES ('313', '89', '52', '19', '0', '6', '2014-09-17 15:30:58', '2014-09-17 15:30:58', '8a1060b5-1d8e-48c6-a6d5-6aa193bd1fbc');
INSERT INTO `fieldlayoutfields` (`id`, `layoutId`, `tabId`, `fieldId`, `required`, `sortOrder`, `dateCreated`, `dateUpdated`, `uid`) VALUES ('314', '89', '52', '3', '0', '7', '2014-09-17 15:30:58', '2014-09-17 15:30:58', 'ff48d9a2-91eb-40ce-ab11-3bb4231b31c3');
INSERT INTO `fieldlayoutfields` (`id`, `layoutId`, `tabId`, `fieldId`, `required`, `sortOrder`, `dateCreated`, `dateUpdated`, `uid`) VALUES ('315', '89', '52', '61', '0', '8', '2014-09-17 15:30:58', '2014-09-17 15:30:58', 'fc2b8aad-757c-46da-85dd-92b72ef5a436');
INSERT INTO `fieldlayoutfields` (`id`, `layoutId`, `tabId`, `fieldId`, `required`, `sortOrder`, `dateCreated`, `dateUpdated`, `uid`) VALUES ('316', '89', '52', '60', '0', '9', '2014-09-17 15:30:58', '2014-09-17 15:30:58', 'eadd9afb-a795-4765-b2a3-60c015189686');
INSERT INTO `fieldlayoutfields` (`id`, `layoutId`, `tabId`, `fieldId`, `required`, `sortOrder`, `dateCreated`, `dateUpdated`, `uid`) VALUES ('317', '89', '52', '62', '0', '10', '2014-09-17 15:30:58', '2014-09-17 15:30:58', 'fcd7ffad-53d0-4c45-99f0-a6a1a2ceb725');
INSERT INTO `fieldlayoutfields` (`id`, `layoutId`, `tabId`, `fieldId`, `required`, `sortOrder`, `dateCreated`, `dateUpdated`, `uid`) VALUES ('318', '90', '53', '1', '0', '1', '2014-09-17 15:31:16', '2014-09-17 15:31:16', 'be2e1408-d69e-4b63-95f9-2eca33f368b2');
INSERT INTO `fieldlayoutfields` (`id`, `layoutId`, `tabId`, `fieldId`, `required`, `sortOrder`, `dateCreated`, `dateUpdated`, `uid`) VALUES ('319', '90', '53', '17', '1', '2', '2014-09-17 15:31:16', '2014-09-17 15:31:16', '02ad4a5d-cec2-4352-a3df-10bd6bb0cec5');
INSERT INTO `fieldlayoutfields` (`id`, `layoutId`, `tabId`, `fieldId`, `required`, `sortOrder`, `dateCreated`, `dateUpdated`, `uid`) VALUES ('320', '90', '53', '2', '1', '3', '2014-09-17 15:31:16', '2014-09-17 15:31:16', 'a9d2131d-efe6-4bea-88d4-cf02e02a11e7');
INSERT INTO `fieldlayoutfields` (`id`, `layoutId`, `tabId`, `fieldId`, `required`, `sortOrder`, `dateCreated`, `dateUpdated`, `uid`) VALUES ('321', '90', '53', '3', '0', '4', '2014-09-17 15:31:16', '2014-09-17 15:31:16', '27fd3169-8219-4713-a553-67565cbf69f5');
INSERT INTO `fieldlayoutfields` (`id`, `layoutId`, `tabId`, `fieldId`, `required`, `sortOrder`, `dateCreated`, `dateUpdated`, `uid`) VALUES ('322', '90', '53', '61', '0', '5', '2014-09-17 15:31:16', '2014-09-17 15:31:16', 'a477ce88-022e-4b89-aa9b-d0723bbb946c');
INSERT INTO `fieldlayoutfields` (`id`, `layoutId`, `tabId`, `fieldId`, `required`, `sortOrder`, `dateCreated`, `dateUpdated`, `uid`) VALUES ('323', '90', '53', '60', '0', '6', '2014-09-17 15:31:16', '2014-09-17 15:31:16', '8c02bbc1-b92f-492f-a711-63a3ae8eeec8');
INSERT INTO `fieldlayoutfields` (`id`, `layoutId`, `tabId`, `fieldId`, `required`, `sortOrder`, `dateCreated`, `dateUpdated`, `uid`) VALUES ('324', '90', '53', '62', '0', '7', '2014-09-17 15:31:16', '2014-09-17 15:31:16', '243c2c3e-2376-4279-9850-9325a39cfe2b');
INSERT INTO `fieldlayoutfields` (`id`, `layoutId`, `tabId`, `fieldId`, `required`, `sortOrder`, `dateCreated`, `dateUpdated`, `uid`) VALUES ('325', '91', '54', '1', '0', '1', '2014-09-17 15:31:43', '2014-09-17 15:31:43', '160176d6-5e95-4068-a8b1-8c027f283435');
INSERT INTO `fieldlayoutfields` (`id`, `layoutId`, `tabId`, `fieldId`, `required`, `sortOrder`, `dateCreated`, `dateUpdated`, `uid`) VALUES ('326', '91', '54', '17', '1', '2', '2014-09-17 15:31:43', '2014-09-17 15:31:43', '69ed12f5-eb9e-4760-ae25-816d6fe4b2ab');
INSERT INTO `fieldlayoutfields` (`id`, `layoutId`, `tabId`, `fieldId`, `required`, `sortOrder`, `dateCreated`, `dateUpdated`, `uid`) VALUES ('327', '91', '54', '16', '1', '3', '2014-09-17 15:31:43', '2014-09-17 15:31:43', '6e9a830b-a173-41e3-855d-0a079f2fa25c');
INSERT INTO `fieldlayoutfields` (`id`, `layoutId`, `tabId`, `fieldId`, `required`, `sortOrder`, `dateCreated`, `dateUpdated`, `uid`) VALUES ('328', '91', '54', '2', '1', '4', '2014-09-17 15:31:43', '2014-09-17 15:31:43', 'bddacbf1-797b-4a3b-9626-ffccb5d081c0');
INSERT INTO `fieldlayoutfields` (`id`, `layoutId`, `tabId`, `fieldId`, `required`, `sortOrder`, `dateCreated`, `dateUpdated`, `uid`) VALUES ('329', '91', '54', '21', '0', '5', '2014-09-17 15:31:43', '2014-09-17 15:31:43', '040fe93e-b92a-46e9-9507-cd3b5c02864d');
INSERT INTO `fieldlayoutfields` (`id`, `layoutId`, `tabId`, `fieldId`, `required`, `sortOrder`, `dateCreated`, `dateUpdated`, `uid`) VALUES ('330', '91', '54', '19', '0', '6', '2014-09-17 15:31:43', '2014-09-17 15:31:43', '0f995690-a88d-450d-ab8f-dce1e5d0c121');
INSERT INTO `fieldlayoutfields` (`id`, `layoutId`, `tabId`, `fieldId`, `required`, `sortOrder`, `dateCreated`, `dateUpdated`, `uid`) VALUES ('331', '91', '54', '3', '0', '7', '2014-09-17 15:31:43', '2014-09-17 15:31:43', '30b1ae70-d87a-446c-8ace-7f1d2c7f8dce');
INSERT INTO `fieldlayoutfields` (`id`, `layoutId`, `tabId`, `fieldId`, `required`, `sortOrder`, `dateCreated`, `dateUpdated`, `uid`) VALUES ('332', '91', '54', '61', '0', '8', '2014-09-17 15:31:43', '2014-09-17 15:31:43', '9c4ea1ae-7cfe-4aeb-9bd3-cccb85e8dc8c');
INSERT INTO `fieldlayoutfields` (`id`, `layoutId`, `tabId`, `fieldId`, `required`, `sortOrder`, `dateCreated`, `dateUpdated`, `uid`) VALUES ('333', '91', '54', '60', '0', '9', '2014-09-17 15:31:43', '2014-09-17 15:31:43', '175b6a58-8f75-449b-98c3-17b318901a62');
INSERT INTO `fieldlayoutfields` (`id`, `layoutId`, `tabId`, `fieldId`, `required`, `sortOrder`, `dateCreated`, `dateUpdated`, `uid`) VALUES ('334', '91', '54', '62', '0', '10', '2014-09-17 15:31:43', '2014-09-17 15:31:43', '945515cb-1297-4832-9d76-03627c658eca');
INSERT INTO `fieldlayoutfields` (`id`, `layoutId`, `tabId`, `fieldId`, `required`, `sortOrder`, `dateCreated`, `dateUpdated`, `uid`) VALUES ('335', '92', '55', '1', '0', '1', '2014-09-17 15:32:17', '2014-09-17 15:32:17', '96d888a4-e626-4a56-8b60-d4b9bcbd076a');
INSERT INTO `fieldlayoutfields` (`id`, `layoutId`, `tabId`, `fieldId`, `required`, `sortOrder`, `dateCreated`, `dateUpdated`, `uid`) VALUES ('336', '92', '55', '17', '1', '2', '2014-09-17 15:32:17', '2014-09-17 15:32:17', '679d9284-b117-4a18-84ec-270a2d683f76');
INSERT INTO `fieldlayoutfields` (`id`, `layoutId`, `tabId`, `fieldId`, `required`, `sortOrder`, `dateCreated`, `dateUpdated`, `uid`) VALUES ('337', '92', '55', '16', '1', '3', '2014-09-17 15:32:17', '2014-09-17 15:32:17', '4b02512d-6bc8-4523-b82a-bb0176ed4350');
INSERT INTO `fieldlayoutfields` (`id`, `layoutId`, `tabId`, `fieldId`, `required`, `sortOrder`, `dateCreated`, `dateUpdated`, `uid`) VALUES ('338', '92', '55', '2', '1', '4', '2014-09-17 15:32:17', '2014-09-17 15:32:17', 'a164a112-4b0a-4385-835f-119777bb0efb');
INSERT INTO `fieldlayoutfields` (`id`, `layoutId`, `tabId`, `fieldId`, `required`, `sortOrder`, `dateCreated`, `dateUpdated`, `uid`) VALUES ('339', '92', '55', '21', '0', '5', '2014-09-17 15:32:17', '2014-09-17 15:32:17', 'e8af220f-6bc8-4043-a2b1-f14dc1fa374b');
INSERT INTO `fieldlayoutfields` (`id`, `layoutId`, `tabId`, `fieldId`, `required`, `sortOrder`, `dateCreated`, `dateUpdated`, `uid`) VALUES ('340', '92', '55', '19', '0', '6', '2014-09-17 15:32:17', '2014-09-17 15:32:17', 'f595fbc1-84a8-46dd-972b-7164827c02b7');
INSERT INTO `fieldlayoutfields` (`id`, `layoutId`, `tabId`, `fieldId`, `required`, `sortOrder`, `dateCreated`, `dateUpdated`, `uid`) VALUES ('341', '92', '55', '3', '0', '7', '2014-09-17 15:32:17', '2014-09-17 15:32:17', '30e32052-94c1-4b81-b131-d2de6b9b9275');
INSERT INTO `fieldlayoutfields` (`id`, `layoutId`, `tabId`, `fieldId`, `required`, `sortOrder`, `dateCreated`, `dateUpdated`, `uid`) VALUES ('342', '92', '55', '61', '0', '8', '2014-09-17 15:32:17', '2014-09-17 15:32:17', 'fb015fd1-7eb5-4f0a-9450-3dc745a8927e');
INSERT INTO `fieldlayoutfields` (`id`, `layoutId`, `tabId`, `fieldId`, `required`, `sortOrder`, `dateCreated`, `dateUpdated`, `uid`) VALUES ('343', '92', '55', '60', '0', '9', '2014-09-17 15:32:17', '2014-09-17 15:32:17', '636a2280-b4f5-4dfd-a374-c6dacbbed5f3');
INSERT INTO `fieldlayoutfields` (`id`, `layoutId`, `tabId`, `fieldId`, `required`, `sortOrder`, `dateCreated`, `dateUpdated`, `uid`) VALUES ('344', '92', '55', '62', '0', '10', '2014-09-17 15:32:17', '2014-09-17 15:32:17', '73e66933-4cf8-4e18-9e8e-af2658f94307');
INSERT INTO `fieldlayoutfields` (`id`, `layoutId`, `tabId`, `fieldId`, `required`, `sortOrder`, `dateCreated`, `dateUpdated`, `uid`) VALUES ('345', '93', '56', '1', '0', '1', '2014-09-17 15:33:45', '2014-09-17 15:33:45', '5544c87a-94a5-4022-87f3-6b375de64860');
INSERT INTO `fieldlayoutfields` (`id`, `layoutId`, `tabId`, `fieldId`, `required`, `sortOrder`, `dateCreated`, `dateUpdated`, `uid`) VALUES ('346', '93', '56', '17', '1', '2', '2014-09-17 15:33:45', '2014-09-17 15:33:45', '056aa617-0b60-41e7-931a-b6b397031498');
INSERT INTO `fieldlayoutfields` (`id`, `layoutId`, `tabId`, `fieldId`, `required`, `sortOrder`, `dateCreated`, `dateUpdated`, `uid`) VALUES ('347', '93', '56', '23', '1', '3', '2014-09-17 15:33:45', '2014-09-17 15:33:45', '77a02507-041e-46de-ab43-df8e7ac28847');
INSERT INTO `fieldlayoutfields` (`id`, `layoutId`, `tabId`, `fieldId`, `required`, `sortOrder`, `dateCreated`, `dateUpdated`, `uid`) VALUES ('348', '93', '56', '3', '0', '4', '2014-09-17 15:33:45', '2014-09-17 15:33:45', '920dfc6a-44e9-4dd3-9955-40a0078e0e38');
INSERT INTO `fieldlayoutfields` (`id`, `layoutId`, `tabId`, `fieldId`, `required`, `sortOrder`, `dateCreated`, `dateUpdated`, `uid`) VALUES ('349', '93', '56', '61', '0', '5', '2014-09-17 15:33:45', '2014-09-17 15:33:45', '287d6387-d614-469e-90a9-5d71b4cd21f7');
INSERT INTO `fieldlayoutfields` (`id`, `layoutId`, `tabId`, `fieldId`, `required`, `sortOrder`, `dateCreated`, `dateUpdated`, `uid`) VALUES ('350', '93', '56', '60', '0', '6', '2014-09-17 15:33:45', '2014-09-17 15:33:45', '047f665d-d681-46ef-b4f3-49d8d05b6676');
INSERT INTO `fieldlayoutfields` (`id`, `layoutId`, `tabId`, `fieldId`, `required`, `sortOrder`, `dateCreated`, `dateUpdated`, `uid`) VALUES ('351', '93', '56', '62', '0', '7', '2014-09-17 15:33:45', '2014-09-17 15:33:45', 'bc4bf1f5-df07-4ea4-803d-53e2b91f366f');
INSERT INTO `fieldlayoutfields` (`id`, `layoutId`, `tabId`, `fieldId`, `required`, `sortOrder`, `dateCreated`, `dateUpdated`, `uid`) VALUES ('352', '94', '57', '1', '0', '1', '2014-09-17 15:34:18', '2014-09-17 15:34:18', '4117bee2-3f17-4072-a79d-ae4567e351a1');
INSERT INTO `fieldlayoutfields` (`id`, `layoutId`, `tabId`, `fieldId`, `required`, `sortOrder`, `dateCreated`, `dateUpdated`, `uid`) VALUES ('353', '94', '57', '17', '1', '2', '2014-09-17 15:34:18', '2014-09-17 15:34:18', '42a32dcc-6d92-4739-9bc5-4d30b293f004');
INSERT INTO `fieldlayoutfields` (`id`, `layoutId`, `tabId`, `fieldId`, `required`, `sortOrder`, `dateCreated`, `dateUpdated`, `uid`) VALUES ('354', '94', '57', '22', '1', '3', '2014-09-17 15:34:18', '2014-09-17 15:34:18', 'd89fd002-56ae-4e74-a8b4-64aa03206250');
INSERT INTO `fieldlayoutfields` (`id`, `layoutId`, `tabId`, `fieldId`, `required`, `sortOrder`, `dateCreated`, `dateUpdated`, `uid`) VALUES ('355', '94', '57', '3', '0', '4', '2014-09-17 15:34:18', '2014-09-17 15:34:18', '6ca14713-d37b-437c-a82b-8ba33d422086');
INSERT INTO `fieldlayoutfields` (`id`, `layoutId`, `tabId`, `fieldId`, `required`, `sortOrder`, `dateCreated`, `dateUpdated`, `uid`) VALUES ('356', '94', '57', '61', '0', '5', '2014-09-17 15:34:18', '2014-09-17 15:34:18', '2923aa4a-a9ff-4901-a52f-8d01f8905bd5');
INSERT INTO `fieldlayoutfields` (`id`, `layoutId`, `tabId`, `fieldId`, `required`, `sortOrder`, `dateCreated`, `dateUpdated`, `uid`) VALUES ('357', '94', '57', '60', '0', '6', '2014-09-17 15:34:18', '2014-09-17 15:34:18', '4237bbfe-9dd0-4ef6-863f-a024e7d68399');
INSERT INTO `fieldlayoutfields` (`id`, `layoutId`, `tabId`, `fieldId`, `required`, `sortOrder`, `dateCreated`, `dateUpdated`, `uid`) VALUES ('358', '94', '57', '62', '0', '7', '2014-09-17 15:34:18', '2014-09-17 15:34:18', 'b90ae164-8d64-4f96-a883-2f84a823df07');
INSERT INTO `fieldlayoutfields` (`id`, `layoutId`, `tabId`, `fieldId`, `required`, `sortOrder`, `dateCreated`, `dateUpdated`, `uid`) VALUES ('359', '95', '58', '1', '1', '1', '2014-09-17 15:35:00', '2014-09-17 15:35:00', 'd6f96924-773a-498a-a728-80369510148b');
INSERT INTO `fieldlayoutfields` (`id`, `layoutId`, `tabId`, `fieldId`, `required`, `sortOrder`, `dateCreated`, `dateUpdated`, `uid`) VALUES ('360', '95', '58', '20', '0', '2', '2014-09-17 15:35:00', '2014-09-17 15:35:00', '010ec493-53c1-4da8-afc1-e69a63ca229f');
INSERT INTO `fieldlayoutfields` (`id`, `layoutId`, `tabId`, `fieldId`, `required`, `sortOrder`, `dateCreated`, `dateUpdated`, `uid`) VALUES ('361', '95', '58', '16', '0', '3', '2014-09-17 15:35:00', '2014-09-17 15:35:00', '53bbd012-d994-4ecb-94b7-9f506f1a4e7a');
INSERT INTO `fieldlayoutfields` (`id`, `layoutId`, `tabId`, `fieldId`, `required`, `sortOrder`, `dateCreated`, `dateUpdated`, `uid`) VALUES ('362', '95', '58', '2', '1', '4', '2014-09-17 15:35:00', '2014-09-17 15:35:00', 'dda630e1-598c-4937-8112-1028109f965d');
INSERT INTO `fieldlayoutfields` (`id`, `layoutId`, `tabId`, `fieldId`, `required`, `sortOrder`, `dateCreated`, `dateUpdated`, `uid`) VALUES ('363', '95', '58', '21', '0', '5', '2014-09-17 15:35:00', '2014-09-17 15:35:00', '4095e4a7-87fd-4650-bc6d-741154e5423e');
INSERT INTO `fieldlayoutfields` (`id`, `layoutId`, `tabId`, `fieldId`, `required`, `sortOrder`, `dateCreated`, `dateUpdated`, `uid`) VALUES ('364', '95', '58', '3', '0', '6', '2014-09-17 15:35:00', '2014-09-17 15:35:00', '3cb37027-196a-487b-8bdc-0699b481312d');
INSERT INTO `fieldlayoutfields` (`id`, `layoutId`, `tabId`, `fieldId`, `required`, `sortOrder`, `dateCreated`, `dateUpdated`, `uid`) VALUES ('365', '95', '58', '61', '0', '7', '2014-09-17 15:35:00', '2014-09-17 15:35:00', '7ac4db89-fd1a-4a29-befa-8c5fdccbbd69');
INSERT INTO `fieldlayoutfields` (`id`, `layoutId`, `tabId`, `fieldId`, `required`, `sortOrder`, `dateCreated`, `dateUpdated`, `uid`) VALUES ('366', '95', '58', '60', '0', '8', '2014-09-17 15:35:00', '2014-09-17 15:35:00', 'dfc0fe1d-f7cc-43d1-8390-498ed3c64aa4');
INSERT INTO `fieldlayoutfields` (`id`, `layoutId`, `tabId`, `fieldId`, `required`, `sortOrder`, `dateCreated`, `dateUpdated`, `uid`) VALUES ('367', '95', '58', '62', '0', '9', '2014-09-17 15:35:00', '2014-09-17 15:35:00', 'd0d1f85b-6650-4a9c-be9b-46f5f8b08791');
INSERT INTO `fieldlayoutfields` (`id`, `layoutId`, `tabId`, `fieldId`, `required`, `sortOrder`, `dateCreated`, `dateUpdated`, `uid`) VALUES ('368', '96', '59', '1', '1', '1', '2014-09-17 15:35:40', '2014-09-17 15:35:40', '4428e3cb-fed6-4d83-94b3-092b8003dba9');
INSERT INTO `fieldlayoutfields` (`id`, `layoutId`, `tabId`, `fieldId`, `required`, `sortOrder`, `dateCreated`, `dateUpdated`, `uid`) VALUES ('369', '96', '59', '20', '0', '2', '2014-09-17 15:35:40', '2014-09-17 15:35:40', '7ef26d45-b967-44a1-8937-e1740e4f31e3');
INSERT INTO `fieldlayoutfields` (`id`, `layoutId`, `tabId`, `fieldId`, `required`, `sortOrder`, `dateCreated`, `dateUpdated`, `uid`) VALUES ('370', '96', '59', '16', '0', '3', '2014-09-17 15:35:40', '2014-09-17 15:35:40', 'a4a7f866-ee4c-4ab4-876f-c96be108f1e0');
INSERT INTO `fieldlayoutfields` (`id`, `layoutId`, `tabId`, `fieldId`, `required`, `sortOrder`, `dateCreated`, `dateUpdated`, `uid`) VALUES ('371', '96', '59', '2', '1', '4', '2014-09-17 15:35:40', '2014-09-17 15:35:40', 'c455b1b6-6782-46b3-9e81-eafc12d327e8');
INSERT INTO `fieldlayoutfields` (`id`, `layoutId`, `tabId`, `fieldId`, `required`, `sortOrder`, `dateCreated`, `dateUpdated`, `uid`) VALUES ('372', '96', '59', '21', '0', '5', '2014-09-17 15:35:40', '2014-09-17 15:35:40', 'e4bb4040-eee2-4dda-99de-381f3ad93209');
INSERT INTO `fieldlayoutfields` (`id`, `layoutId`, `tabId`, `fieldId`, `required`, `sortOrder`, `dateCreated`, `dateUpdated`, `uid`) VALUES ('373', '96', '59', '3', '0', '6', '2014-09-17 15:35:40', '2014-09-17 15:35:40', '6d492714-6e17-4566-93ab-d11f7d777fb2');
INSERT INTO `fieldlayoutfields` (`id`, `layoutId`, `tabId`, `fieldId`, `required`, `sortOrder`, `dateCreated`, `dateUpdated`, `uid`) VALUES ('374', '96', '59', '61', '0', '7', '2014-09-17 15:35:40', '2014-09-17 15:35:40', '5f64d60e-0713-418c-a294-3746cff1c6a7');
INSERT INTO `fieldlayoutfields` (`id`, `layoutId`, `tabId`, `fieldId`, `required`, `sortOrder`, `dateCreated`, `dateUpdated`, `uid`) VALUES ('375', '96', '59', '60', '0', '8', '2014-09-17 15:35:40', '2014-09-17 15:35:40', '074c4ac9-6630-459e-8e0f-bf6f0eed9241');
INSERT INTO `fieldlayoutfields` (`id`, `layoutId`, `tabId`, `fieldId`, `required`, `sortOrder`, `dateCreated`, `dateUpdated`, `uid`) VALUES ('376', '96', '59', '62', '0', '9', '2014-09-17 15:35:40', '2014-09-17 15:35:40', '5fe41ae9-fd31-4785-bcac-c0cdabca4a42');



--
-- Schema for table `fieldlayouts`
--

DROP TABLE IF EXISTS `fieldlayouts`;

CREATE TABLE `fieldlayouts` (
  `id` int(11) NOT NULL AUTO_INCREMENT,
  `type` varchar(150) COLLATE utf8_unicode_ci NOT NULL,
  `dateCreated` datetime NOT NULL,
  `dateUpdated` datetime NOT NULL,
  `uid` char(36) COLLATE utf8_unicode_ci NOT NULL DEFAULT '0',
  PRIMARY KEY (`id`),
  KEY `fieldlayouts_type_idx` (`type`)
) ENGINE=InnoDB AUTO_INCREMENT=97 DEFAULT CHARSET=utf8 COLLATE=utf8_unicode_ci;

--
-- Data for table `fieldlayouts`
--

INSERT INTO `fieldlayouts` (`id`, `type`, `dateCreated`, `dateUpdated`, `uid`) VALUES ('1', 'Tag', '2014-07-22 18:49:18', '2014-07-22 18:49:18', '134137e1-18da-4b04-b9bd-4949d7874e98');
INSERT INTO `fieldlayouts` (`id`, `type`, `dateCreated`, `dateUpdated`, `uid`) VALUES ('3', 'Entry', '2014-07-22 18:49:19', '2014-07-22 18:49:19', '2ae217ea-eb20-459a-bb0f-1d4a7836614b');
INSERT INTO `fieldlayouts` (`id`, `type`, `dateCreated`, `dateUpdated`, `uid`) VALUES ('5', 'Entry', '2014-07-22 18:49:19', '2014-07-22 18:49:19', '1b826a09-1601-47fc-bcff-630d3846cab0');
INSERT INTO `fieldlayouts` (`id`, `type`, `dateCreated`, `dateUpdated`, `uid`) VALUES ('13', 'Tag', '2014-07-24 15:12:08', '2014-07-24 15:12:08', '150c63e9-b2d5-424f-9789-9fa10e39aec2');
INSERT INTO `fieldlayouts` (`id`, `type`, `dateCreated`, `dateUpdated`, `uid`) VALUES ('21', 'Entry', '2014-08-13 20:18:10', '2014-08-13 20:18:10', 'fbd66b09-e3f8-42e4-bd40-649b3bb8d3d5');
INSERT INTO `fieldlayouts` (`id`, `type`, `dateCreated`, `dateUpdated`, `uid`) VALUES ('22', 'MatrixBlock', '2014-08-18 21:09:54', '2014-08-18 21:09:54', 'ef35b3a8-98b1-44c3-8dbd-44ac8673e544');
INSERT INTO `fieldlayouts` (`id`, `type`, `dateCreated`, `dateUpdated`, `uid`) VALUES ('23', 'User', '2014-08-18 21:32:49', '2014-08-18 21:32:49', 'a0a37c19-b147-400c-8499-59715bc71a6d');
INSERT INTO `fieldlayouts` (`id`, `type`, `dateCreated`, `dateUpdated`, `uid`) VALUES ('29', 'Asset', '2014-08-18 22:08:23', '2014-08-18 22:08:23', '894a162d-3804-470b-a6ef-b2ba38b8a3ef');
INSERT INTO `fieldlayouts` (`id`, `type`, `dateCreated`, `dateUpdated`, `uid`) VALUES ('30', 'Asset', '2014-08-18 22:08:57', '2014-08-18 22:08:57', '61aeca6a-d975-4d0d-9e01-135f63559d1c');
INSERT INTO `fieldlayouts` (`id`, `type`, `dateCreated`, `dateUpdated`, `uid`) VALUES ('31', 'Asset', '2014-08-18 22:11:55', '2014-08-18 22:11:55', 'd8c31bbb-c86a-4865-919a-9ff661aae797');
INSERT INTO `fieldlayouts` (`id`, `type`, `dateCreated`, `dateUpdated`, `uid`) VALUES ('32', 'Asset', '2014-08-18 22:19:11', '2014-08-18 22:19:11', '2f013d61-45e9-493e-a46c-d13f389b8bb0');
INSERT INTO `fieldlayouts` (`id`, `type`, `dateCreated`, `dateUpdated`, `uid`) VALUES ('33', 'Asset', '2014-08-18 22:19:24', '2014-08-18 22:19:24', 'cfc2f2dc-07ed-4902-8b86-60836e030e2d');
INSERT INTO `fieldlayouts` (`id`, `type`, `dateCreated`, `dateUpdated`, `uid`) VALUES ('34', 'Asset', '2014-08-18 22:19:57', '2014-08-18 22:19:57', 'a5b74bd2-d2bf-4441-aeab-27ce38dee7f5');
INSERT INTO `fieldlayouts` (`id`, `type`, `dateCreated`, `dateUpdated`, `uid`) VALUES ('35', 'Asset', '2014-08-18 22:20:09', '2014-08-18 22:20:09', '7ba68e0b-d415-4735-a8eb-35bb4e37abb6');
INSERT INTO `fieldlayouts` (`id`, `type`, `dateCreated`, `dateUpdated`, `uid`) VALUES ('36', 'Category', '2014-08-18 22:40:00', '2014-08-18 22:40:00', 'dc812890-8418-4d3b-9544-4518cbcd47d1');
INSERT INTO `fieldlayouts` (`id`, `type`, `dateCreated`, `dateUpdated`, `uid`) VALUES ('85', 'Entry', '2014-09-05 18:52:17', '2014-09-05 18:52:17', '89742c50-2081-4e7e-84ac-d19b3e1008e2');
INSERT INTO `fieldlayouts` (`id`, `type`, `dateCreated`, `dateUpdated`, `uid`) VALUES ('86', 'Entry', '2014-09-05 18:52:45', '2014-09-05 18:52:45', '39339084-0472-48ae-9e9d-08cffb2a569b');
INSERT INTO `fieldlayouts` (`id`, `type`, `dateCreated`, `dateUpdated`, `uid`) VALUES ('87', 'Asset', '2014-09-10 17:49:55', '2014-09-10 17:49:55', 'c93d6bcf-77c0-48e8-b543-5d626cc41ec6');
INSERT INTO `fieldlayouts` (`id`, `type`, `dateCreated`, `dateUpdated`, `uid`) VALUES ('89', 'Entry', '2014-09-17 15:30:58', '2014-09-17 15:30:58', '36a0ec4b-837e-4f22-bc3d-f51009a3f5f1');
INSERT INTO `fieldlayouts` (`id`, `type`, `dateCreated`, `dateUpdated`, `uid`) VALUES ('90', 'Entry', '2014-09-17 15:31:16', '2014-09-17 15:31:16', '38b7c2b8-e749-4058-b2f3-e6a34fc5abe2');
INSERT INTO `fieldlayouts` (`id`, `type`, `dateCreated`, `dateUpdated`, `uid`) VALUES ('91', 'Entry', '2014-09-17 15:31:43', '2014-09-17 15:31:43', '5c99bc1a-3a6e-44d0-80bb-6c2ddead9115');
INSERT INTO `fieldlayouts` (`id`, `type`, `dateCreated`, `dateUpdated`, `uid`) VALUES ('92', 'Entry', '2014-09-17 15:32:17', '2014-09-17 15:32:17', '557f382a-9b0a-4261-92e0-5b12c56f50f0');
INSERT INTO `fieldlayouts` (`id`, `type`, `dateCreated`, `dateUpdated`, `uid`) VALUES ('93', 'Entry', '2014-09-17 15:33:45', '2014-09-17 15:33:45', '1064eec3-a043-40df-a0fc-7a4d5890997b');
INSERT INTO `fieldlayouts` (`id`, `type`, `dateCreated`, `dateUpdated`, `uid`) VALUES ('94', 'Entry', '2014-09-17 15:34:18', '2014-09-17 15:34:18', '02182758-5588-4bc9-9efb-9a83f3e4642d');
INSERT INTO `fieldlayouts` (`id`, `type`, `dateCreated`, `dateUpdated`, `uid`) VALUES ('95', 'Entry', '2014-09-17 15:35:00', '2014-09-17 15:35:00', 'd1930364-c74d-4f34-a5a4-c8b95f7eb3af');
INSERT INTO `fieldlayouts` (`id`, `type`, `dateCreated`, `dateUpdated`, `uid`) VALUES ('96', 'Entry', '2014-09-17 15:35:40', '2014-09-17 15:35:40', '1085f58a-625f-419c-bda4-390e9a830952');



--
-- Schema for table `fieldlayouttabs`
--

DROP TABLE IF EXISTS `fieldlayouttabs`;

CREATE TABLE `fieldlayouttabs` (
  `id` int(11) NOT NULL AUTO_INCREMENT,
  `layoutId` int(11) NOT NULL,
  `name` varchar(255) COLLATE utf8_unicode_ci NOT NULL,
  `sortOrder` tinyint(4) DEFAULT NULL,
  `dateCreated` datetime NOT NULL,
  `dateUpdated` datetime NOT NULL,
  `uid` char(36) COLLATE utf8_unicode_ci NOT NULL DEFAULT '0',
  PRIMARY KEY (`id`),
  KEY `fieldlayouttabs_sortOrder_idx` (`sortOrder`),
  KEY `fieldlayouttabs_layoutId_fk` (`layoutId`)
) ENGINE=InnoDB AUTO_INCREMENT=60 DEFAULT CHARSET=utf8 COLLATE=utf8_unicode_ci;

--
-- Data for table `fieldlayouttabs`
--

INSERT INTO `fieldlayouttabs` (`id`, `layoutId`, `name`, `sortOrder`, `dateCreated`, `dateUpdated`, `uid`) VALUES ('1', '3', 'Content', '1', '2014-07-22 18:49:19', '2014-07-22 18:49:19', 'cc881981-76f0-4ed8-ac24-c9c17083d84f');
INSERT INTO `fieldlayouttabs` (`id`, `layoutId`, `name`, `sortOrder`, `dateCreated`, `dateUpdated`, `uid`) VALUES ('2', '5', 'Content', '1', '2014-07-22 18:49:19', '2014-07-22 18:49:19', '6ec9ae88-8f33-4939-ba93-a952c2e6b56e');
INSERT INTO `fieldlayouttabs` (`id`, `layoutId`, `name`, `sortOrder`, `dateCreated`, `dateUpdated`, `uid`) VALUES ('49', '85', 'Content', '1', '2014-09-05 18:52:17', '2014-09-05 18:52:17', 'b972a74b-f7a0-4f6d-bb9e-81506def7435');
INSERT INTO `fieldlayouttabs` (`id`, `layoutId`, `name`, `sortOrder`, `dateCreated`, `dateUpdated`, `uid`) VALUES ('50', '86', 'Content', '1', '2014-09-05 18:52:45', '2014-09-05 18:52:45', 'edbc018f-8e8a-4577-860a-87129bd60f50');
INSERT INTO `fieldlayouttabs` (`id`, `layoutId`, `name`, `sortOrder`, `dateCreated`, `dateUpdated`, `uid`) VALUES ('52', '89', 'Content', '1', '2014-09-17 15:30:58', '2014-09-17 15:30:58', '4e220c82-819f-41a0-b314-cbac67680587');
INSERT INTO `fieldlayouttabs` (`id`, `layoutId`, `name`, `sortOrder`, `dateCreated`, `dateUpdated`, `uid`) VALUES ('53', '90', 'Content', '1', '2014-09-17 15:31:16', '2014-09-17 15:31:16', '01810525-e0ab-4ec0-8c5d-93ee6c747661');
INSERT INTO `fieldlayouttabs` (`id`, `layoutId`, `name`, `sortOrder`, `dateCreated`, `dateUpdated`, `uid`) VALUES ('54', '91', 'Default', '1', '2014-09-17 15:31:43', '2014-09-17 15:31:43', '8803b33a-89d7-4e87-8507-e3ff347a69e5');
INSERT INTO `fieldlayouttabs` (`id`, `layoutId`, `name`, `sortOrder`, `dateCreated`, `dateUpdated`, `uid`) VALUES ('55', '92', 'Content', '1', '2014-09-17 15:32:17', '2014-09-17 15:32:17', 'f71bdff5-e9d0-4224-9f85-be8707438dff');
INSERT INTO `fieldlayouttabs` (`id`, `layoutId`, `name`, `sortOrder`, `dateCreated`, `dateUpdated`, `uid`) VALUES ('56', '93', 'Content', '1', '2014-09-17 15:33:45', '2014-09-17 15:33:45', 'e3258e21-a0c7-4ee4-8caa-189c82192f2a');
INSERT INTO `fieldlayouttabs` (`id`, `layoutId`, `name`, `sortOrder`, `dateCreated`, `dateUpdated`, `uid`) VALUES ('57', '94', 'Content', '1', '2014-09-17 15:34:18', '2014-09-17 15:34:18', 'df1b8299-27a0-43c3-bd86-9b07a45b6ac1');
INSERT INTO `fieldlayouttabs` (`id`, `layoutId`, `name`, `sortOrder`, `dateCreated`, `dateUpdated`, `uid`) VALUES ('58', '95', 'Content', '1', '2014-09-17 15:35:00', '2014-09-17 15:35:00', 'ea76f5e0-2a5d-41b6-8f57-d86c0940e414');
INSERT INTO `fieldlayouttabs` (`id`, `layoutId`, `name`, `sortOrder`, `dateCreated`, `dateUpdated`, `uid`) VALUES ('59', '96', 'Content', '1', '2014-09-17 15:35:40', '2014-09-17 15:35:40', 'e67e2476-af01-401a-90bc-b9d2dc701ccd');



--
-- Schema for table `fields`
--

DROP TABLE IF EXISTS `fields`;

CREATE TABLE `fields` (
  `id` int(11) NOT NULL AUTO_INCREMENT,
  `groupId` int(11) DEFAULT NULL,
  `name` varchar(255) COLLATE utf8_unicode_ci NOT NULL,
  `handle` varchar(58) COLLATE utf8_unicode_ci NOT NULL,
  `context` varchar(255) COLLATE utf8_unicode_ci NOT NULL DEFAULT 'global',
  `instructions` text COLLATE utf8_unicode_ci,
  `translatable` tinyint(1) unsigned NOT NULL DEFAULT '0',
  `type` varchar(150) COLLATE utf8_unicode_ci NOT NULL,
  `settings` text COLLATE utf8_unicode_ci,
  `dateCreated` datetime NOT NULL,
  `dateUpdated` datetime NOT NULL,
  `uid` char(36) COLLATE utf8_unicode_ci NOT NULL DEFAULT '0',
  PRIMARY KEY (`id`),
  UNIQUE KEY `fields_handle_context_unq_idx` (`handle`,`context`),
  KEY `fields_context_idx` (`context`),
  KEY `fields_groupId_fk` (`groupId`)
) ENGINE=InnoDB AUTO_INCREMENT=63 DEFAULT CHARSET=utf8 COLLATE=utf8_unicode_ci;

--
-- Data for table `fields`
--

INSERT INTO `fields` (`id`, `groupId`, `name`, `handle`, `context`, `instructions`, `translatable`, `type`, `settings`, `dateCreated`, `dateUpdated`, `uid`) VALUES ('1', '1', 'Heading', 'heading', 'global', '', '0', 'PlainText', '{\"placeholder\":\"\",\"maxLength\":\"\",\"multiline\":\"\",\"initialRows\":\"4\"}', '2014-07-22 18:49:19', '2014-08-25 23:09:23', '720bbf50-f1c0-4843-ad9f-a6a9924df3da');
INSERT INTO `fields` (`id`, `groupId`, `name`, `handle`, `context`, `instructions`, `translatable`, `type`, `settings`, `dateCreated`, `dateUpdated`, `uid`) VALUES ('2', '1', 'Body', 'body', 'global', '', '0', 'RichText', '{\"configFile\":\"Extended.json\",\"cleanupHtml\":\"1\",\"purifyHtml\":\"\"}', '2014-07-22 18:49:19', '2014-09-03 03:35:26', '3f781073-cbc8-442c-9a7d-0b645f77c899');
INSERT INTO `fields` (`id`, `groupId`, `name`, `handle`, `context`, `instructions`, `translatable`, `type`, `settings`, `dateCreated`, `dateUpdated`, `uid`) VALUES ('3', '1', 'Tags', 'tags', 'global', NULL, '0', 'Tags', '{\"source\":\"taggroup:1\"}', '2014-07-22 18:49:19', '2014-07-22 18:49:19', '3e1e4caf-58e3-48a5-b7c1-b1c1a5ebfd2a');
INSERT INTO `fields` (`id`, `groupId`, `name`, `handle`, `context`, `instructions`, `translatable`, `type`, `settings`, `dateCreated`, `dateUpdated`, `uid`) VALUES ('6', '4', 'Position', 'position', 'global', 'This holds the team member\'s position (50 chars max)', '0', 'PlainText', '{\"placeholder\":\"\",\"maxLength\":\"50\",\"multiline\":\"\",\"initialRows\":\"4\"}', '2014-08-18 20:57:23', '2014-08-18 21:03:47', 'd8b304bf-8d2e-4284-b6db-64fcb8572011');
INSERT INTO `fields` (`id`, `groupId`, `name`, `handle`, `context`, `instructions`, `translatable`, `type`, `settings`, `dateCreated`, `dateUpdated`, `uid`) VALUES ('7', '4', 'Short Bio', 'shortBio', 'global', 'A team member\'s short bio description (250 chars max)', '0', 'PlainText', '{\"placeholder\":\"\",\"maxLength\":\"250\",\"multiline\":\"\",\"initialRows\":\"4\"}', '2014-08-18 21:02:18', '2014-08-18 21:04:20', 'c1525019-dead-4c30-902f-576290d96f80');
INSERT INTO `fields` (`id`, `groupId`, `name`, `handle`, `context`, `instructions`, `translatable`, `type`, `settings`, `dateCreated`, `dateUpdated`, `uid`) VALUES ('8', '4', 'Full Bio', 'fullBio', 'global', 'A team member\'s extended bio (1000 chars max)', '0', 'PlainText', '{\"placeholder\":\"\",\"maxLength\":\"1000\",\"multiline\":\"\",\"initialRows\":\"4\"}', '2014-08-18 21:03:27', '2014-08-18 21:03:27', '4054fd9b-24be-485d-9b95-eb5f6fed5ab8');
INSERT INTO `fields` (`id`, `groupId`, `name`, `handle`, `context`, `instructions`, `translatable`, `type`, `settings`, `dateCreated`, `dateUpdated`, `uid`) VALUES ('9', '4', 'Icon', 'icon', 'global', 'A team member\'s icon/illustration', '0', 'Assets', '{\"useSingleFolder\":\"\",\"defaultUploadLocationSubpath\":\"\",\"singleUploadLocationSubpath\":\"\",\"restrictFiles\":\"\",\"limit\":\"1\"}', '2014-08-18 21:06:40', '2014-08-18 21:06:40', '5bde4535-560a-4f3c-9c11-476308e1546e');
INSERT INTO `fields` (`id`, `groupId`, `name`, `handle`, `context`, `instructions`, `translatable`, `type`, `settings`, `dateCreated`, `dateUpdated`, `uid`) VALUES ('10', '4', 'Social', 'social', 'global', 'A team member\'s social networking URLs', '0', 'Matrix', '{\"maxBlocks\":\"1\"}', '2014-08-18 21:09:53', '2014-08-18 21:09:53', '6bf82089-ce76-4fb2-9d14-cd5a165f2251');
INSERT INTO `fields` (`id`, `groupId`, `name`, `handle`, `context`, `instructions`, `translatable`, `type`, `settings`, `dateCreated`, `dateUpdated`, `uid`) VALUES ('11', NULL, 'Twitter', 'twitter', 'matrixBlockType:1', NULL, '0', 'PlainText', '{\"placeholder\":\"\",\"maxLength\":\"\",\"multiline\":\"\",\"initialRows\":\"4\"}', '2014-08-18 21:09:54', '2014-08-18 21:09:54', '3f19a712-78f2-45bb-b097-c02f6bef0f4c');
INSERT INTO `fields` (`id`, `groupId`, `name`, `handle`, `context`, `instructions`, `translatable`, `type`, `settings`, `dateCreated`, `dateUpdated`, `uid`) VALUES ('12', NULL, 'Instagram', 'instagram', 'matrixBlockType:1', NULL, '0', 'PlainText', '{\"placeholder\":\"\",\"maxLength\":\"\",\"multiline\":\"\",\"initialRows\":\"4\"}', '2014-08-18 21:09:54', '2014-08-18 21:09:54', 'b41e473b-c410-4300-8df4-53b9a81ed863');
INSERT INTO `fields` (`id`, `groupId`, `name`, `handle`, `context`, `instructions`, `translatable`, `type`, `settings`, `dateCreated`, `dateUpdated`, `uid`) VALUES ('13', NULL, 'LinkedIn', 'linkedin', 'matrixBlockType:1', NULL, '0', 'PlainText', '{\"placeholder\":\"\",\"maxLength\":\"\",\"multiline\":\"\",\"initialRows\":\"4\"}', '2014-08-18 21:09:54', '2014-08-18 21:09:54', '5ce7758d-285a-47ab-8bda-a4c7a3722294');
INSERT INTO `fields` (`id`, `groupId`, `name`, `handle`, `context`, `instructions`, `translatable`, `type`, `settings`, `dateCreated`, `dateUpdated`, `uid`) VALUES ('14', NULL, 'Dribbble', 'dribbble', 'matrixBlockType:1', NULL, '0', 'PlainText', '{\"placeholder\":\"\",\"maxLength\":\"\",\"multiline\":\"\",\"initialRows\":\"4\"}', '2014-08-18 21:09:54', '2014-08-18 21:09:54', 'd9df5bdd-8ecf-43b7-8e7b-31f50bc4a45c');
INSERT INTO `fields` (`id`, `groupId`, `name`, `handle`, `context`, `instructions`, `translatable`, `type`, `settings`, `dateCreated`, `dateUpdated`, `uid`) VALUES ('16', '2', 'Synopsis', 'synopsis', 'global', 'Article short description (250 chars max)', '0', 'PlainText', '{\"placeholder\":\"\",\"maxLength\":\"250\",\"multiline\":\"\",\"initialRows\":\"4\"}', '2014-08-18 22:46:37', '2014-08-18 22:46:37', '5e968a81-7579-427b-9abc-223a67904b72');
INSERT INTO `fields` (`id`, `groupId`, `name`, `handle`, `context`, `instructions`, `translatable`, `type`, `settings`, `dateCreated`, `dateUpdated`, `uid`) VALUES ('17', '2', 'Category', 'category', 'global', 'Select a category for the article', '0', 'Categories', '{\"source\":\"group:1\",\"limit\":\"1\"}', '2014-08-19 16:11:01', '2014-08-19 16:11:30', '980b31e3-abb8-405a-b08a-37d75b619857');
INSERT INTO `fields` (`id`, `groupId`, `name`, `handle`, `context`, `instructions`, `translatable`, `type`, `settings`, `dateCreated`, `dateUpdated`, `uid`) VALUES ('19', '2', 'References', 'references', 'global', 'Insert an unordered list (UL) and use the \'Reference\' clip to put a citation (cite), link (a) and date into each list item (LI) for every reference you\'d like to include for the article.', '0', 'RichText', '{\"configFile\":\"Simple.json\",\"cleanupHtml\":\"1\"}', '2014-08-27 21:39:48', '2014-08-27 23:20:56', 'f3eaedfe-99fb-4ed3-bdfc-35fb8c01e064');
INSERT INTO `fields` (`id`, `groupId`, `name`, `handle`, `context`, `instructions`, `translatable`, `type`, `settings`, `dateCreated`, `dateUpdated`, `uid`) VALUES ('20', '3', 'Client', 'client', 'global', 'Select a client for this project', '0', 'Dropdown', '{\"options\":[{\"label\":\"Acquity Group\",\"value\":\"Acquity Group\",\"default\":\"\"},{\"label\":\"AKQA\",\"value\":\"AKQA\",\"default\":\"\"},{\"label\":\"Boeing\",\"value\":\"Boeing\",\"default\":\"\"},{\"label\":\"Celebrity Cruises\",\"value\":\"Celebrity Cruises\",\"default\":\"\"},{\"label\":\"Expedia\",\"value\":\"Expedia\",\"default\":\"\"},{\"label\":\"JWT\",\"value\":\"JWT\",\"default\":\"\"},{\"label\":\"NOAA\",\"value\":\"NOAA\",\"default\":\"\"},{\"label\":\"Nordstrom\",\"value\":\"Nordstrom\",\"default\":\"\"},{\"label\":\"Underwriters Laboratories\",\"value\":\"Underwriters Laboratories\",\"default\":\"\"},{\"label\":\"US DOS\",\"value\":\"US DOS\",\"default\":\"\"}]}', '2014-08-27 22:41:22', '2014-08-27 22:41:22', '0ab8cd2f-539e-4b0c-8a3f-728d2ff741ff');
INSERT INTO `fields` (`id`, `groupId`, `name`, `handle`, `context`, `instructions`, `translatable`, `type`, `settings`, `dateCreated`, `dateUpdated`, `uid`) VALUES ('21', '2', 'Conclusion', 'conclusion', 'global', 'Used as a wrap-up summary of the article', '0', 'RichText', '{\"configFile\":\"Simple.json\",\"cleanupHtml\":\"1\"}', '2014-08-27 22:49:44', '2014-08-27 23:05:31', '69951e9f-a81e-4810-a39a-fa30798fb339');
INSERT INTO `fields` (`id`, `groupId`, `name`, `handle`, `context`, `instructions`, `translatable`, `type`, `settings`, `dateCreated`, `dateUpdated`, `uid`) VALUES ('22', '5', 'Video', 'video', 'global', 'Insert URL to video here', '0', 'PlainText', '{\"placeholder\":\"\",\"maxLength\":\"\",\"multiline\":\"\",\"initialRows\":\"4\"}', '2014-08-28 13:25:09', '2014-08-28 13:25:09', 'f1cf5285-3763-48a6-9649-2878a95e7734');
INSERT INTO `fields` (`id`, `groupId`, `name`, `handle`, `context`, `instructions`, `translatable`, `type`, `settings`, `dateCreated`, `dateUpdated`, `uid`) VALUES ('23', '5', 'Gallery', 'gallery', 'global', '', '0', 'RichText', '{\"configFile\":\"Standard.json\",\"cleanupHtml\":\"1\"}', '2014-08-29 15:26:37', '2014-08-29 15:26:37', 'f5efeccf-744a-4cb6-9e59-14f3f03a0023');
INSERT INTO `fields` (`id`, `groupId`, `name`, `handle`, `context`, `instructions`, `translatable`, `type`, `settings`, `dateCreated`, `dateUpdated`, `uid`) VALUES ('24', '6', 'Intro Photo', 'introPhoto', 'global', 'Hero image for About page', '0', 'Assets', '{\"useSingleFolder\":\"1\",\"sources\":\"*\",\"defaultUploadLocationSource\":\"1\",\"defaultUploadLocationSubpath\":\"\",\"singleUploadLocationSource\":\"8\",\"singleUploadLocationSubpath\":\"intro\",\"restrictFiles\":\"\",\"limit\":\"1\"}', '2014-09-05 16:37:29', '2014-09-10 17:51:38', 'db63eb13-4610-4214-a27e-98740f63d987');
INSERT INTO `fields` (`id`, `groupId`, `name`, `handle`, `context`, `instructions`, `translatable`, `type`, `settings`, `dateCreated`, `dateUpdated`, `uid`) VALUES ('25', '6', 'Intro Subheading', 'introSubheading', 'global', '', '0', 'PlainText', '{\"placeholder\":\"\",\"maxLength\":\"\",\"multiline\":\"\",\"initialRows\":\"4\"}', '2014-09-05 16:51:42', '2014-09-05 17:10:32', '1d09d0dc-c076-4d0d-a887-d7583ca1ec80');
INSERT INTO `fields` (`id`, `groupId`, `name`, `handle`, `context`, `instructions`, `translatable`, `type`, `settings`, `dateCreated`, `dateUpdated`, `uid`) VALUES ('26', '6', 'Intro', 'intro', 'global', '', '0', 'RichText', '{\"configFile\":\"Simple.json\",\"cleanupHtml\":\"1\",\"purifyHtml\":\"\"}', '2014-09-05 16:53:59', '2014-09-05 17:09:40', '84f65ab1-bd0b-447b-8080-7288475e89a3');
INSERT INTO `fields` (`id`, `groupId`, `name`, `handle`, `context`, `instructions`, `translatable`, `type`, `settings`, `dateCreated`, `dateUpdated`, `uid`) VALUES ('27', '6', 'Capabilities Heading', 'capabilitiesHeading', 'global', '', '0', 'PlainText', '{\"placeholder\":\"\",\"maxLength\":\"\",\"multiline\":\"\",\"initialRows\":\"4\"}', '2014-09-05 16:56:22', '2014-09-05 17:05:47', '356d5210-bc83-44be-a3c7-73d1e943d50b');
INSERT INTO `fields` (`id`, `groupId`, `name`, `handle`, `context`, `instructions`, `translatable`, `type`, `settings`, `dateCreated`, `dateUpdated`, `uid`) VALUES ('28', '6', 'Capabilities Subheading', 'capabilitiesSubheading', 'global', '', '0', 'PlainText', '{\"placeholder\":\"\",\"maxLength\":\"\",\"multiline\":\"\",\"initialRows\":\"4\"}', '2014-09-05 16:56:48', '2014-09-05 17:06:46', 'd0b51153-9afe-4336-a524-f45a074a431e');
INSERT INTO `fields` (`id`, `groupId`, `name`, `handle`, `context`, `instructions`, `translatable`, `type`, `settings`, `dateCreated`, `dateUpdated`, `uid`) VALUES ('29', '6', 'Capabilities Intro', 'capabilitiesIntro', 'global', '', '0', 'RichText', '{\"configFile\":\"Simple.json\",\"cleanupHtml\":\"1\",\"purifyHtml\":\"\"}', '2014-09-05 16:58:32', '2014-09-05 17:06:03', '38e55a9d-8af4-41df-8c00-3e4cb57ef895');
INSERT INTO `fields` (`id`, `groupId`, `name`, `handle`, `context`, `instructions`, `translatable`, `type`, `settings`, `dateCreated`, `dateUpdated`, `uid`) VALUES ('30', '6', 'Capabilities List', 'capabilitiesList', 'global', '', '0', 'RichText', '{\"configFile\":\"Extended.json\",\"cleanupHtml\":\"1\",\"purifyHtml\":\"\"}', '2014-09-05 16:59:32', '2014-09-05 17:06:26', 'cace05e9-7145-48b8-bd16-ba9a036c2e55');
INSERT INTO `fields` (`id`, `groupId`, `name`, `handle`, `context`, `instructions`, `translatable`, `type`, `settings`, `dateCreated`, `dateUpdated`, `uid`) VALUES ('31', '6', 'Process Heading', 'processHeading', 'global', '', '0', 'PlainText', '{\"placeholder\":\"\",\"maxLength\":\"\",\"multiline\":\"\",\"initialRows\":\"4\"}', '2014-09-05 17:00:04', '2014-09-05 17:08:11', 'bde156c1-cea6-4fde-9aff-f4068a3d069f');
INSERT INTO `fields` (`id`, `groupId`, `name`, `handle`, `context`, `instructions`, `translatable`, `type`, `settings`, `dateCreated`, `dateUpdated`, `uid`) VALUES ('32', '6', 'Process Subheading', 'processSubheading', 'global', '', '0', 'PlainText', '{\"placeholder\":\"\",\"maxLength\":\"\",\"multiline\":\"\",\"initialRows\":\"4\"}', '2014-09-05 17:00:37', '2014-09-05 17:09:03', 'd87eaf6c-f4c7-4b0d-adcc-40a9663be011');
INSERT INTO `fields` (`id`, `groupId`, `name`, `handle`, `context`, `instructions`, `translatable`, `type`, `settings`, `dateCreated`, `dateUpdated`, `uid`) VALUES ('33', '6', 'Process Intro', 'processIntro', 'global', '', '0', 'RichText', '{\"configFile\":\"Simple.json\",\"cleanupHtml\":\"1\",\"purifyHtml\":\"\"}', '2014-09-05 17:01:37', '2014-09-05 17:08:42', 'a3071d12-d9f6-475d-bf83-3bc927847a93');
INSERT INTO `fields` (`id`, `groupId`, `name`, `handle`, `context`, `instructions`, `translatable`, `type`, `settings`, `dateCreated`, `dateUpdated`, `uid`) VALUES ('34', '6', 'Process Figure', 'processFigure', 'global', '', '0', 'RichText', '{\"configFile\":\"Extended.json\",\"cleanupHtml\":\"1\",\"purifyHtml\":\"\"}', '2014-09-05 17:03:21', '2014-09-05 17:07:51', 'f4ce3f9f-34aa-4a1e-bbe6-dd892a9919b2');
INSERT INTO `fields` (`id`, `groupId`, `name`, `handle`, `context`, `instructions`, `translatable`, `type`, `settings`, `dateCreated`, `dateUpdated`, `uid`) VALUES ('35', '6', 'Discover Photo', 'discoverPhoto', 'global', '', '0', 'Assets', '{\"useSingleFolder\":\"1\",\"sources\":\"*\",\"defaultUploadLocationSource\":\"1\",\"defaultUploadLocationSubpath\":\"\",\"singleUploadLocationSource\":\"8\",\"singleUploadLocationSubpath\":\"discover\",\"restrictFiles\":\"\",\"limit\":\"1\"}', '2014-09-05 17:04:30', '2014-09-05 17:07:22', 'f2c0a739-2b4f-49c4-9907-fec9d109b577');
INSERT INTO `fields` (`id`, `groupId`, `name`, `handle`, `context`, `instructions`, `translatable`, `type`, `settings`, `dateCreated`, `dateUpdated`, `uid`) VALUES ('36', '6', 'Discover Heading', 'discoverHeading', 'global', '', '0', 'PlainText', '{\"placeholder\":\"\",\"maxLength\":\"\",\"multiline\":\"\",\"initialRows\":\"4\"}', '2014-09-05 17:04:54', '2014-09-05 17:07:05', 'a2c16974-d7be-4d96-bc7d-ea27eb4867cb');
INSERT INTO `fields` (`id`, `groupId`, `name`, `handle`, `context`, `instructions`, `translatable`, `type`, `settings`, `dateCreated`, `dateUpdated`, `uid`) VALUES ('37', '6', 'Discover Subheading', 'discoverSubheading', 'global', '', '0', 'PlainText', '{\"placeholder\":\"\",\"maxLength\":\"\",\"multiline\":\"\",\"initialRows\":\"4\"}', '2014-09-05 17:05:22', '2014-09-05 17:05:22', 'f8ad6bf7-6994-4d8b-9201-723628b72618');
INSERT INTO `fields` (`id`, `groupId`, `name`, `handle`, `context`, `instructions`, `translatable`, `type`, `settings`, `dateCreated`, `dateUpdated`, `uid`) VALUES ('38', '6', 'Discover Intro', 'discoverIntro', 'global', '', '0', 'RichText', '{\"configFile\":\"Simple.json\",\"cleanupHtml\":\"1\",\"purifyHtml\":\"\"}', '2014-09-05 17:14:29', '2014-09-05 17:14:29', '522d4a1d-49d3-4b6d-8cb6-04ee8ee19405');
INSERT INTO `fields` (`id`, `groupId`, `name`, `handle`, `context`, `instructions`, `translatable`, `type`, `settings`, `dateCreated`, `dateUpdated`, `uid`) VALUES ('39', '6', 'Discover List', 'discoverList', 'global', '', '0', 'RichText', '{\"configFile\":\"Extended.json\",\"cleanupHtml\":\"1\",\"purifyHtml\":\"\"}', '2014-09-05 17:15:27', '2014-09-05 17:15:27', 'e05f3be8-d175-4dae-a383-f10e958de46d');
INSERT INTO `fields` (`id`, `groupId`, `name`, `handle`, `context`, `instructions`, `translatable`, `type`, `settings`, `dateCreated`, `dateUpdated`, `uid`) VALUES ('40', '6', 'Design Heading', 'designHeading', 'global', '', '0', 'PlainText', '{\"placeholder\":\"\",\"maxLength\":\"\",\"multiline\":\"\",\"initialRows\":\"4\"}', '2014-09-05 17:16:05', '2014-09-05 17:16:05', '35c72e69-0045-435b-be99-dbc37fb39e3e');
INSERT INTO `fields` (`id`, `groupId`, `name`, `handle`, `context`, `instructions`, `translatable`, `type`, `settings`, `dateCreated`, `dateUpdated`, `uid`) VALUES ('41', '6', 'Design Subheading', 'designSubheading', 'global', '', '0', 'PlainText', '{\"placeholder\":\"\",\"maxLength\":\"\",\"multiline\":\"\",\"initialRows\":\"4\"}', '2014-09-05 17:16:28', '2014-09-05 17:16:28', '96a3e0b2-708b-43a1-a1b6-6f0dc96b4ea2');
INSERT INTO `fields` (`id`, `groupId`, `name`, `handle`, `context`, `instructions`, `translatable`, `type`, `settings`, `dateCreated`, `dateUpdated`, `uid`) VALUES ('42', '6', 'Design Photo', 'designPhoto', 'global', '', '0', 'Assets', '{\"useSingleFolder\":\"1\",\"sources\":\"*\",\"defaultUploadLocationSource\":\"1\",\"defaultUploadLocationSubpath\":\"\",\"singleUploadLocationSource\":\"8\",\"singleUploadLocationSubpath\":\"design\",\"restrictFiles\":\"\",\"limit\":\"1\"}', '2014-09-05 17:17:11', '2014-09-10 17:50:42', '577d6a78-2f8b-48c7-bc48-807e5a4855c8');
INSERT INTO `fields` (`id`, `groupId`, `name`, `handle`, `context`, `instructions`, `translatable`, `type`, `settings`, `dateCreated`, `dateUpdated`, `uid`) VALUES ('43', '6', 'Design Intro', 'designIntro', 'global', '', '0', 'RichText', '{\"configFile\":\"Simple.json\",\"cleanupHtml\":\"1\",\"purifyHtml\":\"\"}', '2014-09-05 17:17:49', '2014-09-05 17:17:49', '26d32e67-f863-4b56-b110-1e49adc48e1e');
INSERT INTO `fields` (`id`, `groupId`, `name`, `handle`, `context`, `instructions`, `translatable`, `type`, `settings`, `dateCreated`, `dateUpdated`, `uid`) VALUES ('44', '6', 'Design List', 'designList', 'global', '', '0', 'RichText', '{\"configFile\":\"Extended.json\",\"cleanupHtml\":\"1\",\"purifyHtml\":\"\"}', '2014-09-05 17:18:16', '2014-09-05 17:18:16', 'bfaf2aee-c4e2-49f5-a76e-a93f912a563e');
INSERT INTO `fields` (`id`, `groupId`, `name`, `handle`, `context`, `instructions`, `translatable`, `type`, `settings`, `dateCreated`, `dateUpdated`, `uid`) VALUES ('45', '6', 'Measure Heading', 'measureHeading', 'global', '', '0', 'PlainText', '{\"placeholder\":\"\",\"maxLength\":\"\",\"multiline\":\"\",\"initialRows\":\"4\"}', '2014-09-05 17:18:50', '2014-09-05 17:18:50', 'b6836ad4-1906-4fc5-9d74-c84387a7ec87');
INSERT INTO `fields` (`id`, `groupId`, `name`, `handle`, `context`, `instructions`, `translatable`, `type`, `settings`, `dateCreated`, `dateUpdated`, `uid`) VALUES ('46', '6', 'Measure Subheading', 'measureSubheading', 'global', '', '0', 'PlainText', '{\"placeholder\":\"\",\"maxLength\":\"\",\"multiline\":\"\",\"initialRows\":\"4\"}', '2014-09-05 17:19:08', '2014-09-05 17:19:08', '1a0d38bd-02ac-4302-97c3-429271efae62');
INSERT INTO `fields` (`id`, `groupId`, `name`, `handle`, `context`, `instructions`, `translatable`, `type`, `settings`, `dateCreated`, `dateUpdated`, `uid`) VALUES ('47', '6', 'Measure Photo', 'measurePhoto', 'global', '', '0', 'Assets', '{\"useSingleFolder\":\"1\",\"sources\":\"*\",\"defaultUploadLocationSource\":\"1\",\"defaultUploadLocationSubpath\":\"\",\"singleUploadLocationSource\":\"8\",\"singleUploadLocationSubpath\":\"measure\",\"restrictFiles\":\"\",\"limit\":\"1\"}', '2014-09-05 17:19:35', '2014-09-17 20:22:11', '2e1acf88-5271-4057-b83c-253dfc0edb86');
INSERT INTO `fields` (`id`, `groupId`, `name`, `handle`, `context`, `instructions`, `translatable`, `type`, `settings`, `dateCreated`, `dateUpdated`, `uid`) VALUES ('48', '6', 'Measure Intro', 'measureIntro', 'global', '', '0', 'RichText', '{\"configFile\":\"Simple.json\",\"cleanupHtml\":\"1\",\"purifyHtml\":\"\"}', '2014-09-05 17:20:13', '2014-09-05 17:20:13', '637d5b7b-aad0-4ed4-a32a-75127767c84c');
INSERT INTO `fields` (`id`, `groupId`, `name`, `handle`, `context`, `instructions`, `translatable`, `type`, `settings`, `dateCreated`, `dateUpdated`, `uid`) VALUES ('49', '6', 'Measure List', 'measureList', 'global', '', '0', 'RichText', '{\"configFile\":\"Extended.json\",\"cleanupHtml\":\"1\",\"purifyHtml\":\"\"}', '2014-09-05 17:20:38', '2014-09-05 17:20:38', 'fbdd2848-dc54-4031-938e-7bf855356897');
INSERT INTO `fields` (`id`, `groupId`, `name`, `handle`, `context`, `instructions`, `translatable`, `type`, `settings`, `dateCreated`, `dateUpdated`, `uid`) VALUES ('50', '6', 'Clients Heading', 'clientsHeading', 'global', '', '0', 'PlainText', '{\"placeholder\":\"\",\"maxLength\":\"\",\"multiline\":\"\",\"initialRows\":\"4\"}', '2014-09-05 17:21:43', '2014-09-05 17:21:43', '2c5b2bfc-9062-4ed1-b964-25569b53e890');
INSERT INTO `fields` (`id`, `groupId`, `name`, `handle`, `context`, `instructions`, `translatable`, `type`, `settings`, `dateCreated`, `dateUpdated`, `uid`) VALUES ('51', '6', 'Clients Subheading', 'clientsSubheading', 'global', '', '0', 'PlainText', '{\"placeholder\":\"\",\"maxLength\":\"\",\"multiline\":\"\",\"initialRows\":\"4\"}', '2014-09-05 17:21:59', '2014-09-05 17:21:59', '1c42a11d-9132-431a-aee4-1f4272459b86');
INSERT INTO `fields` (`id`, `groupId`, `name`, `handle`, `context`, `instructions`, `translatable`, `type`, `settings`, `dateCreated`, `dateUpdated`, `uid`) VALUES ('52', '6', 'Clients Intro', 'clientsIntro', 'global', '', '0', 'RichText', '{\"configFile\":\"Simple.json\",\"cleanupHtml\":\"1\",\"purifyHtml\":\"\"}', '2014-09-05 17:22:28', '2014-09-05 17:22:28', 'ac829c6c-1c0c-4d4f-bc85-5aff50870789');
INSERT INTO `fields` (`id`, `groupId`, `name`, `handle`, `context`, `instructions`, `translatable`, `type`, `settings`, `dateCreated`, `dateUpdated`, `uid`) VALUES ('53', '6', 'Clients List', 'clientsList', 'global', '', '0', 'RichText', '{\"configFile\":\"Extended.json\",\"cleanupHtml\":\"1\",\"purifyHtml\":\"\"}', '2014-09-05 17:23:21', '2014-09-05 17:23:21', '7e6f2f01-3dd2-4fb8-9afd-0e0c05cb8d4d');
INSERT INTO `fields` (`id`, `groupId`, `name`, `handle`, `context`, `instructions`, `translatable`, `type`, `settings`, `dateCreated`, `dateUpdated`, `uid`) VALUES ('54', '6', 'Team Heading', 'teamHeading', 'global', '', '0', 'PlainText', '{\"placeholder\":\"\",\"maxLength\":\"\",\"multiline\":\"\",\"initialRows\":\"4\"}', '2014-09-05 17:24:14', '2014-09-05 17:24:14', '1a668e25-b3db-46f8-9b72-056d10a14ce6');
INSERT INTO `fields` (`id`, `groupId`, `name`, `handle`, `context`, `instructions`, `translatable`, `type`, `settings`, `dateCreated`, `dateUpdated`, `uid`) VALUES ('55', '6', 'Team Subheading', 'teamSubheading', 'global', '', '0', 'PlainText', '{\"placeholder\":\"\",\"maxLength\":\"\",\"multiline\":\"\",\"initialRows\":\"4\"}', '2014-09-05 17:24:31', '2014-09-05 17:24:31', '4586922d-0913-487a-a279-46304355faef');
INSERT INTO `fields` (`id`, `groupId`, `name`, `handle`, `context`, `instructions`, `translatable`, `type`, `settings`, `dateCreated`, `dateUpdated`, `uid`) VALUES ('56', '6', 'Team Intro', 'teamIntro', 'global', '', '0', 'RichText', '{\"configFile\":\"Simple.json\",\"cleanupHtml\":\"1\",\"purifyHtml\":\"\"}', '2014-09-05 17:24:57', '2014-09-05 17:24:57', '0657e0b9-e510-4ffc-bfb2-d3a95b7206a8');
INSERT INTO `fields` (`id`, `groupId`, `name`, `handle`, `context`, `instructions`, `translatable`, `type`, `settings`, `dateCreated`, `dateUpdated`, `uid`) VALUES ('57', '7', 'Address Line 1', 'addressLine1', 'global', '', '0', 'PlainText', '{\"placeholder\":\"\",\"maxLength\":\"\",\"multiline\":\"\",\"initialRows\":\"4\"}', '2014-09-05 18:22:35', '2014-09-05 18:24:59', 'b75e5f86-84c4-4f29-9c1b-0272f3dabc64');
INSERT INTO `fields` (`id`, `groupId`, `name`, `handle`, `context`, `instructions`, `translatable`, `type`, `settings`, `dateCreated`, `dateUpdated`, `uid`) VALUES ('58', '7', 'Phone', 'phone', 'global', '', '0', 'PlainText', '{\"placeholder\":\"\",\"maxLength\":\"\",\"multiline\":\"\",\"initialRows\":\"4\"}', '2014-09-05 18:22:50', '2014-09-05 18:22:50', 'ae528bcb-78dc-4ab9-ab78-3051e1379dba');
INSERT INTO `fields` (`id`, `groupId`, `name`, `handle`, `context`, `instructions`, `translatable`, `type`, `settings`, `dateCreated`, `dateUpdated`, `uid`) VALUES ('59', '7', 'Address Line 2', 'addressLine2', 'global', '', '0', 'PlainText', '{\"placeholder\":\"\",\"maxLength\":\"\",\"multiline\":\"\",\"initialRows\":\"4\"}', '2014-09-05 18:25:46', '2014-09-05 18:25:46', '54c03316-2f2b-4f51-bfe4-aa5e7cc4d11f');
INSERT INTO `fields` (`id`, `groupId`, `name`, `handle`, `context`, `instructions`, `translatable`, `type`, `settings`, `dateCreated`, `dateUpdated`, `uid`) VALUES ('60', '2', 'Article Block Size', 'articleBlockSize', 'global', 'How many rows and columns  should this post take up?', '0', 'Dropdown', '{\"options\":[{\"label\":\"1x1\",\"value\":\"1\",\"default\":\"1\"},{\"label\":\"1x2\",\"value\":\"2\",\"default\":\"\"},{\"label\":\"2x1\",\"value\":\"3\",\"default\":\"\"},{\"label\":\"2x2\",\"value\":\"4\",\"default\":\"\"}]}', '2014-09-15 19:09:32', '2014-09-15 19:09:32', 'a974c81c-8d44-42eb-996c-e6db0188a835');
INSERT INTO `fields` (`id`, `groupId`, `name`, `handle`, `context`, `instructions`, `translatable`, `type`, `settings`, `dateCreated`, `dateUpdated`, `uid`) VALUES ('61', '2', 'Article Background Color', 'articleBackgroundColor', 'global', 'Selects background color of the post block', '0', 'Color', NULL, '2014-09-15 19:10:28', '2014-09-15 19:10:28', '04f385a8-f105-4ea5-b8be-bc6e265b002a');
INSERT INTO `fields` (`id`, `groupId`, `name`, `handle`, `context`, `instructions`, `translatable`, `type`, `settings`, `dateCreated`, `dateUpdated`, `uid`) VALUES ('62', '2', 'Is Featured', 'isFeatured', 'global', 'Choose whether this post should be featured on the home page or not (large post in slider)', '0', 'Lightswitch', NULL, '2014-09-17 15:28:50', '2014-09-17 19:14:09', '07423a20-df66-4d8b-85ca-27181c3d4818');



--
-- Schema for table `globalsets`
--

DROP TABLE IF EXISTS `globalsets`;

CREATE TABLE `globalsets` (
  `id` int(11) NOT NULL,
  `name` varchar(255) COLLATE utf8_unicode_ci NOT NULL,
  `handle` varchar(255) COLLATE utf8_unicode_ci NOT NULL,
  `fieldLayoutId` int(11) DEFAULT NULL,
  `dateCreated` datetime NOT NULL,
  `dateUpdated` datetime NOT NULL,
  `uid` char(36) COLLATE utf8_unicode_ci NOT NULL DEFAULT '0',
  PRIMARY KEY (`id`),
  UNIQUE KEY `globalsets_name_unq_idx` (`name`),
  UNIQUE KEY `globalsets_handle_unq_idx` (`handle`),
  KEY `globalsets_fieldLayoutId_fk` (`fieldLayoutId`)
) ENGINE=InnoDB DEFAULT CHARSET=utf8 COLLATE=utf8_unicode_ci;

--
-- Schema for table `info`
--

DROP TABLE IF EXISTS `info`;

CREATE TABLE `info` (
  `id` int(11) NOT NULL AUTO_INCREMENT,
  `version` varchar(15) COLLATE utf8_unicode_ci NOT NULL,
  `build` int(11) unsigned NOT NULL,
  `schemaVersion` varchar(15) COLLATE utf8_unicode_ci NOT NULL,
  `releaseDate` datetime NOT NULL,
  `edition` tinyint(1) unsigned NOT NULL DEFAULT '0',
  `siteName` varchar(100) COLLATE utf8_unicode_ci NOT NULL,
  `siteUrl` varchar(255) COLLATE utf8_unicode_ci NOT NULL,
  `timezone` varchar(30) COLLATE utf8_unicode_ci DEFAULT NULL,
  `on` tinyint(1) unsigned NOT NULL DEFAULT '0',
  `maintenance` tinyint(1) unsigned NOT NULL DEFAULT '0',
  `track` varchar(40) COLLATE utf8_unicode_ci NOT NULL,
  `dateCreated` datetime NOT NULL,
  `dateUpdated` datetime NOT NULL,
  `uid` char(36) COLLATE utf8_unicode_ci NOT NULL DEFAULT '0',
  PRIMARY KEY (`id`)
) ENGINE=InnoDB AUTO_INCREMENT=2 DEFAULT CHARSET=utf8 COLLATE=utf8_unicode_ci;

--
-- Data for table `info`
--

INSERT INTO `info` (`id`, `version`, `build`, `schemaVersion`, `releaseDate`, `edition`, `siteName`, `siteUrl`, `timezone`, `on`, `maintenance`, `track`, `dateCreated`, `dateUpdated`, `uid`) VALUES ('1', '2.2', '2586', '2.2.0', '2014-09-18 17:35:15', '2', 'WF Craft Dev', 'http://craft.dev', 'America/New_York', '1', '1', 'stable', '2014-07-22 18:49:14', '2014-09-24 18:10:18', '6730e5f6-1d47-4512-b918-66c4da6610ee');



--
-- Schema for table `locales`
--

DROP TABLE IF EXISTS `locales`;

CREATE TABLE `locales` (
  `locale` char(12) COLLATE utf8_unicode_ci NOT NULL,
  `sortOrder` tinyint(4) DEFAULT NULL,
  `dateCreated` datetime NOT NULL,
  `dateUpdated` datetime NOT NULL,
  `uid` char(36) COLLATE utf8_unicode_ci NOT NULL DEFAULT '0',
  PRIMARY KEY (`locale`),
  KEY `locales_sortOrder_idx` (`sortOrder`)
) ENGINE=InnoDB DEFAULT CHARSET=utf8 COLLATE=utf8_unicode_ci;

--
-- Data for table `locales`
--

INSERT INTO `locales` (`locale`, `sortOrder`, `dateCreated`, `dateUpdated`, `uid`) VALUES ('en_us', '1', '2014-07-22 18:49:15', '2014-07-22 18:49:15', '7d20b165-d126-42bf-8860-6b36bcc0be35');



--
-- Schema for table `matrixblocks`
--

DROP TABLE IF EXISTS `matrixblocks`;

CREATE TABLE `matrixblocks` (
  `id` int(11) NOT NULL,
  `ownerId` int(11) NOT NULL,
  `fieldId` int(11) NOT NULL,
  `typeId` int(11) DEFAULT NULL,
  `ownerLocale` char(12) COLLATE utf8_unicode_ci DEFAULT NULL,
  `sortOrder` tinyint(4) DEFAULT NULL,
  `dateCreated` datetime NOT NULL,
  `dateUpdated` datetime NOT NULL,
  `uid` char(36) COLLATE utf8_unicode_ci NOT NULL DEFAULT '0',
  PRIMARY KEY (`id`),
  KEY `matrixblocks_ownerId_idx` (`ownerId`),
  KEY `matrixblocks_fieldId_idx` (`fieldId`),
  KEY `matrixblocks_typeId_idx` (`typeId`),
  KEY `matrixblocks_sortOrder_idx` (`sortOrder`),
  KEY `matrixblocks_ownerLocale_fk` (`ownerLocale`)
) ENGINE=InnoDB DEFAULT CHARSET=utf8 COLLATE=utf8_unicode_ci;

--
-- Schema for table `matrixblocktypes`
--

DROP TABLE IF EXISTS `matrixblocktypes`;

CREATE TABLE `matrixblocktypes` (
  `id` int(11) NOT NULL AUTO_INCREMENT,
  `fieldId` int(11) NOT NULL,
  `fieldLayoutId` int(11) DEFAULT NULL,
  `name` varchar(255) COLLATE utf8_unicode_ci NOT NULL,
  `handle` varchar(255) COLLATE utf8_unicode_ci NOT NULL,
  `sortOrder` tinyint(4) DEFAULT NULL,
  `dateCreated` datetime NOT NULL,
  `dateUpdated` datetime NOT NULL,
  `uid` char(36) COLLATE utf8_unicode_ci NOT NULL DEFAULT '0',
  PRIMARY KEY (`id`),
  UNIQUE KEY `matrixblocktypes_name_fieldId_unq_idx` (`name`,`fieldId`),
  UNIQUE KEY `matrixblocktypes_handle_fieldId_unq_idx` (`handle`,`fieldId`),
  KEY `matrixblocktypes_fieldId_fk` (`fieldId`),
  KEY `matrixblocktypes_fieldLayoutId_fk` (`fieldLayoutId`)
) ENGINE=InnoDB AUTO_INCREMENT=2 DEFAULT CHARSET=utf8 COLLATE=utf8_unicode_ci;

--
-- Data for table `matrixblocktypes`
--

INSERT INTO `matrixblocktypes` (`id`, `fieldId`, `fieldLayoutId`, `name`, `handle`, `sortOrder`, `dateCreated`, `dateUpdated`, `uid`) VALUES ('1', '10', '22', 'Social', 'social', '1', '2014-08-18 21:09:54', '2014-08-18 21:09:54', '8246b605-41ba-41fc-b2cd-3a06c83d8cda');



--
-- Schema for table `matrixcontent_social`
--

DROP TABLE IF EXISTS `matrixcontent_social`;

CREATE TABLE `matrixcontent_social` (
  `id` int(11) NOT NULL AUTO_INCREMENT,
  `elementId` int(11) NOT NULL,
  `locale` char(12) COLLATE utf8_unicode_ci NOT NULL,
  `field_social_twitter` text COLLATE utf8_unicode_ci,
  `field_social_instagram` text COLLATE utf8_unicode_ci,
  `field_social_linkedin` text COLLATE utf8_unicode_ci,
  `field_social_dribbble` text COLLATE utf8_unicode_ci,
  `dateCreated` datetime NOT NULL,
  `dateUpdated` datetime NOT NULL,
  `uid` char(36) COLLATE utf8_unicode_ci NOT NULL DEFAULT '0',
  PRIMARY KEY (`id`),
  UNIQUE KEY `matrixcontent_social_elementId_locale_unq_idx` (`elementId`,`locale`),
  KEY `matrixcontent_social_locale_fk` (`locale`)
) ENGINE=InnoDB DEFAULT CHARSET=utf8 COLLATE=utf8_unicode_ci;

--
-- Schema for table `migrations`
--

DROP TABLE IF EXISTS `migrations`;

CREATE TABLE `migrations` (
  `id` int(11) NOT NULL AUTO_INCREMENT,
  `pluginId` int(11) DEFAULT NULL,
  `version` varchar(255) COLLATE utf8_unicode_ci NOT NULL,
  `applyTime` datetime NOT NULL,
  `dateCreated` datetime NOT NULL,
  `dateUpdated` datetime NOT NULL,
  `uid` char(36) COLLATE utf8_unicode_ci NOT NULL DEFAULT '0',
  PRIMARY KEY (`id`),
  UNIQUE KEY `migrations_version_unq_idx` (`version`),
  KEY `migrations_pluginId_fk` (`pluginId`)
) ENGINE=InnoDB AUTO_INCREMENT=51 DEFAULT CHARSET=utf8 COLLATE=utf8_unicode_ci;

--
-- Data for table `migrations`
--

INSERT INTO `migrations` (`id`, `pluginId`, `version`, `applyTime`, `dateCreated`, `dateUpdated`, `uid`) VALUES ('1', NULL, 'm000000_000000_base', '2014-07-22 18:49:14', '2014-07-22 18:49:14', '2014-07-22 18:49:14', '1d8c9f9b-b36c-41dd-929c-bf89a78d30e5');
INSERT INTO `migrations` (`id`, `pluginId`, `version`, `applyTime`, `dateCreated`, `dateUpdated`, `uid`) VALUES ('2', NULL, 'm131203_000000_allow_orphan_assets', '2014-07-22 18:49:14', '2014-07-22 18:49:14', '2014-07-22 18:49:14', 'da93c663-3e49-4a21-9698-29e383967d13');
INSERT INTO `migrations` (`id`, `pluginId`, `version`, `applyTime`, `dateCreated`, `dateUpdated`, `uid`) VALUES ('3', NULL, 'm131212_000001_add_missing_fk_to_emailmessages', '2014-07-22 18:49:14', '2014-07-22 18:49:14', '2014-07-22 18:49:14', '5cc043a8-1e12-4d39-893e-e2992b30abae');
INSERT INTO `migrations` (`id`, `pluginId`, `version`, `applyTime`, `dateCreated`, `dateUpdated`, `uid`) VALUES ('4', NULL, 'm140123_000000_update_widget_sort_orders', '2014-07-22 18:49:14', '2014-07-22 18:49:14', '2014-07-22 18:49:14', '84fb6f1d-b790-4a9b-b746-6820a18acf85');
INSERT INTO `migrations` (`id`, `pluginId`, `version`, `applyTime`, `dateCreated`, `dateUpdated`, `uid`) VALUES ('5', NULL, 'm140212_000000_clean_up_structures', '2014-07-22 18:49:14', '2014-07-22 18:49:14', '2014-07-22 18:49:14', '80317127-dd74-496d-897e-eb1f4f570392');
INSERT INTO `migrations` (`id`, `pluginId`, `version`, `applyTime`, `dateCreated`, `dateUpdated`, `uid`) VALUES ('6', NULL, 'm140217_000000_add_missing_indexes', '2014-07-22 18:49:14', '2014-07-22 18:49:14', '2014-07-22 18:49:14', 'b41d63c3-272a-499c-8389-d19937580b10');
INSERT INTO `migrations` (`id`, `pluginId`, `version`, `applyTime`, `dateCreated`, `dateUpdated`, `uid`) VALUES ('7', NULL, 'm140223_000000_add_missing_element_rows', '2014-07-22 18:49:14', '2014-07-22 18:49:14', '2014-07-22 18:49:14', '50480a30-1082-4a73-98d0-067ba621547b');
INSERT INTO `migrations` (`id`, `pluginId`, `version`, `applyTime`, `dateCreated`, `dateUpdated`, `uid`) VALUES ('8', NULL, 'm140325_000000_fix_matrix_settings', '2014-07-22 18:49:14', '2014-07-22 18:49:14', '2014-07-22 18:49:14', 'a666a2cf-5c6e-4bad-a636-77633d43c052');
INSERT INTO `migrations` (`id`, `pluginId`, `version`, `applyTime`, `dateCreated`, `dateUpdated`, `uid`) VALUES ('9', NULL, 'm140401_000000_assignUserPermissions_permission', '2014-07-22 18:49:14', '2014-07-22 18:49:14', '2014-07-22 18:49:14', '11f43a0c-ecdc-4efc-9bc4-a89a73930a47');
INSERT INTO `migrations` (`id`, `pluginId`, `version`, `applyTime`, `dateCreated`, `dateUpdated`, `uid`) VALUES ('10', NULL, 'm140401_000000_delete_the_deleted_files', '2014-07-22 18:49:14', '2014-07-22 18:49:14', '2014-07-22 18:49:14', '81ac386f-8818-44f6-b2dd-ba7c45db6532');
INSERT INTO `migrations` (`id`, `pluginId`, `version`, `applyTime`, `dateCreated`, `dateUpdated`, `uid`) VALUES ('11', NULL, 'm140401_000001_structures', '2014-07-22 18:49:14', '2014-07-22 18:49:14', '2014-07-22 18:49:14', '5ce7dfa9-cfe7-4a0d-92d2-e56f1e1e8dab');
INSERT INTO `migrations` (`id`, `pluginId`, `version`, `applyTime`, `dateCreated`, `dateUpdated`, `uid`) VALUES ('12', NULL, 'm140401_000002_elements_i18n_tweaks', '2014-07-22 18:49:14', '2014-07-22 18:49:14', '2014-07-22 18:49:14', '591e4ba5-7270-4f8c-b681-0ed5894273ae');
INSERT INTO `migrations` (`id`, `pluginId`, `version`, `applyTime`, `dateCreated`, `dateUpdated`, `uid`) VALUES ('13', NULL, 'm140401_000003_tag_groups', '2014-07-22 18:49:14', '2014-07-22 18:49:14', '2014-07-22 18:49:14', 'e0ab9dfb-777e-41bd-ac66-b3e575dbbd67');
INSERT INTO `migrations` (`id`, `pluginId`, `version`, `applyTime`, `dateCreated`, `dateUpdated`, `uid`) VALUES ('14', NULL, 'm140401_000004_add_unverifiedemail_column_to_users', '2014-07-22 18:49:14', '2014-07-22 18:49:14', '2014-07-22 18:49:14', 'e7effd51-1a81-4c69-b416-d57f5c6fc217');
INSERT INTO `migrations` (`id`, `pluginId`, `version`, `applyTime`, `dateCreated`, `dateUpdated`, `uid`) VALUES ('15', NULL, 'm140401_000005_translatable_matrix_fields', '2014-07-22 18:49:14', '2014-07-22 18:49:14', '2014-07-22 18:49:14', 'b518c221-0782-4796-8e63-154d486c9089');
INSERT INTO `migrations` (`id`, `pluginId`, `version`, `applyTime`, `dateCreated`, `dateUpdated`, `uid`) VALUES ('16', NULL, 'm140401_000006_translatable_relation_fields', '2014-07-22 18:49:14', '2014-07-22 18:49:14', '2014-07-22 18:49:14', 'abca346c-f3dc-4010-aa9c-67ded1f7fa67');
INSERT INTO `migrations` (`id`, `pluginId`, `version`, `applyTime`, `dateCreated`, `dateUpdated`, `uid`) VALUES ('17', NULL, 'm140401_000007_add_enabledbydefault_column_to_sections_i18n', '2014-07-22 18:49:14', '2014-07-22 18:49:14', '2014-07-22 18:49:14', 'f66d57be-f4a1-44c4-90c9-7a25f8dc3919');
INSERT INTO `migrations` (`id`, `pluginId`, `version`, `applyTime`, `dateCreated`, `dateUpdated`, `uid`) VALUES ('18', NULL, 'm140401_000008_fullpath_to_path', '2014-07-22 18:49:14', '2014-07-22 18:49:14', '2014-07-22 18:49:14', '46f5db7b-198a-45ea-a0da-ef39f3406abd');
INSERT INTO `migrations` (`id`, `pluginId`, `version`, `applyTime`, `dateCreated`, `dateUpdated`, `uid`) VALUES ('19', NULL, 'm140401_000009_asset_field_layouts', '2014-07-22 18:49:14', '2014-07-22 18:49:14', '2014-07-22 18:49:14', '38ea81ad-7766-4dd8-8dbc-e3b84b4592ef');
INSERT INTO `migrations` (`id`, `pluginId`, `version`, `applyTime`, `dateCreated`, `dateUpdated`, `uid`) VALUES ('20', NULL, 'm140401_000010_no_section_default_author', '2014-07-22 18:49:14', '2014-07-22 18:49:14', '2014-07-22 18:49:14', '9155ce98-929d-4778-b7ef-1bd796d3e645');
INSERT INTO `migrations` (`id`, `pluginId`, `version`, `applyTime`, `dateCreated`, `dateUpdated`, `uid`) VALUES ('21', NULL, 'm140401_000011_categories', '2014-07-22 18:49:14', '2014-07-22 18:49:14', '2014-07-22 18:49:14', 'b32aee0c-f52d-448a-a428-83b2ecf6d7f4');
INSERT INTO `migrations` (`id`, `pluginId`, `version`, `applyTime`, `dateCreated`, `dateUpdated`, `uid`) VALUES ('22', NULL, 'm140401_000012_templatecaches', '2014-07-22 18:49:14', '2014-07-22 18:49:14', '2014-07-22 18:49:14', '8117dc08-9edb-4e2f-8748-589808ed2088');
INSERT INTO `migrations` (`id`, `pluginId`, `version`, `applyTime`, `dateCreated`, `dateUpdated`, `uid`) VALUES ('23', NULL, 'm140401_000013_allow_temp_source_transforms', '2014-07-22 18:49:14', '2014-07-22 18:49:14', '2014-07-22 18:49:14', '4701a4c9-6e11-460b-be0b-168cfe836fd1');
INSERT INTO `migrations` (`id`, `pluginId`, `version`, `applyTime`, `dateCreated`, `dateUpdated`, `uid`) VALUES ('24', NULL, 'm140401_000014_entry_title_formats', '2014-07-22 18:49:14', '2014-07-22 18:49:14', '2014-07-22 18:49:14', '1d9ebeb0-e390-4bf0-9135-05a150e039d8');
INSERT INTO `migrations` (`id`, `pluginId`, `version`, `applyTime`, `dateCreated`, `dateUpdated`, `uid`) VALUES ('25', NULL, 'm140401_000015_tasks', '2014-07-22 18:49:14', '2014-07-22 18:49:14', '2014-07-22 18:49:14', '92cbd990-d615-4911-ba9b-12c43b02a9b5');
INSERT INTO `migrations` (`id`, `pluginId`, `version`, `applyTime`, `dateCreated`, `dateUpdated`, `uid`) VALUES ('26', NULL, 'm140401_000016_varchar_classes', '2014-07-22 18:49:14', '2014-07-22 18:49:14', '2014-07-22 18:49:14', 'd3af3ff1-0cab-488a-a023-be2be959bc7a');
INSERT INTO `migrations` (`id`, `pluginId`, `version`, `applyTime`, `dateCreated`, `dateUpdated`, `uid`) VALUES ('27', NULL, 'm140401_000017_add_transform_quality', '2014-07-22 18:49:14', '2014-07-22 18:49:14', '2014-07-22 18:49:14', '5720b5c9-51db-4400-b1ad-da84461a77e9');
INSERT INTO `migrations` (`id`, `pluginId`, `version`, `applyTime`, `dateCreated`, `dateUpdated`, `uid`) VALUES ('28', NULL, 'm140401_000018_locale_routes', '2014-07-22 18:49:14', '2014-07-22 18:49:14', '2014-07-22 18:49:14', '7c456fce-1714-44a4-a4d8-e244c8e04913');
INSERT INTO `migrations` (`id`, `pluginId`, `version`, `applyTime`, `dateCreated`, `dateUpdated`, `uid`) VALUES ('29', NULL, 'm140401_000019_editions', '2014-07-22 18:49:14', '2014-07-22 18:49:15', '2014-07-22 18:49:15', 'e453d978-f53f-423a-9e97-7e5ede81e3ca');
INSERT INTO `migrations` (`id`, `pluginId`, `version`, `applyTime`, `dateCreated`, `dateUpdated`, `uid`) VALUES ('30', NULL, 'm140401_000019_rackspace_auth_api', '2014-07-22 18:49:14', '2014-07-22 18:49:15', '2014-07-22 18:49:15', 'fe4f78cc-d398-4adf-99d8-831def603e99');
INSERT INTO `migrations` (`id`, `pluginId`, `version`, `applyTime`, `dateCreated`, `dateUpdated`, `uid`) VALUES ('31', NULL, 'm140401_000020_deprecationerrors_table', '2014-07-22 18:49:14', '2014-07-22 18:49:15', '2014-07-22 18:49:15', '4141c945-0c3f-430f-bc7d-1f43638c88cd');
INSERT INTO `migrations` (`id`, `pluginId`, `version`, `applyTime`, `dateCreated`, `dateUpdated`, `uid`) VALUES ('32', NULL, 'm140401_000021_client_user', '2014-07-22 18:49:14', '2014-07-22 18:49:15', '2014-07-22 18:49:15', '66f26440-52a3-4632-8b46-e87791da313d');
INSERT INTO `migrations` (`id`, `pluginId`, `version`, `applyTime`, `dateCreated`, `dateUpdated`, `uid`) VALUES ('33', NULL, 'm140401_100000_resave_elements', '2014-07-22 18:49:14', '2014-07-22 18:49:15', '2014-07-22 18:49:15', 'ed1a35d1-f2d6-423e-ac28-33a5b004adfc');
INSERT INTO `migrations` (`id`, `pluginId`, `version`, `applyTime`, `dateCreated`, `dateUpdated`, `uid`) VALUES ('34', NULL, 'm140401_100002_delete_compiled_templates', '2014-07-22 18:49:14', '2014-07-22 18:49:15', '2014-07-22 18:49:15', 'ee63cd0d-101c-455d-9a60-c494e414ae19');
INSERT INTO `migrations` (`id`, `pluginId`, `version`, `applyTime`, `dateCreated`, `dateUpdated`, `uid`) VALUES ('35', NULL, 'm140403_000000_allow_orphan_assets_again', '2014-07-22 18:49:14', '2014-07-22 18:49:15', '2014-07-22 18:49:15', '8dab8dad-f972-4533-93b6-19de67eb1d8d');
INSERT INTO `migrations` (`id`, `pluginId`, `version`, `applyTime`, `dateCreated`, `dateUpdated`, `uid`) VALUES ('36', NULL, 'm140508_000000_fix_disabled_matrix_blocks', '2014-07-22 18:49:14', '2014-07-22 18:49:15', '2014-07-22 18:49:15', '405a346e-c404-49cb-a207-314bcdac07f7');
INSERT INTO `migrations` (`id`, `pluginId`, `version`, `applyTime`, `dateCreated`, `dateUpdated`, `uid`) VALUES ('37', NULL, 'm140520_000000_add_id_column_to_templatecachecriteria', '2014-07-22 18:49:14', '2014-07-22 18:49:15', '2014-07-22 18:49:15', 'c7f362ed-4c77-4763-abb0-e65bb1d98117');
INSERT INTO `migrations` (`id`, `pluginId`, `version`, `applyTime`, `dateCreated`, `dateUpdated`, `uid`) VALUES ('38', NULL, 'm140603_000000_draft_names', '2014-07-22 18:49:14', '2014-07-22 18:49:15', '2014-07-22 18:49:15', 'a6c368ee-c2d9-486a-b2d6-7ef6e04d33fc');
INSERT INTO `migrations` (`id`, `pluginId`, `version`, `applyTime`, `dateCreated`, `dateUpdated`, `uid`) VALUES ('39', NULL, 'm140603_000001_draft_notes', '2014-07-22 18:49:14', '2014-07-22 18:49:15', '2014-07-22 18:49:15', 'e001bcfb-fc78-4e13-a6d2-4875cbb65eaf');
INSERT INTO `migrations` (`id`, `pluginId`, `version`, `applyTime`, `dateCreated`, `dateUpdated`, `uid`) VALUES ('40', NULL, 'm140603_000002_version_nums', '2014-07-22 18:49:14', '2014-07-22 18:49:15', '2014-07-22 18:49:15', '2d593753-34bf-4dad-8d35-71717e5c2851');
INSERT INTO `migrations` (`id`, `pluginId`, `version`, `applyTime`, `dateCreated`, `dateUpdated`, `uid`) VALUES ('41', NULL, 'm140603_000003_version_toggling', '2014-07-22 18:49:14', '2014-07-22 18:49:15', '2014-07-22 18:49:15', '10bc68ba-768e-44bf-a977-6e0e0f338112');
INSERT INTO `migrations` (`id`, `pluginId`, `version`, `applyTime`, `dateCreated`, `dateUpdated`, `uid`) VALUES ('42', NULL, 'm140603_000004_tokens', '2014-07-22 18:49:14', '2014-07-22 18:49:15', '2014-07-22 18:49:15', '7570591e-033b-4832-94c3-d16cb58fad5e');
INSERT INTO `migrations` (`id`, `pluginId`, `version`, `applyTime`, `dateCreated`, `dateUpdated`, `uid`) VALUES ('43', NULL, 'm140603_000005_asset_sources', '2014-07-22 18:49:14', '2014-07-22 18:49:15', '2014-07-22 18:49:15', '201318ae-8b10-4e2f-9bbd-3b68b9fe9fef');
INSERT INTO `migrations` (`id`, `pluginId`, `version`, `applyTime`, `dateCreated`, `dateUpdated`, `uid`) VALUES ('44', NULL, 'm140716_000001_allow_temp_source_transforms_again', '2014-07-24 14:27:38', '2014-07-24 14:27:38', '2014-07-24 14:27:38', '4fc4faa8-b155-4f99-be21-e109ab106ccf');
INSERT INTO `migrations` (`id`, `pluginId`, `version`, `applyTime`, `dateCreated`, `dateUpdated`, `uid`) VALUES ('45', NULL, 'm140731_000001_resave_elements_with_assets_in_temp_sources', '2014-08-18 14:39:34', '2014-08-18 14:39:34', '2014-08-18 14:39:34', '1ddea56c-0059-4b71-b29f-8b4b68deda7c');
INSERT INTO `migrations` (`id`, `pluginId`, `version`, `applyTime`, `dateCreated`, `dateUpdated`, `uid`) VALUES ('46', NULL, 'm140730_000001_add_filename_and_format_to_transformindex', '2014-09-02 19:30:34', '2014-09-02 19:30:34', '2014-09-02 19:30:34', '02827e20-fe93-4d8b-b2c2-dbb37e158894');
INSERT INTO `migrations` (`id`, `pluginId`, `version`, `applyTime`, `dateCreated`, `dateUpdated`, `uid`) VALUES ('47', NULL, 'm140815_000001_add_format_to_transforms', '2014-09-02 19:30:34', '2014-09-02 19:30:34', '2014-09-02 19:30:34', '02122921-8f5e-4556-9613-0f4f889d34a8');
INSERT INTO `migrations` (`id`, `pluginId`, `version`, `applyTime`, `dateCreated`, `dateUpdated`, `uid`) VALUES ('48', NULL, 'm140822_000001_allow_more_than_128_items_per_field', '2014-09-02 19:30:34', '2014-09-02 19:30:34', '2014-09-02 19:30:34', '1ff3304a-11bc-4132-ab71-226cdd004beb');
INSERT INTO `migrations` (`id`, `pluginId`, `version`, `applyTime`, `dateCreated`, `dateUpdated`, `uid`) VALUES ('49', NULL, 'm140829_000001_single_title_formats', '2014-09-02 19:30:34', '2014-09-02 19:30:34', '2014-09-02 19:30:34', '6219448c-4f65-4b10-9383-49cd90072799');
INSERT INTO `migrations` (`id`, `pluginId`, `version`, `applyTime`, `dateCreated`, `dateUpdated`, `uid`) VALUES ('50', NULL, 'm140831_000001_extended_cache_keys', '2014-09-02 19:30:34', '2014-09-02 19:30:34', '2014-09-02 19:30:34', '29c8da29-3faa-40ad-9d86-cd06bc181412');



--
-- Schema for table `plugins`
--

DROP TABLE IF EXISTS `plugins`;

CREATE TABLE `plugins` (
  `id` int(11) NOT NULL AUTO_INCREMENT,
  `class` varchar(150) COLLATE utf8_unicode_ci NOT NULL,
  `version` char(15) COLLATE utf8_unicode_ci NOT NULL,
  `enabled` tinyint(1) unsigned NOT NULL DEFAULT '0',
  `settings` text COLLATE utf8_unicode_ci,
  `installDate` datetime NOT NULL,
  `dateCreated` datetime NOT NULL,
  `dateUpdated` datetime NOT NULL,
  `uid` char(36) COLLATE utf8_unicode_ci NOT NULL DEFAULT '0',
  PRIMARY KEY (`id`)
) ENGINE=InnoDB AUTO_INCREMENT=4 DEFAULT CHARSET=utf8 COLLATE=utf8_unicode_ci;

--
-- Data for table `plugins`
--

INSERT INTO `plugins` (`id`, `class`, `version`, `enabled`, `settings`, `installDate`, `dateCreated`, `dateUpdated`, `uid`) VALUES ('1', 'RedactorClips', '1.0', '1', '{\"clips\":[{\"name\":\"Section Title\",\"html\":\"<h2>TITLE TO REPLACE<\\/H2>\"},{\"name\":\"Code - CSS\",\"html\":\"<code class=\\\"code-css\\\">CODE HERE<\\/code>\"},{\"name\":\"Code - HTML\",\"html\":\"<code class=\\\"code-html\\\">CODE HERE<\\/code>\"},{\"name\":\"Code - JS\",\"html\":\"<code class=\\\"code-js\\\">CODE HERE<\\/code>\"},{\"name\":\"Code - JSON\",\"html\":\"<code class=\\\"code-json\\\">CODE HERE<\\/code>\"},{\"name\":\"Code - PHP\",\"html\":\"<code class=\\\"code-php\\\">CODE HERE<\\/code>\"},{\"name\":\"Code - SCSS\",\"html\":\"<code class=\\\"code-scss\\\">CODE HERE<\\/code>\"},{\"name\":\"Code - SQL\",\"html\":\"<code class=\\\"code-sql\\\">CODE HERE<\\/code>\"},{\"name\":\"Aside\",\"html\":\"<aside>IMPORTANT STORY POINT HERE<\\/aside>\"},{\"name\":\"Rating\",\"html\":\"<h2 class=\\\"rating\\\">RATING TITLE\\r\\n<em>3\\/5<\\/em>\\r\\n<\\/h2>\"},{\"name\":\"Image Carousel\",\"html\":\"<ul class=\\\"owl-carousel\\\">\\r\\n<li><img src=\\\"http:\\/\\/lorempixel.com\\/g\\/320\\/240\\/animals\\\" \\/><\\/li>\\r\\n<li><img src=\\\"http:\\/\\/lorempixel.com\\/g\\/320\\/240\\/food\\\" \\/><\\/li>\\r\\n<li><img src=\\\"http:\\/\\/lorempixel.com\\/g\\/320\\/240\\/cats\\\" \\/><\\/li>\\r\\n<\\/ul>\"},{\"name\":\"Before \\/ After\",\"html\":\"<ul class=\\\"comparison responsive\\\">\\r\\n<li class=\\\"compare\\\"><img src=\\\"http:\\/\\/lorempixel.com\\/g\\/320\\/240\\/cats\\\" \\/><\\/li>\\r\\n<li class=\\\"compare\\\"><img src=\\\"http:\\/\\/lorempixel.com\\/g\\/320\\/240\\/animals\\\" \\/><\\/li>\\r\\n<\\/ul>\"},{\"name\":\"Figure\",\"html\":\"<figure>\\r\\n<img src=\\\"http:\\/\\/lorempixel.com\\/g\\/320\\/240\\/animals\\\" \\/>\\r\\n<figcaption>FIGURE CAPTION<\\/figcaption>\\r\\n<\\/figure>\"},{\"name\":\"Figure Left\",\"html\":\"<figure class=\\\"left\\\">\\r\\n<figcaption>FIGURE CAPTION<\\/figcaption>\\r\\n<p>Bacon tenderloin cow short ribs. Ham prosciutto pork ball tip short ribs shank fatback sirloin filet mignon sausage pork chop leberkas. Andouille short loin ball tip t-bone, leberkas jerky kielbasa.<\\/p>\\r\\n<img src=\\\"http:\\/\\/lorempixel.com\\/g\\/240\\/320\\/cats\\\" \\/>\\r\\n<\\/figure>\"},{\"name\":\"Figure Right\",\"html\":\"<figure class=\\\"right\\\">\\r\\n<figcaption>FIGURE CAPTION<\\/figcaption>\\r\\n<p>Bacon tenderloin cow short ribs. Ham prosciutto pork ball tip short ribs shank fatback sirloin filet mignon sausage pork chop leberkas. Andouille short loin ball tip t-bone, leberkas jerky kielbasa.<\\/p>\\r\\n<img src=\\\"http:\\/\\/lorempixel.com\\/g\\/240\\/320\\/cats\\\" \\/>\\r\\n<\\/figure>\"},{\"name\":\"Figure 50%\",\"html\":\"<figure class=\\\"half\\\">\\r\\n<img src=\\\"http:\\/\\/lorempixel.com\\/g\\/240\\/320\\/cats\\\" \\/>\\r\\n<figcaption>FIGURE CAPTION<\\/figcaption>\\r\\n<p>Bacon tenderloin cow short ribs. Ham prosciutto pork ball tip short ribs shank fatback sirloin filet mignon sausage pork chop leberkas. Andouille short loin ball tip t-bone, leberkas jerky kielbasa.<\\/p>\\r\\n<\\/figure>\"},{\"name\":\"Citation \\/ Quote\",\"html\":\"<blockquote>\\r\\n<p>Now that there is the Tec-9, a crappy spray gun from South Miami.<\\/p>\\r\\n<cite>Jackie Brown<\\/cite>\\r\\n<\\/blockquote>\"},{\"name\":\"Article References\",\"html\":\"<ul class=\\\"references\\\">\\r\\n<li><h3>REFERENCE TITLE<\\/h3><cite><a href=\\\"#\\\">SOURCE URL\\/ETC &bull; FEBROVEMBER 41st, 3030<\\/a><\\/cite><\\/li>\\r\\n<li><h3>REFERENCE TITLE<\\/h3><cite><a href=\\\"#\\\">SOURCE URL\\/ETC &bull; FEBROVEMBER 41st, 3030<\\/a><\\/cite><\\/li>\\r\\n<\\/ul>\"}]}', '2014-08-27 19:20:25', '2014-08-27 19:20:25', '2014-09-22 17:18:40', '2f477af4-179b-4067-b1a6-3ecae323060d');
INSERT INTO `plugins` (`id`, `class`, `version`, `enabled`, `settings`, `installDate`, `dateCreated`, `dateUpdated`, `uid`) VALUES ('2', 'RangeSliderField', '2.0.1', '0', NULL, '2014-08-27 19:21:34', '2014-08-27 19:21:34', '2014-08-27 21:57:06', '9c713f8b-e959-4bd1-9800-2a551a1409e9');
INSERT INTO `plugins` (`id`, `class`, `version`, `enabled`, `settings`, `installDate`, `dateCreated`, `dateUpdated`, `uid`) VALUES ('3', 'Inflect', '1.0', '0', NULL, '2014-08-27 19:23:43', '2014-08-27 19:23:43', '2014-08-27 22:02:06', '80ef58c7-1fd4-4073-b336-383906989f44');



--
-- Schema for table `rackspaceaccess`
--

DROP TABLE IF EXISTS `rackspaceaccess`;

CREATE TABLE `rackspaceaccess` (
  `id` int(11) NOT NULL AUTO_INCREMENT,
  `connectionKey` varchar(255) COLLATE utf8_unicode_ci NOT NULL,
  `token` varchar(255) COLLATE utf8_unicode_ci NOT NULL,
  `storageUrl` varchar(255) COLLATE utf8_unicode_ci NOT NULL,
  `cdnUrl` varchar(255) COLLATE utf8_unicode_ci NOT NULL,
  `dateCreated` datetime NOT NULL,
  `dateUpdated` datetime NOT NULL,
  `uid` char(36) COLLATE utf8_unicode_ci NOT NULL DEFAULT '0',
  PRIMARY KEY (`id`),
  UNIQUE KEY `rackspaceaccess_connectionKey_unq_idx` (`connectionKey`)
) ENGINE=InnoDB DEFAULT CHARSET=utf8 COLLATE=utf8_unicode_ci;

--
-- Schema for table `relations`
--

DROP TABLE IF EXISTS `relations`;

CREATE TABLE `relations` (
  `id` int(11) NOT NULL AUTO_INCREMENT,
  `fieldId` int(11) NOT NULL,
  `sourceId` int(11) NOT NULL,
  `sourceLocale` char(12) COLLATE utf8_unicode_ci DEFAULT NULL,
  `targetId` int(11) NOT NULL,
  `sortOrder` smallint(6) DEFAULT NULL,
  `dateCreated` datetime NOT NULL,
  `dateUpdated` datetime NOT NULL,
  `uid` char(36) COLLATE utf8_unicode_ci NOT NULL DEFAULT '0',
  PRIMARY KEY (`id`),
  UNIQUE KEY `relations_fieldId_sourceId_sourceLocale_targetId_unq_idx` (`fieldId`,`sourceId`,`sourceLocale`,`targetId`),
  KEY `relations_sourceId_fk` (`sourceId`),
  KEY `relations_sourceLocale_fk` (`sourceLocale`),
  KEY `relations_targetId_fk` (`targetId`)
) ENGINE=InnoDB AUTO_INCREMENT=46 DEFAULT CHARSET=utf8 COLLATE=utf8_unicode_ci;

--
-- Data for table `relations`
--

INSERT INTO `relations` (`id`, `fieldId`, `sourceId`, `sourceLocale`, `targetId`, `sortOrder`, `dateCreated`, `dateUpdated`, `uid`) VALUES ('15', '17', '21', NULL, '10', '1', '2014-08-29 20:55:05', '2014-08-29 20:55:05', 'b2bb749d-3ed3-4e1f-90b9-6940bac06b19');
INSERT INTO `relations` (`id`, `fieldId`, `sourceId`, `sourceLocale`, `targetId`, `sortOrder`, `dateCreated`, `dateUpdated`, `uid`) VALUES ('18', '3', '18', NULL, '16', '1', '2014-09-03 13:52:21', '2014-09-03 13:52:21', '1fcb508f-9ce7-43df-a813-36d30e4d0f4e');
INSERT INTO `relations` (`id`, `fieldId`, `sourceId`, `sourceLocale`, `targetId`, `sortOrder`, `dateCreated`, `dateUpdated`, `uid`) VALUES ('19', '3', '18', NULL, '17', '2', '2014-09-03 13:52:21', '2014-09-03 13:52:21', 'c626c19e-e08b-4871-b959-575e85902803');
INSERT INTO `relations` (`id`, `fieldId`, `sourceId`, `sourceLocale`, `targetId`, `sortOrder`, `dateCreated`, `dateUpdated`, `uid`) VALUES ('20', '17', '22', NULL, '6', '1', '2014-09-17 19:01:05', '2014-09-17 19:01:05', 'ee2490f6-5133-452f-b122-0e08d7732b32');
INSERT INTO `relations` (`id`, `fieldId`, `sourceId`, `sourceLocale`, `targetId`, `sortOrder`, `dateCreated`, `dateUpdated`, `uid`) VALUES ('21', '9', '12', NULL, '11', '1', '2014-09-17 22:40:04', '2014-09-17 22:40:04', 'afd43526-aa88-4783-b003-13d147bc4091');
INSERT INTO `relations` (`id`, `fieldId`, `sourceId`, `sourceLocale`, `targetId`, `sortOrder`, `dateCreated`, `dateUpdated`, `uid`) VALUES ('22', '9', '1', NULL, '11', '1', '2014-09-17 22:40:28', '2014-09-17 22:40:28', '790c86a0-59cd-4378-a267-54b56da6e502');
INSERT INTO `relations` (`id`, `fieldId`, `sourceId`, `sourceLocale`, `targetId`, `sortOrder`, `dateCreated`, `dateUpdated`, `uid`) VALUES ('23', '9', '14', NULL, '11', '1', '2014-09-17 22:41:08', '2014-09-17 22:41:08', 'd9c3fbb1-c8d8-4c2e-b6e9-77f4ec3ccc44');
INSERT INTO `relations` (`id`, `fieldId`, `sourceId`, `sourceLocale`, `targetId`, `sortOrder`, `dateCreated`, `dateUpdated`, `uid`) VALUES ('24', '9', '13', NULL, '11', '1', '2014-09-17 22:41:30', '2014-09-17 22:41:30', 'b5a7b692-f8c3-444c-a906-7fa780cc1ea0');
INSERT INTO `relations` (`id`, `fieldId`, `sourceId`, `sourceLocale`, `targetId`, `sortOrder`, `dateCreated`, `dateUpdated`, `uid`) VALUES ('25', '9', '15', NULL, '11', '1', '2014-09-17 22:41:59', '2014-09-17 22:41:59', '6a6e8dac-4c4e-48b6-8bd5-ae39d0185f0c');
INSERT INTO `relations` (`id`, `fieldId`, `sourceId`, `sourceLocale`, `targetId`, `sortOrder`, `dateCreated`, `dateUpdated`, `uid`) VALUES ('45', '17', '20', NULL, '8', '1', '2014-09-22 17:19:23', '2014-09-22 17:19:23', '5344cd7a-7289-4e47-936d-905f7eedc152');



--
-- Schema for table `routes`
--

DROP TABLE IF EXISTS `routes`;

CREATE TABLE `routes` (
  `id` int(11) NOT NULL AUTO_INCREMENT,
  `locale` char(12) COLLATE utf8_unicode_ci DEFAULT NULL,
  `urlParts` varchar(255) COLLATE utf8_unicode_ci NOT NULL,
  `urlPattern` varchar(255) COLLATE utf8_unicode_ci NOT NULL,
  `template` varchar(255) COLLATE utf8_unicode_ci NOT NULL,
  `sortOrder` tinyint(4) DEFAULT NULL,
  `dateCreated` datetime NOT NULL,
  `dateUpdated` datetime NOT NULL,
  `uid` char(36) COLLATE utf8_unicode_ci NOT NULL DEFAULT '0',
  PRIMARY KEY (`id`),
  UNIQUE KEY `routes_urlPattern_unq_idx` (`urlPattern`),
  KEY `routes_locale_idx` (`locale`)
) ENGINE=InnoDB DEFAULT CHARSET=utf8 COLLATE=utf8_unicode_ci;

--
-- Schema for table `searchindex`
--

DROP TABLE IF EXISTS `searchindex`;

CREATE TABLE `searchindex` (
  `elementId` int(11) NOT NULL,
  `attribute` varchar(25) COLLATE utf8_unicode_ci NOT NULL,
  `fieldId` int(11) NOT NULL,
  `locale` char(12) COLLATE utf8_unicode_ci NOT NULL,
  `keywords` text COLLATE utf8_unicode_ci NOT NULL,
  PRIMARY KEY (`elementId`,`attribute`,`fieldId`,`locale`),
  FULLTEXT KEY `searchindex_keywords_idx` (`keywords`)
) ENGINE=MyISAM DEFAULT CHARSET=utf8 COLLATE=utf8_unicode_ci;

--
-- Data for table `searchindex`
--

INSERT INTO `searchindex` (`elementId`, `attribute`, `fieldId`, `locale`, `keywords`) VALUES ('1', 'username', '0', 'en_us', ' randy_cochran ');
INSERT INTO `searchindex` (`elementId`, `attribute`, `fieldId`, `locale`, `keywords`) VALUES ('1', 'firstname', '0', 'en_us', ' randy ');
INSERT INTO `searchindex` (`elementId`, `attribute`, `fieldId`, `locale`, `keywords`) VALUES ('1', 'lastname', '0', 'en_us', ' cochran ');
INSERT INTO `searchindex` (`elementId`, `attribute`, `fieldId`, `locale`, `keywords`) VALUES ('1', 'fullname', '0', 'en_us', ' randy cochran ');
INSERT INTO `searchindex` (`elementId`, `attribute`, `fieldId`, `locale`, `keywords`) VALUES ('1', 'email', '0', 'en_us', ' randy cochran wayfindercreative com ');
INSERT INTO `searchindex` (`elementId`, `attribute`, `fieldId`, `locale`, `keywords`) VALUES ('1', 'slug', '0', 'en_us', '');
INSERT INTO `searchindex` (`elementId`, `attribute`, `fieldId`, `locale`, `keywords`) VALUES ('2', 'field', '1', 'en_us', ' we champion the user one pixel at a time ');
INSERT INTO `searchindex` (`elementId`, `attribute`, `fieldId`, `locale`, `keywords`) VALUES ('2', 'field', '2', 'en_us', ' something something ');
INSERT INTO `searchindex` (`elementId`, `attribute`, `fieldId`, `locale`, `keywords`) VALUES ('22', 'field', '61', 'en_us', ' 000000 ');
INSERT INTO `searchindex` (`elementId`, `attribute`, `fieldId`, `locale`, `keywords`) VALUES ('22', 'field', '60', 'en_us', ' 1 ');
INSERT INTO `searchindex` (`elementId`, `attribute`, `fieldId`, `locale`, `keywords`) VALUES ('22', 'field', '62', 'en_us', ' 1 ');
INSERT INTO `searchindex` (`elementId`, `attribute`, `fieldId`, `locale`, `keywords`) VALUES ('2', 'slug', '0', 'en_us', ' homepage ');
INSERT INTO `searchindex` (`elementId`, `attribute`, `fieldId`, `locale`, `keywords`) VALUES ('2', 'title', '0', 'en_us', ' home ');
INSERT INTO `searchindex` (`elementId`, `attribute`, `fieldId`, `locale`, `keywords`) VALUES ('3', 'field', '2', 'en_us', ' craft is the cms that s powering craft dev it s beautiful powerful flexible and easy to use and it s made by pixel tonic we can t wait to dive in and see what it s capable of this is even more captivating content which you couldn t see on the news index page because it was entered after a page break and the news index template only likes to show the content on the first page craft a nice alternative to word if you re making a website ');
INSERT INTO `searchindex` (`elementId`, `attribute`, `fieldId`, `locale`, `keywords`) VALUES ('3', 'field', '3', 'en_us', '');
INSERT INTO `searchindex` (`elementId`, `attribute`, `fieldId`, `locale`, `keywords`) VALUES ('3', 'slug', '0', 'en_us', '');
INSERT INTO `searchindex` (`elementId`, `attribute`, `fieldId`, `locale`, `keywords`) VALUES ('3', 'title', '0', 'en_us', ' we just installed craft ');
INSERT INTO `searchindex` (`elementId`, `attribute`, `fieldId`, `locale`, `keywords`) VALUES ('5', 'slug', '0', 'en_us', ' about ');
INSERT INTO `searchindex` (`elementId`, `attribute`, `fieldId`, `locale`, `keywords`) VALUES ('5', 'title', '0', 'en_us', ' about us ');
INSERT INTO `searchindex` (`elementId`, `attribute`, `fieldId`, `locale`, `keywords`) VALUES ('6', 'slug', '0', 'en_us', '');
INSERT INTO `searchindex` (`elementId`, `attribute`, `fieldId`, `locale`, `keywords`) VALUES ('6', 'title', '0', 'en_us', ' ux ');
INSERT INTO `searchindex` (`elementId`, `attribute`, `fieldId`, `locale`, `keywords`) VALUES ('7', 'slug', '0', 'en_us', '');
INSERT INTO `searchindex` (`elementId`, `attribute`, `fieldId`, `locale`, `keywords`) VALUES ('7', 'title', '0', 'en_us', ' design ');
INSERT INTO `searchindex` (`elementId`, `attribute`, `fieldId`, `locale`, `keywords`) VALUES ('8', 'slug', '0', 'en_us', '');
INSERT INTO `searchindex` (`elementId`, `attribute`, `fieldId`, `locale`, `keywords`) VALUES ('8', 'title', '0', 'en_us', ' technology ');
INSERT INTO `searchindex` (`elementId`, `attribute`, `fieldId`, `locale`, `keywords`) VALUES ('9', 'slug', '0', 'en_us', '');
INSERT INTO `searchindex` (`elementId`, `attribute`, `fieldId`, `locale`, `keywords`) VALUES ('9', 'title', '0', 'en_us', ' strategy ');
INSERT INTO `searchindex` (`elementId`, `attribute`, `fieldId`, `locale`, `keywords`) VALUES ('10', 'slug', '0', 'en_us', '');
INSERT INTO `searchindex` (`elementId`, `attribute`, `fieldId`, `locale`, `keywords`) VALUES ('10', 'title', '0', 'en_us', ' news ');
INSERT INTO `searchindex` (`elementId`, `attribute`, `fieldId`, `locale`, `keywords`) VALUES ('11', 'filename', '0', 'en_us', ' g_bracket_handle png ');
INSERT INTO `searchindex` (`elementId`, `attribute`, `fieldId`, `locale`, `keywords`) VALUES ('11', 'extension', '0', 'en_us', ' png ');
INSERT INTO `searchindex` (`elementId`, `attribute`, `fieldId`, `locale`, `keywords`) VALUES ('11', 'kind', '0', 'en_us', ' image ');
INSERT INTO `searchindex` (`elementId`, `attribute`, `fieldId`, `locale`, `keywords`) VALUES ('11', 'slug', '0', 'en_us', '');
INSERT INTO `searchindex` (`elementId`, `attribute`, `fieldId`, `locale`, `keywords`) VALUES ('11', 'title', '0', 'en_us', ' g bracket handle ');
INSERT INTO `searchindex` (`elementId`, `attribute`, `fieldId`, `locale`, `keywords`) VALUES ('12', 'field', '6', 'en_us', ' chief experience officer ');
INSERT INTO `searchindex` (`elementId`, `attribute`, `fieldId`, `locale`, `keywords`) VALUES ('12', 'field', '7', 'en_us', ' chinmoy founded wayfinder in 2004 with one goal to do work that matters he has a bachelor of industrial design from the pratt institute and lives in miami fl with his wife and sons ');
INSERT INTO `searchindex` (`elementId`, `attribute`, `fieldId`, `locale`, `keywords`) VALUES ('12', 'field', '8', 'en_us', ' chinmoy founded wayfinder in 2004 with one goal to do work that matters he has a bachelor of industrial design from the pratt institute and lives in miami fl with his wife and sons chinmoy founded wayfinder in 2004 with one goal to do work that matters he has a bachelor of industrial design from the pratt institute and lives in miami fl with his wife and sons chinmoy founded wayfinder in 2004 with one goal to do work that matters he has a bachelor of industrial design from the pratt institute and lives in miami fl with his wife and sons ');
INSERT INTO `searchindex` (`elementId`, `attribute`, `fieldId`, `locale`, `keywords`) VALUES ('12', 'field', '9', 'en_us', ' g bracket handle ');
INSERT INTO `searchindex` (`elementId`, `attribute`, `fieldId`, `locale`, `keywords`) VALUES ('12', 'field', '10', 'en_us', '');
INSERT INTO `searchindex` (`elementId`, `attribute`, `fieldId`, `locale`, `keywords`) VALUES ('12', 'username', '0', 'en_us', ' chinmoy_raval ');
INSERT INTO `searchindex` (`elementId`, `attribute`, `fieldId`, `locale`, `keywords`) VALUES ('12', 'firstname', '0', 'en_us', ' chinmoy ');
INSERT INTO `searchindex` (`elementId`, `attribute`, `fieldId`, `locale`, `keywords`) VALUES ('12', 'lastname', '0', 'en_us', ' raval ');
INSERT INTO `searchindex` (`elementId`, `attribute`, `fieldId`, `locale`, `keywords`) VALUES ('12', 'fullname', '0', 'en_us', ' chinmoy raval ');
INSERT INTO `searchindex` (`elementId`, `attribute`, `fieldId`, `locale`, `keywords`) VALUES ('12', 'email', '0', 'en_us', ' chinmoy raval wayfindercreative com ');
INSERT INTO `searchindex` (`elementId`, `attribute`, `fieldId`, `locale`, `keywords`) VALUES ('12', 'slug', '0', 'en_us', '');
INSERT INTO `searchindex` (`elementId`, `attribute`, `fieldId`, `locale`, `keywords`) VALUES ('1', 'field', '6', 'en_us', ' senior experience developer ');
INSERT INTO `searchindex` (`elementId`, `attribute`, `fieldId`, `locale`, `keywords`) VALUES ('1', 'field', '7', 'en_us', ' when he s not busy adding depth and detail to our experiences randy can usually be found with a fly rod in hand rest assured though no icons were harmed in the making of this site ');
INSERT INTO `searchindex` (`elementId`, `attribute`, `fieldId`, `locale`, `keywords`) VALUES ('1', 'field', '8', 'en_us', ' when he s not busy adding depth and detail to our experiences randy can usually be found with a fly rod in hand rest assured though no icons were harmed in the making of this site when he s not busy adding depth and detail to our experiences randy can usually be found with a fly rod in hand rest assured though no icons were harmed in the making of this site when he s not busy adding depth and detail to our experiences randy can usually be found with a fly rod in hand rest assured though no icons were harmed in the making of this site ');
INSERT INTO `searchindex` (`elementId`, `attribute`, `fieldId`, `locale`, `keywords`) VALUES ('1', 'field', '9', 'en_us', ' g bracket handle ');
INSERT INTO `searchindex` (`elementId`, `attribute`, `fieldId`, `locale`, `keywords`) VALUES ('1', 'field', '10', 'en_us', '');
INSERT INTO `searchindex` (`elementId`, `attribute`, `fieldId`, `locale`, `keywords`) VALUES ('13', 'field', '6', 'en_us', ' chief operating officer ');
INSERT INTO `searchindex` (`elementId`, `attribute`, `fieldId`, `locale`, `keywords`) VALUES ('13', 'field', '7', 'en_us', ' apart from being a wiz with numbers alice s experience with operations accounting and finance over 15 years of marketing research and product development make wayfinder hum ');
INSERT INTO `searchindex` (`elementId`, `attribute`, `fieldId`, `locale`, `keywords`) VALUES ('13', 'field', '8', 'en_us', ' apart from being a wiz with numbers alice s experience with operations accounting and finance over 15 years of marketing research and product development make wayfinder hum apart from being a wiz with numbers alice s experience with operations accounting and finance over 15 years of marketing research and product development make wayfinder hum apart from being a wiz with numbers alice s experience with operations accounting and finance over 15 years of marketing research and product development make wayfinder hum ');
INSERT INTO `searchindex` (`elementId`, `attribute`, `fieldId`, `locale`, `keywords`) VALUES ('13', 'field', '9', 'en_us', ' g bracket handle ');
INSERT INTO `searchindex` (`elementId`, `attribute`, `fieldId`, `locale`, `keywords`) VALUES ('13', 'field', '10', 'en_us', '');
INSERT INTO `searchindex` (`elementId`, `attribute`, `fieldId`, `locale`, `keywords`) VALUES ('13', 'username', '0', 'en_us', ' alice_mensch ');
INSERT INTO `searchindex` (`elementId`, `attribute`, `fieldId`, `locale`, `keywords`) VALUES ('13', 'firstname', '0', 'en_us', ' alice ');
INSERT INTO `searchindex` (`elementId`, `attribute`, `fieldId`, `locale`, `keywords`) VALUES ('13', 'lastname', '0', 'en_us', ' mensch ');
INSERT INTO `searchindex` (`elementId`, `attribute`, `fieldId`, `locale`, `keywords`) VALUES ('13', 'fullname', '0', 'en_us', ' alice mensch ');
INSERT INTO `searchindex` (`elementId`, `attribute`, `fieldId`, `locale`, `keywords`) VALUES ('13', 'email', '0', 'en_us', ' alice mensch wayfindercreative com ');
INSERT INTO `searchindex` (`elementId`, `attribute`, `fieldId`, `locale`, `keywords`) VALUES ('13', 'slug', '0', 'en_us', '');
INSERT INTO `searchindex` (`elementId`, `attribute`, `fieldId`, `locale`, `keywords`) VALUES ('14', 'field', '6', 'en_us', ' senior experience designer ');
INSERT INTO `searchindex` (`elementId`, `attribute`, `fieldId`, `locale`, `keywords`) VALUES ('14', 'field', '7', 'en_us', ' design director photographer musician husband agustin has been a visual artist for over ten years playing with type pixels to create beautiful experiences ');
INSERT INTO `searchindex` (`elementId`, `attribute`, `fieldId`, `locale`, `keywords`) VALUES ('14', 'field', '8', 'en_us', ' design director photographer musician husband agustin has been a visual artist for over ten years playing with type pixels to create beautiful experiences design director photographer musician husband agustin has been a visual artist for over ten years playing with type pixels to create beautiful experiences design director photographer musician husband agustin has been a visual artist for over ten years playing with type pixels to create beautiful experiences ');
INSERT INTO `searchindex` (`elementId`, `attribute`, `fieldId`, `locale`, `keywords`) VALUES ('14', 'field', '9', 'en_us', ' g bracket handle ');
INSERT INTO `searchindex` (`elementId`, `attribute`, `fieldId`, `locale`, `keywords`) VALUES ('14', 'field', '10', 'en_us', '');
INSERT INTO `searchindex` (`elementId`, `attribute`, `fieldId`, `locale`, `keywords`) VALUES ('14', 'username', '0', 'en_us', ' agustin_sanchez ');
INSERT INTO `searchindex` (`elementId`, `attribute`, `fieldId`, `locale`, `keywords`) VALUES ('14', 'firstname', '0', 'en_us', ' agustin ');
INSERT INTO `searchindex` (`elementId`, `attribute`, `fieldId`, `locale`, `keywords`) VALUES ('14', 'lastname', '0', 'en_us', ' sanchez ');
INSERT INTO `searchindex` (`elementId`, `attribute`, `fieldId`, `locale`, `keywords`) VALUES ('14', 'fullname', '0', 'en_us', ' agustin sanchez ');
INSERT INTO `searchindex` (`elementId`, `attribute`, `fieldId`, `locale`, `keywords`) VALUES ('14', 'email', '0', 'en_us', ' agustin sanchez wayfindercreative com ');
INSERT INTO `searchindex` (`elementId`, `attribute`, `fieldId`, `locale`, `keywords`) VALUES ('14', 'slug', '0', 'en_us', '');
INSERT INTO `searchindex` (`elementId`, `attribute`, `fieldId`, `locale`, `keywords`) VALUES ('15', 'field', '6', 'en_us', ' senior experience designer ');
INSERT INTO `searchindex` (`elementId`, `attribute`, `fieldId`, `locale`, `keywords`) VALUES ('15', 'field', '7', 'en_us', ' with over 12 years experience in the digital space stephen is an avid gamer who is passionate about achieving elegant solutions to complex problems and discovering the next best beer ');
INSERT INTO `searchindex` (`elementId`, `attribute`, `fieldId`, `locale`, `keywords`) VALUES ('15', 'field', '8', 'en_us', ' with over 12 years experience in the digital space stephen is an avid gamer who is passionate about achieving elegant solutions to complex problems and discovering the next best beer with over 12 years experience in the digital space stephen is an avid gamer who is passionate about achieving elegant solutions to complex problems and discovering the next best beer with over 12 years experience in the digital space stephen is an avid gamer who is passionate about achieving elegant solutions to complex problems and discovering the next best beer ');
INSERT INTO `searchindex` (`elementId`, `attribute`, `fieldId`, `locale`, `keywords`) VALUES ('15', 'field', '9', 'en_us', ' g bracket handle ');
INSERT INTO `searchindex` (`elementId`, `attribute`, `fieldId`, `locale`, `keywords`) VALUES ('15', 'field', '10', 'en_us', '');
INSERT INTO `searchindex` (`elementId`, `attribute`, `fieldId`, `locale`, `keywords`) VALUES ('15', 'username', '0', 'en_us', ' stephen_klein ');
INSERT INTO `searchindex` (`elementId`, `attribute`, `fieldId`, `locale`, `keywords`) VALUES ('15', 'firstname', '0', 'en_us', ' stephen ');
INSERT INTO `searchindex` (`elementId`, `attribute`, `fieldId`, `locale`, `keywords`) VALUES ('15', 'lastname', '0', 'en_us', ' klein ');
INSERT INTO `searchindex` (`elementId`, `attribute`, `fieldId`, `locale`, `keywords`) VALUES ('15', 'fullname', '0', 'en_us', ' stephen klein ');
INSERT INTO `searchindex` (`elementId`, `attribute`, `fieldId`, `locale`, `keywords`) VALUES ('15', 'email', '0', 'en_us', ' stephen klein wayfindercreative com ');
INSERT INTO `searchindex` (`elementId`, `attribute`, `fieldId`, `locale`, `keywords`) VALUES ('15', 'slug', '0', 'en_us', '');
INSERT INTO `searchindex` (`elementId`, `attribute`, `fieldId`, `locale`, `keywords`) VALUES ('5', 'field', '2', 'en_us', '');
INSERT INTO `searchindex` (`elementId`, `attribute`, `fieldId`, `locale`, `keywords`) VALUES ('5', 'field', '1', 'en_us', ' we make sh t happen ');
INSERT INTO `searchindex` (`elementId`, `attribute`, `fieldId`, `locale`, `keywords`) VALUES ('5', 'field', '3', 'en_us', '');
INSERT INTO `searchindex` (`elementId`, `attribute`, `fieldId`, `locale`, `keywords`) VALUES ('4', 'field', '2', 'en_us', '');
INSERT INTO `searchindex` (`elementId`, `attribute`, `fieldId`, `locale`, `keywords`) VALUES ('4', 'field', '1', 'en_us', ' say hello ');
INSERT INTO `searchindex` (`elementId`, `attribute`, `fieldId`, `locale`, `keywords`) VALUES ('4', 'field', '3', 'en_us', '');
INSERT INTO `searchindex` (`elementId`, `attribute`, `fieldId`, `locale`, `keywords`) VALUES ('4', 'slug', '0', 'en_us', ' contact ');
INSERT INTO `searchindex` (`elementId`, `attribute`, `fieldId`, `locale`, `keywords`) VALUES ('4', 'title', '0', 'en_us', ' contact ');
INSERT INTO `searchindex` (`elementId`, `attribute`, `fieldId`, `locale`, `keywords`) VALUES ('16', 'name', '0', 'en_us', ' foo ');
INSERT INTO `searchindex` (`elementId`, `attribute`, `fieldId`, `locale`, `keywords`) VALUES ('16', 'slug', '0', 'en_us', '');
INSERT INTO `searchindex` (`elementId`, `attribute`, `fieldId`, `locale`, `keywords`) VALUES ('17', 'name', '0', 'en_us', ' fah ');
INSERT INTO `searchindex` (`elementId`, `attribute`, `fieldId`, `locale`, `keywords`) VALUES ('17', 'slug', '0', 'en_us', '');
INSERT INTO `searchindex` (`elementId`, `attribute`, `fieldId`, `locale`, `keywords`) VALUES ('18', 'field', '1', 'en_us', ' working with blah blah this doohickey that we spewed widgetized the flim flam industry ');
INSERT INTO `searchindex` (`elementId`, `attribute`, `fieldId`, `locale`, `keywords`) VALUES ('18', 'field', '20', 'en_us', ' akqa ');
INSERT INTO `searchindex` (`elementId`, `attribute`, `fieldId`, `locale`, `keywords`) VALUES ('18', 'field', '16', 'en_us', '');
INSERT INTO `searchindex` (`elementId`, `attribute`, `fieldId`, `locale`, `keywords`) VALUES ('18', 'field', '2', 'en_us', ' earlier this year akqa approached us about a neato gadget idea that they hoped would get market share for the midget bowler outfitter short strikers to an all time high of course we have balls and they have balls so we jumped right on it foo color 555555 ');
INSERT INTO `searchindex` (`elementId`, `attribute`, `fieldId`, `locale`, `keywords`) VALUES ('18', 'field', '21', 'en_us', ' in summary midgets are awesome ');
INSERT INTO `searchindex` (`elementId`, `attribute`, `fieldId`, `locale`, `keywords`) VALUES ('18', 'field', '3', 'en_us', ' foo fah ');
INSERT INTO `searchindex` (`elementId`, `attribute`, `fieldId`, `locale`, `keywords`) VALUES ('18', 'slug', '0', 'en_us', ' a doohickey for flim flams ');
INSERT INTO `searchindex` (`elementId`, `attribute`, `fieldId`, `locale`, `keywords`) VALUES ('18', 'title', '0', 'en_us', ' a doohickey for flim flams ');
INSERT INTO `searchindex` (`elementId`, `attribute`, `fieldId`, `locale`, `keywords`) VALUES ('19', 'field', '1', 'en_us', ' this hooha is one to end all hoohas ');
INSERT INTO `searchindex` (`elementId`, `attribute`, `fieldId`, `locale`, `keywords`) VALUES ('19', 'field', '20', 'en_us', ' boeing ');
INSERT INTO `searchindex` (`elementId`, `attribute`, `fieldId`, `locale`, `keywords`) VALUES ('19', 'field', '16', 'en_us', '');
INSERT INTO `searchindex` (`elementId`, `attribute`, `fieldId`, `locale`, `keywords`) VALUES ('19', 'field', '2', 'en_us', ' sometimes you feel like a nut sometimes you don t ');
INSERT INTO `searchindex` (`elementId`, `attribute`, `fieldId`, `locale`, `keywords`) VALUES ('19', 'field', '21', 'en_us', ' in conclusion booyakasha ');
INSERT INTO `searchindex` (`elementId`, `attribute`, `fieldId`, `locale`, `keywords`) VALUES ('19', 'field', '3', 'en_us', '');
INSERT INTO `searchindex` (`elementId`, `attribute`, `fieldId`, `locale`, `keywords`) VALUES ('19', 'slug', '0', 'en_us', ' hooha diddy is a dee tamey ');
INSERT INTO `searchindex` (`elementId`, `attribute`, `fieldId`, `locale`, `keywords`) VALUES ('19', 'title', '0', 'en_us', ' hooha diddy is a dee tamey ');
INSERT INTO `searchindex` (`elementId`, `attribute`, `fieldId`, `locale`, `keywords`) VALUES ('20', 'field', '1', 'en_us', ' some find that the cheese is right in front of them their whole lives ');
INSERT INTO `searchindex` (`elementId`, `attribute`, `fieldId`, `locale`, `keywords`) VALUES ('20', 'field', '17', 'en_us', ' technology ');
INSERT INTO `searchindex` (`elementId`, `attribute`, `fieldId`, `locale`, `keywords`) VALUES ('20', 'field', '16', 'en_us', ' heat it up in the micro lads then dip in that wacky celery that you re so fond of ');
INSERT INTO `searchindex` (`elementId`, `attribute`, `fieldId`, `locale`, `keywords`) VALUES ('20', 'field', '2', 'en_us', ' it really is nice gooey cheesy and you ll get nice and fat trust now that there is the tec 9 a crappy spray gun from south miami jackie browncarousel example comparison example i am a section titlei like big cats and i can not lie purr while eating for behind the couch so chew ipad power cord yet hunt anything that moves so give attitude or stand in front of the computer screen sun bathe sleep on keyboard leave fur on owners clothes swat at dog inspect anything brought into the house rub face on everything stand in front of the computer screen leave hair everywhere or chase dog then run away intently sniff hand why must they do that find something else more interesting and chase imaginary bugs find something else more interesting another sectionsun bathe play time hack up furballs for climb leg inspect anything brought into the house stick butt in face or under the bed lick butt chase imaginary bugs run in circles behind the couch sit in box or hunt by meowing loudly at 5am next to human slave food dispenser sleep in the bathroom sink nap all day leave fur on owners clothes swat at dog mark territory and play time nap all day chew ipad power cord make muffins attack feet code sample doctype html title title title style body width 500px style script type= application javascript function $init return true script body p checked class= title id= title title p here goes the rest of the page body some kind of bullet point n shitanother bullet point y allan ordered list is a gentle well mannered lista list that you can take home to mommaease of use 3 5a description of the rating and stuff ');
INSERT INTO `searchindex` (`elementId`, `attribute`, `fieldId`, `locale`, `keywords`) VALUES ('20', 'field', '21', 'en_us', ' get some ');
INSERT INTO `searchindex` (`elementId`, `attribute`, `fieldId`, `locale`, `keywords`) VALUES ('20', 'field', '19', 'en_us', '');
INSERT INTO `searchindex` (`elementId`, `attribute`, `fieldId`, `locale`, `keywords`) VALUES ('20', 'field', '3', 'en_us', '');
INSERT INTO `searchindex` (`elementId`, `attribute`, `fieldId`, `locale`, `keywords`) VALUES ('20', 'slug', '0', 'en_us', ' cheez whiz is really good on celery hearts yall ');
INSERT INTO `searchindex` (`elementId`, `attribute`, `fieldId`, `locale`, `keywords`) VALUES ('20', 'title', '0', 'en_us', ' cheez whiz is really good on celery hearts y all ');
INSERT INTO `searchindex` (`elementId`, `attribute`, `fieldId`, `locale`, `keywords`) VALUES ('21', 'field', '1', 'en_us', '');
INSERT INTO `searchindex` (`elementId`, `attribute`, `fieldId`, `locale`, `keywords`) VALUES ('21', 'field', '17', 'en_us', ' news ');
INSERT INTO `searchindex` (`elementId`, `attribute`, `fieldId`, `locale`, `keywords`) VALUES ('21', 'field', '22', 'en_us', ' http youtu be fv npievoi ');
INSERT INTO `searchindex` (`elementId`, `attribute`, `fieldId`, `locale`, `keywords`) VALUES ('21', 'field', '3', 'en_us', '');
INSERT INTO `searchindex` (`elementId`, `attribute`, `fieldId`, `locale`, `keywords`) VALUES ('21', 'slug', '0', 'en_us', ' a video post test ');
INSERT INTO `searchindex` (`elementId`, `attribute`, `fieldId`, `locale`, `keywords`) VALUES ('21', 'title', '0', 'en_us', ' a video post test ');
INSERT INTO `searchindex` (`elementId`, `attribute`, `fieldId`, `locale`, `keywords`) VALUES ('22', 'field', '1', 'en_us', '');
INSERT INTO `searchindex` (`elementId`, `attribute`, `fieldId`, `locale`, `keywords`) VALUES ('22', 'field', '17', 'en_us', ' ux ');
INSERT INTO `searchindex` (`elementId`, `attribute`, `fieldId`, `locale`, `keywords`) VALUES ('22', 'field', '23', 'en_us', ' imageimageimage ');
INSERT INTO `searchindex` (`elementId`, `attribute`, `fieldId`, `locale`, `keywords`) VALUES ('22', 'field', '3', 'en_us', '');
INSERT INTO `searchindex` (`elementId`, `attribute`, `fieldId`, `locale`, `keywords`) VALUES ('22', 'slug', '0', 'en_us', ' a gallery post test ');
INSERT INTO `searchindex` (`elementId`, `attribute`, `fieldId`, `locale`, `keywords`) VALUES ('22', 'title', '0', 'en_us', ' a gallery post test ');
INSERT INTO `searchindex` (`elementId`, `attribute`, `fieldId`, `locale`, `keywords`) VALUES ('5', 'field', '24', 'en_us', '');
INSERT INTO `searchindex` (`elementId`, `attribute`, `fieldId`, `locale`, `keywords`) VALUES ('5', 'field', '25', 'en_us', '');
INSERT INTO `searchindex` (`elementId`, `attribute`, `fieldId`, `locale`, `keywords`) VALUES ('5', 'field', '26', 'en_us', ' my money s in that office right if she start giving me some bullshit about it ain t there and we got to go someplace else and get it i m gonna shoot you in the head then and there then i m gonna shoot that bitch in the kneecaps find out where my goddamn money is ');
INSERT INTO `searchindex` (`elementId`, `attribute`, `fieldId`, `locale`, `keywords`) VALUES ('5', 'field', '27', 'en_us', ' our capabilities ');
INSERT INTO `searchindex` (`elementId`, `attribute`, `fieldId`, `locale`, `keywords`) VALUES ('5', 'field', '28', 'en_us', '');
INSERT INTO `searchindex` (`elementId`, `attribute`, `fieldId`, `locale`, `keywords`) VALUES ('5', 'field', '29', 'en_us', ' normally both your asses would be dead as fucking fried chicken but you happened to pull this shit while i m in a transitional period so i don t wanna kill you i wanna help you but i can t give you this case it don t belong to me besides i ve already been through too much shit this morning over this case to hand it over to your dumb ass ');
INSERT INTO `searchindex` (`elementId`, `attribute`, `fieldId`, `locale`, `keywords`) VALUES ('5', 'field', '30', 'en_us', ' strategy video production photography mobile development ui design web development data visualization ux design research info architecture enterprise retail design rapid prototyping model making brainstorming application development product engineering industrial design ');
INSERT INTO `searchindex` (`elementId`, `attribute`, `fieldId`, `locale`, `keywords`) VALUES ('5', 'field', '31', 'en_us', ' our process ');
INSERT INTO `searchindex` (`elementId`, `attribute`, `fieldId`, `locale`, `keywords`) VALUES ('5', 'field', '32', 'en_us', '');
INSERT INTO `searchindex` (`elementId`, `attribute`, `fieldId`, `locale`, `keywords`) VALUES ('5', 'field', '33', 'en_us', ' now that we know who you are i know who i am i m not a mistake it all makes sense in a comic you know how you can tell who the arch villain s going to be he s the exact opposite of the hero and most times they re friends like you and me i should ve known way back when you know why david because of the kids they called me mr glass ');
INSERT INTO `searchindex` (`elementId`, `attribute`, `fieldId`, `locale`, `keywords`) VALUES ('5', 'field', '34', 'en_us', ' figure caption ');
INSERT INTO `searchindex` (`elementId`, `attribute`, `fieldId`, `locale`, `keywords`) VALUES ('5', 'field', '35', 'en_us', '');
INSERT INTO `searchindex` (`elementId`, `attribute`, `fieldId`, `locale`, `keywords`) VALUES ('5', 'field', '36', 'en_us', ' discover define ');
INSERT INTO `searchindex` (`elementId`, `attribute`, `fieldId`, `locale`, `keywords`) VALUES ('5', 'field', '37', 'en_us', ' you can t solve a puzzle without the correct pieces ');
INSERT INTO `searchindex` (`elementId`, `attribute`, `fieldId`, `locale`, `keywords`) VALUES ('5', 'field', '38', 'en_us', ' do you see any teletubbies in here do you see a slender plastic tag clipped to my shirt with my name printed on it do you see a little asian child with a blank expression on his face sitting outside on a mechanical helicopter that shakes when you put quarters in it no well that s what you see at a toy store and you must think you re in a toy store because you re here shopping for an infant named jeb ');
INSERT INTO `searchindex` (`elementId`, `attribute`, `fieldId`, `locale`, `keywords`) VALUES ('5', 'field', '39', 'en_us', ' strategy research communication collaboration ux design info architecture brainstorming rapid prototyping model making ');
INSERT INTO `searchindex` (`elementId`, `attribute`, `fieldId`, `locale`, `keywords`) VALUES ('5', 'field', '42', 'en_us', '');
INSERT INTO `searchindex` (`elementId`, `attribute`, `fieldId`, `locale`, `keywords`) VALUES ('5', 'field', '40', 'en_us', ' design development ');
INSERT INTO `searchindex` (`elementId`, `attribute`, `fieldId`, `locale`, `keywords`) VALUES ('5', 'field', '41', 'en_us', ' your face needs design and development ');
INSERT INTO `searchindex` (`elementId`, `attribute`, `fieldId`, `locale`, `keywords`) VALUES ('5', 'field', '43', 'en_us', ' your bones don t break mine do that s clear your cells react to bacteria and viruses differently than mine you don t get sick i do that s also clear but for some reason you and i react the exact same way to water we swallow it too fast we choke we get some in our lungs we drown however unreal it may seem we are connected you and i we re on the same curve just on opposite ends ');
INSERT INTO `searchindex` (`elementId`, `attribute`, `fieldId`, `locale`, `keywords`) VALUES ('5', 'field', '44', 'en_us', ' ui design	web development	data visualization	application development	rapid prototyping	retail design	industrial design	product engineering ');
INSERT INTO `searchindex` (`elementId`, `attribute`, `fieldId`, `locale`, `keywords`) VALUES ('5', 'field', '47', 'en_us', '');
INSERT INTO `searchindex` (`elementId`, `attribute`, `fieldId`, `locale`, `keywords`) VALUES ('5', 'field', '45', 'en_us', ' measure improve ');
INSERT INTO `searchindex` (`elementId`, `attribute`, `fieldId`, `locale`, `keywords`) VALUES ('5', 'field', '46', 'en_us', '');
INSERT INTO `searchindex` (`elementId`, `attribute`, `fieldId`, `locale`, `keywords`) VALUES ('5', 'field', '48', 'en_us', ' well the way they make shows is they make one show that show s called a pilot then they show that show to the people who make shows and on the strength of that one show they decide if they re going to make more shows some pilots get picked and become television programs some don t become nothing she starred in one of the ones that became nothing ');
INSERT INTO `searchindex` (`elementId`, `attribute`, `fieldId`, `locale`, `keywords`) VALUES ('5', 'field', '49', 'en_us', ' details here ');
INSERT INTO `searchindex` (`elementId`, `attribute`, `fieldId`, `locale`, `keywords`) VALUES ('5', 'field', '50', 'en_us', ' our clients ');
INSERT INTO `searchindex` (`elementId`, `attribute`, `fieldId`, `locale`, `keywords`) VALUES ('5', 'field', '51', 'en_us', '');
INSERT INTO `searchindex` (`elementId`, `attribute`, `fieldId`, `locale`, `keywords`) VALUES ('5', 'field', '52', 'en_us', ' now that there is the tec 9 a crappy spray gun from south miami this gun is advertised as the most popular gun in american crime do you believe that shit it actually says that in the little book that comes with it the most popular gun in american crime like they re actually proud of that shit ');
INSERT INTO `searchindex` (`elementId`, `attribute`, `fieldId`, `locale`, `keywords`) VALUES ('5', 'field', '53', 'en_us', ' boeinguljwtacquity groupakqanoaaexpediaus dosnordstromcelebrity cruises ');
INSERT INTO `searchindex` (`elementId`, `attribute`, `fieldId`, `locale`, `keywords`) VALUES ('5', 'field', '54', 'en_us', ' our team ');
INSERT INTO `searchindex` (`elementId`, `attribute`, `fieldId`, `locale`, `keywords`) VALUES ('5', 'field', '55', 'en_us', '');
INSERT INTO `searchindex` (`elementId`, `attribute`, `fieldId`, `locale`, `keywords`) VALUES ('5', 'field', '56', 'en_us', ' the path of the righteous man is beset on all sides by the iniquities of the selfish and the tyranny of evil men blessed is he who in the name of charity and good will shepherds the weak through the valley of darkness for he is truly his brother s keeper and the finder of lost children and i will strike down upon thee with great vengeance and furious anger those who would attempt to poison and destroy my brothers and you will know my name is the lord when i lay my vengeance upon thee ');
INSERT INTO `searchindex` (`elementId`, `attribute`, `fieldId`, `locale`, `keywords`) VALUES ('4', 'field', '57', 'en_us', ' 3250 ne 1st ave suite 305 ');
INSERT INTO `searchindex` (`elementId`, `attribute`, `fieldId`, `locale`, `keywords`) VALUES ('4', 'field', '59', 'en_us', ' miami fl 33137 ');
INSERT INTO `searchindex` (`elementId`, `attribute`, `fieldId`, `locale`, `keywords`) VALUES ('4', 'field', '58', 'en_us', ' 786 268 9504 ');
INSERT INTO `searchindex` (`elementId`, `attribute`, `fieldId`, `locale`, `keywords`) VALUES ('20', 'field', '61', 'en_us', ' 000000 ');
INSERT INTO `searchindex` (`elementId`, `attribute`, `fieldId`, `locale`, `keywords`) VALUES ('20', 'field', '60', 'en_us', ' 1 ');
INSERT INTO `searchindex` (`elementId`, `attribute`, `fieldId`, `locale`, `keywords`) VALUES ('20', 'field', '62', 'en_us', ' 0 ');



--
-- Schema for table `sections`
--

DROP TABLE IF EXISTS `sections`;

CREATE TABLE `sections` (
  `id` int(11) NOT NULL AUTO_INCREMENT,
  `structureId` int(11) DEFAULT NULL,
  `name` varchar(255) COLLATE utf8_unicode_ci NOT NULL,
  `handle` varchar(255) COLLATE utf8_unicode_ci NOT NULL,
  `type` enum('single','channel','structure') COLLATE utf8_unicode_ci NOT NULL DEFAULT 'channel',
  `hasUrls` tinyint(1) unsigned NOT NULL DEFAULT '1',
  `template` varchar(500) COLLATE utf8_unicode_ci DEFAULT NULL,
  `enableVersioning` tinyint(1) unsigned NOT NULL DEFAULT '0',
  `dateCreated` datetime NOT NULL,
  `dateUpdated` datetime NOT NULL,
  `uid` char(36) COLLATE utf8_unicode_ci NOT NULL DEFAULT '0',
  PRIMARY KEY (`id`),
  UNIQUE KEY `sections_name_unq_idx` (`name`),
  UNIQUE KEY `sections_handle_unq_idx` (`handle`),
  KEY `sections_structureId_fk` (`structureId`)
) ENGINE=InnoDB AUTO_INCREMENT=7 DEFAULT CHARSET=utf8 COLLATE=utf8_unicode_ci;

--
-- Data for table `sections`
--

INSERT INTO `sections` (`id`, `structureId`, `name`, `handle`, `type`, `hasUrls`, `template`, `enableVersioning`, `dateCreated`, `dateUpdated`, `uid`) VALUES ('1', NULL, 'Home', 'homepage', 'single', '1', 'index', '1', '2014-07-22 18:49:19', '2014-07-24 14:30:56', '898494a1-aaa1-4b6c-8d55-b5d1228997db');
INSERT INTO `sections` (`id`, `structureId`, `name`, `handle`, `type`, `hasUrls`, `template`, `enableVersioning`, `dateCreated`, `dateUpdated`, `uid`) VALUES ('3', NULL, 'Articles', 'articles', 'channel', '1', 'articles/_entry', '1', '2014-07-24 14:33:27', '2014-07-24 14:33:27', '02058c30-b0bb-459a-9c20-a820787703e7');
INSERT INTO `sections` (`id`, `structureId`, `name`, `handle`, `type`, `hasUrls`, `template`, `enableVersioning`, `dateCreated`, `dateUpdated`, `uid`) VALUES ('4', NULL, 'Portfolio', 'portfolio', 'channel', '1', 'portfolio/_entry', '1', '2014-07-24 14:33:50', '2014-07-24 14:33:50', 'd5a2cde2-b47d-4f59-8e3d-e29bd68281b8');
INSERT INTO `sections` (`id`, `structureId`, `name`, `handle`, `type`, `hasUrls`, `template`, `enableVersioning`, `dateCreated`, `dateUpdated`, `uid`) VALUES ('5', NULL, 'About Us', 'about', 'single', '1', 'about/index.html', '1', '2014-07-24 14:58:18', '2014-08-28 20:07:43', '6e14c487-981a-4065-9e23-54f90f81b751');
INSERT INTO `sections` (`id`, `structureId`, `name`, `handle`, `type`, `hasUrls`, `template`, `enableVersioning`, `dateCreated`, `dateUpdated`, `uid`) VALUES ('6', NULL, 'Contact', 'contact', 'single', '1', 'contact/index.html', '1', '2014-07-24 15:00:04', '2014-08-28 20:04:10', 'e71741d6-272b-4c78-bb33-79e5b903097e');



--
-- Schema for table `sections_i18n`
--

DROP TABLE IF EXISTS `sections_i18n`;

CREATE TABLE `sections_i18n` (
  `id` int(11) NOT NULL AUTO_INCREMENT,
  `sectionId` int(11) NOT NULL,
  `locale` char(12) COLLATE utf8_unicode_ci NOT NULL,
  `enabledByDefault` tinyint(1) unsigned NOT NULL DEFAULT '1',
  `urlFormat` varchar(255) COLLATE utf8_unicode_ci DEFAULT NULL,
  `nestedUrlFormat` varchar(255) COLLATE utf8_unicode_ci DEFAULT NULL,
  `dateCreated` datetime NOT NULL,
  `dateUpdated` datetime NOT NULL,
  `uid` char(36) COLLATE utf8_unicode_ci NOT NULL DEFAULT '0',
  PRIMARY KEY (`id`),
  UNIQUE KEY `sections_i18n_sectionId_locale_unq_idx` (`sectionId`,`locale`),
  KEY `sections_i18n_locale_fk` (`locale`)
) ENGINE=InnoDB AUTO_INCREMENT=7 DEFAULT CHARSET=utf8 COLLATE=utf8_unicode_ci;

--
-- Data for table `sections_i18n`
--

INSERT INTO `sections_i18n` (`id`, `sectionId`, `locale`, `enabledByDefault`, `urlFormat`, `nestedUrlFormat`, `dateCreated`, `dateUpdated`, `uid`) VALUES ('1', '1', 'en_us', '0', '__home__', NULL, '2014-07-22 18:49:19', '2014-07-24 14:30:56', '82bb8332-a2e5-4513-80d1-4001f0135930');
INSERT INTO `sections_i18n` (`id`, `sectionId`, `locale`, `enabledByDefault`, `urlFormat`, `nestedUrlFormat`, `dateCreated`, `dateUpdated`, `uid`) VALUES ('3', '3', 'en_us', '0', 'articles/{slug}', NULL, '2014-07-24 14:33:27', '2014-07-24 14:33:27', '9571e1ba-3006-4822-87fe-59e65d82324b');
INSERT INTO `sections_i18n` (`id`, `sectionId`, `locale`, `enabledByDefault`, `urlFormat`, `nestedUrlFormat`, `dateCreated`, `dateUpdated`, `uid`) VALUES ('4', '4', 'en_us', '0', 'portfolio/{slug}', NULL, '2014-07-24 14:33:50', '2014-07-24 14:33:50', '41e75e43-a54d-439a-8755-05aa900c0aa1');
INSERT INTO `sections_i18n` (`id`, `sectionId`, `locale`, `enabledByDefault`, `urlFormat`, `nestedUrlFormat`, `dateCreated`, `dateUpdated`, `uid`) VALUES ('5', '5', 'en_us', '0', 'about', NULL, '2014-07-24 14:58:18', '2014-08-13 16:36:09', '9ddc83ff-7bfa-4dc8-a2a9-476669620fa0');
INSERT INTO `sections_i18n` (`id`, `sectionId`, `locale`, `enabledByDefault`, `urlFormat`, `nestedUrlFormat`, `dateCreated`, `dateUpdated`, `uid`) VALUES ('6', '6', 'en_us', '0', 'contact', NULL, '2014-07-24 15:00:04', '2014-07-24 15:00:04', '052a733f-8d72-4e52-bdec-5ee0d380ff49');



--
-- Schema for table `sessions`
--

DROP TABLE IF EXISTS `sessions`;

CREATE TABLE `sessions` (
  `id` int(11) NOT NULL AUTO_INCREMENT,
  `userId` int(11) NOT NULL,
  `token` char(100) COLLATE utf8_unicode_ci NOT NULL,
  `dateCreated` datetime NOT NULL,
  `dateUpdated` datetime NOT NULL,
  `uid` char(36) COLLATE utf8_unicode_ci NOT NULL DEFAULT '0',
  PRIMARY KEY (`id`),
  KEY `sessions_uid_idx` (`uid`),
  KEY `sessions_token_idx` (`token`),
  KEY `sessions_dateUpdated_idx` (`dateUpdated`),
  KEY `sessions_userId_fk` (`userId`)
) ENGINE=InnoDB AUTO_INCREMENT=21 DEFAULT CHARSET=utf8 COLLATE=utf8_unicode_ci;

--
-- Data for table `sessions`
--

INSERT INTO `sessions` (`id`, `userId`, `token`, `dateCreated`, `dateUpdated`, `uid`) VALUES ('1', '1', 'c8adc4fd6643cb27ad6210e9b5dcf7cfc7f6acefczozNjoiY2EwODYzNDEtYjc1Yy00NWY2LWFiNDctMzc0OGQyYWNkNzI1Ijs=', '2014-07-22 18:49:18', '2014-07-22 18:49:18', '358b5dff-bc9a-4069-b392-9a5f54afee4c');
INSERT INTO `sessions` (`id`, `userId`, `token`, `dateCreated`, `dateUpdated`, `uid`) VALUES ('2', '1', 'e52b7ba57d2cba5ea982eab46dd084e9e4ca2349czozNjoiMWQxMmUwMTMtYjhkYy00YjE2LWJhMDEtNTJjOGYwMjYzOWY0Ijs=', '2014-08-01 18:03:04', '2014-08-01 18:03:04', '6e5e4be8-a827-46a6-8113-a77b05ea0814');
INSERT INTO `sessions` (`id`, `userId`, `token`, `dateCreated`, `dateUpdated`, `uid`) VALUES ('4', '1', 'be37057c4be0e7f6b8f807dfadf4b7261be5a65eczozNjoiZjVkZmZmNTUtM2RiZS00NWQ2LTllYzQtOGM2MDliOTMzNTI4Ijs=', '2014-08-18 14:37:29', '2014-08-25 18:17:38', '7ded3d7c-e7d0-4697-87b7-2b01e9d933c1');
INSERT INTO `sessions` (`id`, `userId`, `token`, `dateCreated`, `dateUpdated`, `uid`) VALUES ('7', '1', '65e86c19d8e82068cc127196d8b3660ada43bd2bczozNjoiYmJiMDdlZmEtZDlkMC00NzFkLTkwM2YtMzc3MzVhNzlhOTE5Ijs=', '2014-09-17 13:50:02', '2014-09-17 13:50:02', 'ef9aec30-58d4-4040-8067-ebb13527fffd');
INSERT INTO `sessions` (`id`, `userId`, `token`, `dateCreated`, `dateUpdated`, `uid`) VALUES ('8', '1', 'cd6b86e5cf0475d052ff4d9b560eb5536916bb7bczozNjoiYzlmNDBmNmQtODZiZS00OTM5LThjNjctYjE3M2ZlMmVjMmY4Ijs=', '2014-09-17 17:57:04', '2014-09-17 17:57:04', '5546404d-be88-4195-a6d7-5f0ccbdfbd73');
INSERT INTO `sessions` (`id`, `userId`, `token`, `dateCreated`, `dateUpdated`, `uid`) VALUES ('9', '1', '70e3eddc1d82f0675d2dea0e2fc1bbed35544271czozNjoiM2NlNjczODctY2U0Yi00MjA0LTgxYjYtMWQ2Y2E0MGI2YWViIjs=', '2014-09-17 19:00:42', '2014-09-17 19:00:42', 'f7c35c30-f340-48fb-96ff-02f3e60efa39');
INSERT INTO `sessions` (`id`, `userId`, `token`, `dateCreated`, `dateUpdated`, `uid`) VALUES ('10', '1', '4e8e6b9baa43314e8efe6d93e470f0b79110c35aczozNjoiMzExNzE2OTUtNTc0ZC00OTg5LWE1M2MtM2M2OWJkNjI5NzBkIjs=', '2014-09-18 01:39:25', '2014-09-18 01:39:25', '6e7ead71-036f-437d-a79f-d11181cb318c');
INSERT INTO `sessions` (`id`, `userId`, `token`, `dateCreated`, `dateUpdated`, `uid`) VALUES ('11', '1', 'ebe20ebe3ec68e33a96705e2665a4c523dc5fe3cczozNjoiODg2Njc3NDUtZWI4Mi00MWVjLTk3YzctZDgyZTI5NWNlYTYxIjs=', '2014-09-18 03:36:59', '2014-09-18 03:36:59', '295eee7d-fca2-4865-9f73-2c20eb46609c');
INSERT INTO `sessions` (`id`, `userId`, `token`, `dateCreated`, `dateUpdated`, `uid`) VALUES ('12', '1', 'd3016c6f9038b7337a988837f865fae5f9ab416aczozNjoiN2RmYWYwYzAtMzRlYy00Y2ExLWFiZTctODkyNzllMGI4OTdlIjs=', '2014-09-18 12:50:48', '2014-09-18 12:50:48', '3a749515-5dba-4efb-9264-e897a2305524');
INSERT INTO `sessions` (`id`, `userId`, `token`, `dateCreated`, `dateUpdated`, `uid`) VALUES ('13', '1', '1e38d8e57e00e1d433abcbaaaadf6eecc83fc121czozNjoiMWE3OWU3OTktOGQyMy00MWVlLTliMTItNzk0MmU1NDQxOWU5Ijs=', '2014-09-18 18:50:46', '2014-09-18 18:50:46', 'd03b3046-ed39-4ede-aa6b-97546ebb0d05');
INSERT INTO `sessions` (`id`, `userId`, `token`, `dateCreated`, `dateUpdated`, `uid`) VALUES ('14', '1', '7e507dea4616288a316162c2ff81c27325a208b4czozNjoiOGQxNDZmMGYtNzhlMC00Y2FiLTgxYjMtNmQ0ODE2NGY3ODQxIjs=', '2014-09-19 12:38:51', '2014-09-19 12:38:51', '828362cb-ea26-4029-9b31-03eabb28bf37');
INSERT INTO `sessions` (`id`, `userId`, `token`, `dateCreated`, `dateUpdated`, `uid`) VALUES ('15', '1', '99a61cd720a78b57f6881da661f24e13d4276793czozNjoiY2MzNjk4NjgtZTlkOS00MTBhLWI3YzItZDRmZTgwZDk2NGRiIjs=', '2014-09-19 14:05:12', '2014-09-19 14:05:12', '7ddce2f4-a60a-49bd-a46a-b9653c3725e6');
INSERT INTO `sessions` (`id`, `userId`, `token`, `dateCreated`, `dateUpdated`, `uid`) VALUES ('16', '1', 'e2bd6089890adea257770c6df695738257a12ff0czozNjoiMDkwMDFiOGYtNDQwNS00OGU0LWI2ZDktODNkZjFlZDQ0NTM3Ijs=', '2014-09-19 17:52:50', '2014-09-19 17:52:50', 'fc76b237-8218-4636-9418-df88e89fe34c');
INSERT INTO `sessions` (`id`, `userId`, `token`, `dateCreated`, `dateUpdated`, `uid`) VALUES ('17', '1', 'fabc4d1060f531763f9e828e8b96fabb21bb0d11czozNjoiOWZkYzY5YTctMmZhYy00MGM3LWE1OTctNWJhYWMxNmY2MTFkIjs=', '2014-09-22 12:27:32', '2014-09-22 12:27:32', '74da7f0f-a81c-4f37-96ce-8f8d1fe23ea0');
INSERT INTO `sessions` (`id`, `userId`, `token`, `dateCreated`, `dateUpdated`, `uid`) VALUES ('18', '1', '578aeb82153fd81f69304acb0b1a8e1d6c2008d6czozNjoiZGY1NzQ1NjYtOGU0YS00MjVhLThjMjEtNTU2ZmUyOThjMTI2Ijs=', '2014-09-22 13:48:48', '2014-09-22 13:48:48', '9d522696-0467-4cda-8782-659004540783');
INSERT INTO `sessions` (`id`, `userId`, `token`, `dateCreated`, `dateUpdated`, `uid`) VALUES ('19', '1', '90f49efbf5e3719c70482462bc3cec7ce91beb8eczozNjoiNDIzNTQ0MWMtZDFhMy00ZjEwLTg3ZDUtZjVjZDc0Y2MyY2ZiIjs=', '2014-09-22 18:28:45', '2014-09-22 18:28:45', '62076fb9-b28b-47ef-b65b-cd773e5b7c17');
INSERT INTO `sessions` (`id`, `userId`, `token`, `dateCreated`, `dateUpdated`, `uid`) VALUES ('20', '1', '9ff641a2cdf62bcaca372b8d0e81862736ebb253czozNjoiNGUyYTM5MGUtMjA0Ny00ZTYxLWIzZmUtMDMwMTU4NmU0M2ViIjs=', '2014-09-24 18:08:50', '2014-09-24 18:08:50', '1473dc94-73cc-4017-a7f8-c5bdb79002ce');



--
-- Schema for table `shunnedmessages`
--

DROP TABLE IF EXISTS `shunnedmessages`;

CREATE TABLE `shunnedmessages` (
  `id` int(11) NOT NULL AUTO_INCREMENT,
  `userId` int(11) NOT NULL,
  `message` varchar(255) COLLATE utf8_unicode_ci NOT NULL,
  `expiryDate` datetime DEFAULT NULL,
  `dateCreated` datetime NOT NULL,
  `dateUpdated` datetime NOT NULL,
  `uid` char(36) COLLATE utf8_unicode_ci NOT NULL DEFAULT '0',
  PRIMARY KEY (`id`),
  UNIQUE KEY `shunnedmessages_userId_message_unq_idx` (`userId`,`message`)
) ENGINE=InnoDB DEFAULT CHARSET=utf8 COLLATE=utf8_unicode_ci;

--
-- Schema for table `structureelements`
--

DROP TABLE IF EXISTS `structureelements`;

CREATE TABLE `structureelements` (
  `id` int(11) NOT NULL AUTO_INCREMENT,
  `structureId` int(11) NOT NULL,
  `elementId` int(11) DEFAULT NULL,
  `root` int(11) unsigned DEFAULT NULL,
  `lft` int(11) unsigned NOT NULL,
  `rgt` int(11) unsigned NOT NULL,
  `level` smallint(6) unsigned NOT NULL,
  `dateCreated` datetime NOT NULL,
  `dateUpdated` datetime NOT NULL,
  `uid` char(36) COLLATE utf8_unicode_ci NOT NULL DEFAULT '0',
  PRIMARY KEY (`id`),
  UNIQUE KEY `structureelements_structureId_elementId_unq_idx` (`structureId`,`elementId`),
  KEY `structureelements_root_idx` (`root`),
  KEY `structureelements_lft_idx` (`lft`),
  KEY `structureelements_rgt_idx` (`rgt`),
  KEY `structureelements_level_idx` (`level`),
  KEY `structureelements_elementId_fk` (`elementId`)
) ENGINE=InnoDB AUTO_INCREMENT=7 DEFAULT CHARSET=utf8 COLLATE=utf8_unicode_ci;

--
-- Data for table `structureelements`
--

INSERT INTO `structureelements` (`id`, `structureId`, `elementId`, `root`, `lft`, `rgt`, `level`, `dateCreated`, `dateUpdated`, `uid`) VALUES ('1', '1', NULL, '1', '1', '12', '0', '2014-08-18 22:41:14', '2014-08-18 22:41:14', '2233a48c-8cbe-4b30-b6b4-33baa117e0eb');
INSERT INTO `structureelements` (`id`, `structureId`, `elementId`, `root`, `lft`, `rgt`, `level`, `dateCreated`, `dateUpdated`, `uid`) VALUES ('2', '1', '6', '1', '2', '3', '1', '2014-08-18 22:41:14', '2014-08-18 22:41:14', '73be77bd-98d3-4506-9f12-117c478ccc09');
INSERT INTO `structureelements` (`id`, `structureId`, `elementId`, `root`, `lft`, `rgt`, `level`, `dateCreated`, `dateUpdated`, `uid`) VALUES ('3', '1', '7', '1', '4', '5', '1', '2014-08-18 22:41:22', '2014-08-18 22:41:22', '64c8943d-268f-4d39-afb3-46e7d334a401');
INSERT INTO `structureelements` (`id`, `structureId`, `elementId`, `root`, `lft`, `rgt`, `level`, `dateCreated`, `dateUpdated`, `uid`) VALUES ('4', '1', '8', '1', '6', '7', '1', '2014-08-18 22:41:31', '2014-08-18 22:41:31', 'dbf72812-0d77-4ecb-abaf-cfddf0beba6a');
INSERT INTO `structureelements` (`id`, `structureId`, `elementId`, `root`, `lft`, `rgt`, `level`, `dateCreated`, `dateUpdated`, `uid`) VALUES ('5', '1', '9', '1', '8', '9', '1', '2014-08-18 22:41:38', '2014-08-18 22:41:38', 'ceec5f5e-0cf7-4420-9ffe-73e7301aca67');
INSERT INTO `structureelements` (`id`, `structureId`, `elementId`, `root`, `lft`, `rgt`, `level`, `dateCreated`, `dateUpdated`, `uid`) VALUES ('6', '1', '10', '1', '10', '11', '1', '2014-08-18 22:41:48', '2014-08-18 22:41:48', '787ff55f-7ccd-40b2-9629-bbad93bb6be4');



--
-- Schema for table `structures`
--

DROP TABLE IF EXISTS `structures`;

CREATE TABLE `structures` (
  `id` int(11) NOT NULL AUTO_INCREMENT,
  `maxLevels` smallint(6) unsigned DEFAULT NULL,
  `movePermission` varchar(255) COLLATE utf8_unicode_ci DEFAULT NULL,
  `dateCreated` datetime NOT NULL,
  `dateUpdated` datetime NOT NULL,
  `uid` char(36) COLLATE utf8_unicode_ci NOT NULL DEFAULT '0',
  PRIMARY KEY (`id`)
) ENGINE=InnoDB AUTO_INCREMENT=2 DEFAULT CHARSET=utf8 COLLATE=utf8_unicode_ci;

--
-- Data for table `structures`
--

INSERT INTO `structures` (`id`, `maxLevels`, `movePermission`, `dateCreated`, `dateUpdated`, `uid`) VALUES ('1', NULL, NULL, '2014-08-18 22:40:00', '2014-08-18 22:40:00', 'be58d1b7-6253-44f9-815b-d82741ddfa43');



--
-- Schema for table `systemsettings`
--

DROP TABLE IF EXISTS `systemsettings`;

CREATE TABLE `systemsettings` (
  `id` int(11) NOT NULL AUTO_INCREMENT,
  `category` varchar(15) COLLATE utf8_unicode_ci NOT NULL,
  `settings` text COLLATE utf8_unicode_ci,
  `dateCreated` datetime NOT NULL,
  `dateUpdated` datetime NOT NULL,
  `uid` char(36) COLLATE utf8_unicode_ci NOT NULL DEFAULT '0',
  PRIMARY KEY (`id`),
  UNIQUE KEY `systemsettings_category_unq_idx` (`category`)
) ENGINE=InnoDB AUTO_INCREMENT=2 DEFAULT CHARSET=utf8 COLLATE=utf8_unicode_ci;

--
-- Data for table `systemsettings`
--

INSERT INTO `systemsettings` (`id`, `category`, `settings`, `dateCreated`, `dateUpdated`, `uid`) VALUES ('1', 'email', '{\"protocol\":\"php\",\"emailAddress\":\"dragfree@gmail.com\",\"senderName\":\"WF Craft Dev\"}', '2014-07-22 18:49:18', '2014-07-22 18:49:18', '66388e3f-0489-4f55-b523-0614a4bc6ef5');



--
-- Schema for table `taggroups`
--

DROP TABLE IF EXISTS `taggroups`;

CREATE TABLE `taggroups` (
  `id` int(11) NOT NULL AUTO_INCREMENT,
  `name` varchar(255) COLLATE utf8_unicode_ci NOT NULL,
  `handle` varchar(255) COLLATE utf8_unicode_ci NOT NULL,
  `fieldLayoutId` int(11) DEFAULT NULL,
  `dateCreated` datetime NOT NULL,
  `dateUpdated` datetime NOT NULL,
  `uid` char(36) COLLATE utf8_unicode_ci NOT NULL DEFAULT '0',
  PRIMARY KEY (`id`),
  UNIQUE KEY `taggroups_name_unq_idx` (`name`),
  UNIQUE KEY `taggroups_handle_unq_idx` (`handle`),
  KEY `taggroups_fieldLayoutId_fk` (`fieldLayoutId`)
) ENGINE=InnoDB AUTO_INCREMENT=3 DEFAULT CHARSET=utf8 COLLATE=utf8_unicode_ci;

--
-- Data for table `taggroups`
--

INSERT INTO `taggroups` (`id`, `name`, `handle`, `fieldLayoutId`, `dateCreated`, `dateUpdated`, `uid`) VALUES ('1', 'Default', 'default', '1', '2014-07-22 18:49:19', '2014-07-22 18:49:19', '3db8c94a-0a85-4d92-b094-2d0ea5fd7bcf');
INSERT INTO `taggroups` (`id`, `name`, `handle`, `fieldLayoutId`, `dateCreated`, `dateUpdated`, `uid`) VALUES ('2', 'Article Tags', 'articleTags', '13', '2014-07-24 15:10:18', '2014-07-24 15:12:08', 'e548939c-7e5a-4d27-8f18-cc6aaf4bc6c1');



--
-- Schema for table `tags`
--

DROP TABLE IF EXISTS `tags`;

CREATE TABLE `tags` (
  `id` int(11) NOT NULL,
  `groupId` int(11) NOT NULL,
  `name` varchar(255) COLLATE utf8_unicode_ci NOT NULL,
  `dateCreated` datetime NOT NULL,
  `dateUpdated` datetime NOT NULL,
  `uid` char(36) COLLATE utf8_unicode_ci NOT NULL DEFAULT '0',
  PRIMARY KEY (`id`),
  UNIQUE KEY `tags_name_groupId_unq_idx` (`name`,`groupId`),
  KEY `tags_groupId_fk` (`groupId`)
) ENGINE=InnoDB DEFAULT CHARSET=utf8 COLLATE=utf8_unicode_ci;

--
-- Data for table `tags`
--

INSERT INTO `tags` (`id`, `groupId`, `name`, `dateCreated`, `dateUpdated`, `uid`) VALUES ('16', '1', 'foo', '2014-08-28 22:37:15', '2014-08-28 22:37:15', '1f7139fc-610e-494c-ad24-caf2dcd34e61');
INSERT INTO `tags` (`id`, `groupId`, `name`, `dateCreated`, `dateUpdated`, `uid`) VALUES ('17', '1', 'fah', '2014-08-29 16:16:51', '2014-08-29 16:16:51', '9b2cb03e-ea24-4889-99c4-084df262d1a6');



--
-- Schema for table `tasks`
--

DROP TABLE IF EXISTS `tasks`;

CREATE TABLE `tasks` (
  `id` int(11) NOT NULL AUTO_INCREMENT,
  `root` int(11) unsigned DEFAULT NULL,
  `lft` int(11) unsigned NOT NULL,
  `rgt` int(11) unsigned NOT NULL,
  `level` smallint(6) unsigned NOT NULL,
  `currentStep` int(11) unsigned DEFAULT NULL,
  `totalSteps` int(11) unsigned DEFAULT NULL,
  `status` enum('pending','error','running') COLLATE utf8_unicode_ci DEFAULT NULL,
  `type` varchar(150) COLLATE utf8_unicode_ci NOT NULL,
  `description` varchar(255) COLLATE utf8_unicode_ci DEFAULT NULL,
  `settings` text COLLATE utf8_unicode_ci,
  `dateCreated` datetime NOT NULL,
  `dateUpdated` datetime NOT NULL,
  `uid` char(36) COLLATE utf8_unicode_ci NOT NULL DEFAULT '0',
  PRIMARY KEY (`id`),
  KEY `tasks_root_idx` (`root`),
  KEY `tasks_lft_idx` (`lft`),
  KEY `tasks_rgt_idx` (`rgt`),
  KEY `tasks_level_idx` (`level`)
) ENGINE=InnoDB AUTO_INCREMENT=27 DEFAULT CHARSET=utf8 COLLATE=utf8_unicode_ci;

--
-- Schema for table `templatecachecriteria`
--

DROP TABLE IF EXISTS `templatecachecriteria`;

CREATE TABLE `templatecachecriteria` (
  `id` int(11) NOT NULL AUTO_INCREMENT,
  `cacheId` int(11) NOT NULL,
  `type` varchar(150) COLLATE utf8_unicode_ci NOT NULL,
  `criteria` text COLLATE utf8_unicode_ci NOT NULL,
  PRIMARY KEY (`id`),
  KEY `templatecachecriteria_cacheId_fk` (`cacheId`),
  KEY `templatecachecriteria_type_idx` (`type`)
) ENGINE=InnoDB DEFAULT CHARSET=utf8 COLLATE=utf8_unicode_ci;

--
-- Schema for table `templatecacheelements`
--

DROP TABLE IF EXISTS `templatecacheelements`;

CREATE TABLE `templatecacheelements` (
  `cacheId` int(11) NOT NULL,
  `elementId` int(11) NOT NULL,
  KEY `templatecacheelements_cacheId_fk` (`cacheId`),
  KEY `templatecacheelements_elementId_fk` (`elementId`)
) ENGINE=InnoDB DEFAULT CHARSET=utf8 COLLATE=utf8_unicode_ci;

--
-- Schema for table `templatecaches`
--

DROP TABLE IF EXISTS `templatecaches`;

CREATE TABLE `templatecaches` (
  `id` int(11) NOT NULL AUTO_INCREMENT,
  `cacheKey` varchar(255) COLLATE utf8_unicode_ci NOT NULL,
  `locale` char(12) COLLATE utf8_unicode_ci NOT NULL,
  `path` varchar(255) COLLATE utf8_unicode_ci DEFAULT NULL,
  `expiryDate` datetime NOT NULL,
  `body` mediumtext COLLATE utf8_unicode_ci NOT NULL,
  PRIMARY KEY (`id`),
  KEY `templatecaches_expiryDate_cacheKey_locale_path_idx` (`expiryDate`,`cacheKey`,`locale`,`path`),
  KEY `templatecaches_locale_fk` (`locale`)
) ENGINE=InnoDB DEFAULT CHARSET=utf8 COLLATE=utf8_unicode_ci;

--
-- Schema for table `tokens`
--

DROP TABLE IF EXISTS `tokens`;

CREATE TABLE `tokens` (
  `id` int(11) NOT NULL AUTO_INCREMENT,
  `token` char(32) COLLATE utf8_unicode_ci NOT NULL,
  `route` text COLLATE utf8_unicode_ci,
  `usageLimit` tinyint(3) unsigned DEFAULT NULL,
  `usageCount` tinyint(3) unsigned DEFAULT NULL,
  `expiryDate` datetime NOT NULL,
  `dateCreated` datetime NOT NULL,
  `dateUpdated` datetime NOT NULL,
  `uid` char(36) COLLATE utf8_unicode_ci NOT NULL DEFAULT '0',
  PRIMARY KEY (`id`),
  UNIQUE KEY `tokens_token_unq_idx` (`token`),
  KEY `tokens_expiryDate_idx` (`expiryDate`)
) ENGINE=InnoDB DEFAULT CHARSET=utf8 COLLATE=utf8_unicode_ci;

--
-- Schema for table `usergroups`
--

DROP TABLE IF EXISTS `usergroups`;

CREATE TABLE `usergroups` (
  `id` int(11) NOT NULL AUTO_INCREMENT,
  `name` varchar(255) COLLATE utf8_unicode_ci NOT NULL,
  `handle` varchar(255) COLLATE utf8_unicode_ci NOT NULL,
  `dateCreated` datetime NOT NULL,
  `dateUpdated` datetime NOT NULL,
  `uid` char(36) COLLATE utf8_unicode_ci NOT NULL DEFAULT '0',
  PRIMARY KEY (`id`)
) ENGINE=InnoDB AUTO_INCREMENT=3 DEFAULT CHARSET=utf8 COLLATE=utf8_unicode_ci;

--
-- Data for table `usergroups`
--

INSERT INTO `usergroups` (`id`, `name`, `handle`, `dateCreated`, `dateUpdated`, `uid`) VALUES ('1', 'Administrators', 'administrators', '2014-08-18 21:13:00', '2014-08-25 19:12:11', '45b133d5-8e0f-49eb-98f0-dc0f4c3a66ae');
INSERT INTO `usergroups` (`id`, `name`, `handle`, `dateCreated`, `dateUpdated`, `uid`) VALUES ('2', 'Team Members', 'teamMembers', '2014-08-18 21:31:02', '2014-08-25 19:11:04', '29e02937-ff66-4d33-9c09-9cee551a7426');



--
-- Schema for table `usergroups_users`
--

DROP TABLE IF EXISTS `usergroups_users`;

CREATE TABLE `usergroups_users` (
  `id` int(11) NOT NULL AUTO_INCREMENT,
  `groupId` int(11) NOT NULL,
  `userId` int(11) NOT NULL,
  `dateCreated` datetime NOT NULL,
  `dateUpdated` datetime NOT NULL,
  `uid` char(36) COLLATE utf8_unicode_ci NOT NULL DEFAULT '0',
  PRIMARY KEY (`id`),
  UNIQUE KEY `usergroups_users_groupId_userId_unq_idx` (`groupId`,`userId`),
  KEY `usergroups_users_userId_fk` (`userId`)
) ENGINE=InnoDB AUTO_INCREMENT=19 DEFAULT CHARSET=utf8 COLLATE=utf8_unicode_ci;

--
-- Data for table `usergroups_users`
--

INSERT INTO `usergroups_users` (`id`, `groupId`, `userId`, `dateCreated`, `dateUpdated`, `uid`) VALUES ('13', '1', '12', '2014-09-17 22:40:04', '2014-09-17 22:40:04', '7084219a-0f7a-491e-94f3-3e3e7208a657');
INSERT INTO `usergroups_users` (`id`, `groupId`, `userId`, `dateCreated`, `dateUpdated`, `uid`) VALUES ('14', '1', '1', '2014-09-17 22:40:28', '2014-09-17 22:40:28', '859f493b-4829-47d6-84ce-590b5f7facbc');
INSERT INTO `usergroups_users` (`id`, `groupId`, `userId`, `dateCreated`, `dateUpdated`, `uid`) VALUES ('15', '2', '1', '2014-09-17 22:40:28', '2014-09-17 22:40:28', '0d5063b5-8b98-4837-876f-76a58e75945b');
INSERT INTO `usergroups_users` (`id`, `groupId`, `userId`, `dateCreated`, `dateUpdated`, `uid`) VALUES ('16', '2', '14', '2014-09-17 22:41:08', '2014-09-17 22:41:08', 'ad7263f3-ef2a-4090-aaa0-49180a468091');
INSERT INTO `usergroups_users` (`id`, `groupId`, `userId`, `dateCreated`, `dateUpdated`, `uid`) VALUES ('17', '2', '13', '2014-09-17 22:41:30', '2014-09-17 22:41:30', '87e20e1e-c8a0-4cbf-84ee-0210e87251f8');
INSERT INTO `usergroups_users` (`id`, `groupId`, `userId`, `dateCreated`, `dateUpdated`, `uid`) VALUES ('18', '2', '15', '2014-09-17 22:41:59', '2014-09-17 22:41:59', 'ecf10e31-7636-49ea-b1f5-b2cb1dfab856');



--
-- Schema for table `userpermissions`
--

DROP TABLE IF EXISTS `userpermissions`;

CREATE TABLE `userpermissions` (
  `id` int(11) NOT NULL AUTO_INCREMENT,
  `name` varchar(255) COLLATE utf8_unicode_ci NOT NULL,
  `dateCreated` datetime NOT NULL,
  `dateUpdated` datetime NOT NULL,
  `uid` char(36) COLLATE utf8_unicode_ci NOT NULL DEFAULT '0',
  PRIMARY KEY (`id`),
  UNIQUE KEY `userpermissions_name_unq_idx` (`name`)
) ENGINE=InnoDB AUTO_INCREMENT=84 DEFAULT CHARSET=utf8 COLLATE=utf8_unicode_ci;

--
-- Data for table `userpermissions`
--

INSERT INTO `userpermissions` (`id`, `name`, `dateCreated`, `dateUpdated`, `uid`) VALUES ('1', 'accesssitewhensystemisoff', '2014-08-18 21:13:01', '2014-08-18 21:13:01', '8062b743-5265-4952-be60-8efda937ca1f');
INSERT INTO `userpermissions` (`id`, `name`, `dateCreated`, `dateUpdated`, `uid`) VALUES ('2', 'accesscp', '2014-08-18 21:13:01', '2014-08-18 21:13:01', 'd3ca94d0-3059-48a7-ae23-6e6f3841a5be');
INSERT INTO `userpermissions` (`id`, `name`, `dateCreated`, `dateUpdated`, `uid`) VALUES ('3', 'accesscpwhensystemisoff', '2014-08-18 21:13:01', '2014-08-18 21:13:01', 'b2e64fc0-b93c-492d-a8f4-ab14f704c15e');
INSERT INTO `userpermissions` (`id`, `name`, `dateCreated`, `dateUpdated`, `uid`) VALUES ('4', 'performupdates', '2014-08-18 21:13:01', '2014-08-18 21:13:01', 'c62d7cb3-816f-42ec-89e1-c6d8aec517e7');
INSERT INTO `userpermissions` (`id`, `name`, `dateCreated`, `dateUpdated`, `uid`) VALUES ('5', 'editusers', '2014-08-18 21:13:01', '2014-08-18 21:13:01', '8e036c16-6df0-43ee-88d5-c6af559c3090');
INSERT INTO `userpermissions` (`id`, `name`, `dateCreated`, `dateUpdated`, `uid`) VALUES ('6', 'registerusers', '2014-08-18 21:13:01', '2014-08-18 21:13:01', '1c55e85d-0c19-46c2-877f-be5ab8591ea5');
INSERT INTO `userpermissions` (`id`, `name`, `dateCreated`, `dateUpdated`, `uid`) VALUES ('7', 'assignuserpermissions', '2014-08-18 21:13:01', '2014-08-18 21:13:01', 'a7c0207a-97a5-4b41-9c35-1c9277fb87f6');
INSERT INTO `userpermissions` (`id`, `name`, `dateCreated`, `dateUpdated`, `uid`) VALUES ('8', 'administrateusers', '2014-08-18 21:13:01', '2014-08-18 21:13:01', '02f91422-46f9-4e79-a194-ddfaa10fef96');
INSERT INTO `userpermissions` (`id`, `name`, `dateCreated`, `dateUpdated`, `uid`) VALUES ('9', 'deleteusers', '2014-08-18 21:13:01', '2014-08-18 21:13:01', 'fbcd0b9b-c09b-4fe2-9322-9c6fcf03ce9e');
INSERT INTO `userpermissions` (`id`, `name`, `dateCreated`, `dateUpdated`, `uid`) VALUES ('10', 'editentries:5', '2014-08-18 21:13:01', '2014-08-18 21:13:01', 'd11ef15a-ab9e-485b-9e75-e0e1406900dc');
INSERT INTO `userpermissions` (`id`, `name`, `dateCreated`, `dateUpdated`, `uid`) VALUES ('11', 'publishentries:5', '2014-08-18 21:13:01', '2014-08-18 21:13:01', 'b322fb7a-e520-4a17-8e7e-27f50e25970f');
INSERT INTO `userpermissions` (`id`, `name`, `dateCreated`, `dateUpdated`, `uid`) VALUES ('12', 'editpeerentrydrafts:5', '2014-08-18 21:13:01', '2014-08-18 21:13:01', '21572efc-d2fb-4db6-9ab7-981ded671bfa');
INSERT INTO `userpermissions` (`id`, `name`, `dateCreated`, `dateUpdated`, `uid`) VALUES ('13', 'publishpeerentrydrafts:5', '2014-08-18 21:13:01', '2014-08-18 21:13:01', 'b76a3d26-b10a-4529-a9dd-8f63c59a231e');
INSERT INTO `userpermissions` (`id`, `name`, `dateCreated`, `dateUpdated`, `uid`) VALUES ('14', 'deletepeerentrydrafts:5', '2014-08-18 21:13:01', '2014-08-18 21:13:01', '25a71afa-f4bc-4246-b75f-dcda5d208c6f');
INSERT INTO `userpermissions` (`id`, `name`, `dateCreated`, `dateUpdated`, `uid`) VALUES ('15', 'editentries:3', '2014-08-18 21:13:01', '2014-08-18 21:13:01', '6592a52d-8c9b-4a4e-920e-6e192bb73bbd');
INSERT INTO `userpermissions` (`id`, `name`, `dateCreated`, `dateUpdated`, `uid`) VALUES ('16', 'createentries:3', '2014-08-18 21:13:01', '2014-08-18 21:13:01', '2aecaa37-0e6b-4822-8034-318b7ac8e49e');
INSERT INTO `userpermissions` (`id`, `name`, `dateCreated`, `dateUpdated`, `uid`) VALUES ('17', 'publishentries:3', '2014-08-18 21:13:01', '2014-08-18 21:13:01', 'a66e6df7-8575-44a6-9a27-c2c0be1c4346');
INSERT INTO `userpermissions` (`id`, `name`, `dateCreated`, `dateUpdated`, `uid`) VALUES ('18', 'deleteentries:3', '2014-08-18 21:13:01', '2014-08-18 21:13:01', '41bfe9fc-dd7c-46c3-8195-4470cea3cc80');
INSERT INTO `userpermissions` (`id`, `name`, `dateCreated`, `dateUpdated`, `uid`) VALUES ('19', 'editpeerentries:3', '2014-08-18 21:13:01', '2014-08-18 21:13:01', '8280301f-1494-4483-92dd-0ab79de4302b');
INSERT INTO `userpermissions` (`id`, `name`, `dateCreated`, `dateUpdated`, `uid`) VALUES ('20', 'publishpeerentries:3', '2014-08-18 21:13:01', '2014-08-18 21:13:01', 'cde724e1-6a22-490a-975a-340659025681');
INSERT INTO `userpermissions` (`id`, `name`, `dateCreated`, `dateUpdated`, `uid`) VALUES ('21', 'deletepeerentries:3', '2014-08-18 21:13:01', '2014-08-18 21:13:01', 'ee1ec38b-81d1-462d-8d96-8c20dafb0c15');
INSERT INTO `userpermissions` (`id`, `name`, `dateCreated`, `dateUpdated`, `uid`) VALUES ('22', 'editpeerentrydrafts:3', '2014-08-18 21:13:01', '2014-08-18 21:13:01', 'c18db2eb-7c28-4a01-a0bc-0cfdd70b6825');
INSERT INTO `userpermissions` (`id`, `name`, `dateCreated`, `dateUpdated`, `uid`) VALUES ('23', 'publishpeerentrydrafts:3', '2014-08-18 21:13:01', '2014-08-18 21:13:01', '367f2fef-01b0-4043-abda-9c7d00d6a869');
INSERT INTO `userpermissions` (`id`, `name`, `dateCreated`, `dateUpdated`, `uid`) VALUES ('24', 'deletepeerentrydrafts:3', '2014-08-18 21:13:01', '2014-08-18 21:13:01', 'd3facb8e-03b6-4bf1-b3e7-0286c6a3b3c6');
INSERT INTO `userpermissions` (`id`, `name`, `dateCreated`, `dateUpdated`, `uid`) VALUES ('25', 'editentries:6', '2014-08-18 21:13:01', '2014-08-18 21:13:01', '6e7dcdaa-433a-43f0-ab1d-76fca2ba1257');
INSERT INTO `userpermissions` (`id`, `name`, `dateCreated`, `dateUpdated`, `uid`) VALUES ('26', 'publishentries:6', '2014-08-18 21:13:01', '2014-08-18 21:13:01', 'cc921cba-1a27-412e-bca5-72d580612ed1');
INSERT INTO `userpermissions` (`id`, `name`, `dateCreated`, `dateUpdated`, `uid`) VALUES ('27', 'editpeerentrydrafts:6', '2014-08-18 21:13:01', '2014-08-18 21:13:01', 'e8cf0c7f-efb9-4d7d-824c-b3a99707d590');
INSERT INTO `userpermissions` (`id`, `name`, `dateCreated`, `dateUpdated`, `uid`) VALUES ('28', 'publishpeerentrydrafts:6', '2014-08-18 21:13:01', '2014-08-18 21:13:01', '693d8806-3d9c-4cb2-beee-5d5f7f81db77');
INSERT INTO `userpermissions` (`id`, `name`, `dateCreated`, `dateUpdated`, `uid`) VALUES ('29', 'deletepeerentrydrafts:6', '2014-08-18 21:13:01', '2014-08-18 21:13:01', 'a57debdf-1397-4581-a9fd-c0a0eaafc1f4');
INSERT INTO `userpermissions` (`id`, `name`, `dateCreated`, `dateUpdated`, `uid`) VALUES ('30', 'editentries:1', '2014-08-18 21:13:01', '2014-08-18 21:13:01', '980bc6c4-cc77-4880-8b7d-060b5f42881c');
INSERT INTO `userpermissions` (`id`, `name`, `dateCreated`, `dateUpdated`, `uid`) VALUES ('31', 'publishentries:1', '2014-08-18 21:13:01', '2014-08-18 21:13:01', '70cfbd40-ce92-4fa4-901d-f0fb1fd925c3');
INSERT INTO `userpermissions` (`id`, `name`, `dateCreated`, `dateUpdated`, `uid`) VALUES ('32', 'editpeerentrydrafts:1', '2014-08-18 21:13:01', '2014-08-18 21:13:01', 'f11c86ff-10fb-4389-a0be-520dad0eceeb');
INSERT INTO `userpermissions` (`id`, `name`, `dateCreated`, `dateUpdated`, `uid`) VALUES ('33', 'publishpeerentrydrafts:1', '2014-08-18 21:13:01', '2014-08-18 21:13:01', 'b7c6d96d-5e19-4d4b-9ffa-001fb1924ffb');
INSERT INTO `userpermissions` (`id`, `name`, `dateCreated`, `dateUpdated`, `uid`) VALUES ('34', 'deletepeerentrydrafts:1', '2014-08-18 21:13:01', '2014-08-18 21:13:01', '38f08378-64da-463e-8ced-6bace539c08b');
INSERT INTO `userpermissions` (`id`, `name`, `dateCreated`, `dateUpdated`, `uid`) VALUES ('35', 'editentries:4', '2014-08-18 21:13:01', '2014-08-18 21:13:01', '68e08d03-9519-453a-9e7a-7cfa05e678d4');
INSERT INTO `userpermissions` (`id`, `name`, `dateCreated`, `dateUpdated`, `uid`) VALUES ('36', 'createentries:4', '2014-08-18 21:13:01', '2014-08-18 21:13:01', '96c2d647-0f2d-47fb-a936-3a54900a3846');
INSERT INTO `userpermissions` (`id`, `name`, `dateCreated`, `dateUpdated`, `uid`) VALUES ('37', 'publishentries:4', '2014-08-18 21:13:01', '2014-08-18 21:13:01', '451270d4-5d25-404e-aa2a-5b2895cc9ab8');
INSERT INTO `userpermissions` (`id`, `name`, `dateCreated`, `dateUpdated`, `uid`) VALUES ('38', 'deleteentries:4', '2014-08-18 21:13:01', '2014-08-18 21:13:01', 'dfca54ac-8fc0-4125-abea-189bd8c74df5');
INSERT INTO `userpermissions` (`id`, `name`, `dateCreated`, `dateUpdated`, `uid`) VALUES ('39', 'editpeerentries:4', '2014-08-18 21:13:01', '2014-08-18 21:13:01', 'da12f831-e23f-4ea7-b000-9459291a884c');
INSERT INTO `userpermissions` (`id`, `name`, `dateCreated`, `dateUpdated`, `uid`) VALUES ('40', 'publishpeerentries:4', '2014-08-18 21:13:01', '2014-08-18 21:13:01', '89977b05-ff5c-4707-8282-4cacb3154a17');
INSERT INTO `userpermissions` (`id`, `name`, `dateCreated`, `dateUpdated`, `uid`) VALUES ('41', 'deletepeerentries:4', '2014-08-18 21:13:01', '2014-08-18 21:13:01', '3ef7b516-3035-4b17-8b0e-0fc854d7fa03');
INSERT INTO `userpermissions` (`id`, `name`, `dateCreated`, `dateUpdated`, `uid`) VALUES ('42', 'editpeerentrydrafts:4', '2014-08-18 21:13:01', '2014-08-18 21:13:01', '7a9332e7-bac2-44dc-9a06-af0c31e628c6');
INSERT INTO `userpermissions` (`id`, `name`, `dateCreated`, `dateUpdated`, `uid`) VALUES ('43', 'publishpeerentrydrafts:4', '2014-08-18 21:13:01', '2014-08-18 21:13:01', '41e07f79-02b8-449a-95a0-0f9ed3b5acd1');
INSERT INTO `userpermissions` (`id`, `name`, `dateCreated`, `dateUpdated`, `uid`) VALUES ('44', 'deletepeerentrydrafts:4', '2014-08-18 21:13:01', '2014-08-18 21:13:01', '42d133dc-923b-40dc-8e9c-64bf5170f167');
INSERT INTO `userpermissions` (`id`, `name`, `dateCreated`, `dateUpdated`, `uid`) VALUES ('45', 'editentries:7', '2014-08-18 21:13:01', '2014-08-18 21:13:01', '1195913e-20fa-41ac-81b9-b2f5735e2289');
INSERT INTO `userpermissions` (`id`, `name`, `dateCreated`, `dateUpdated`, `uid`) VALUES ('46', 'createentries:7', '2014-08-18 21:13:01', '2014-08-18 21:13:01', 'cccf7ac9-7c4c-4302-b9ed-4eb55efc2435');
INSERT INTO `userpermissions` (`id`, `name`, `dateCreated`, `dateUpdated`, `uid`) VALUES ('47', 'publishentries:7', '2014-08-18 21:13:01', '2014-08-18 21:13:01', 'af22e4ae-bbcc-43c6-8ebc-75e2f045776a');
INSERT INTO `userpermissions` (`id`, `name`, `dateCreated`, `dateUpdated`, `uid`) VALUES ('48', 'deleteentries:7', '2014-08-18 21:13:01', '2014-08-18 21:13:01', '2b948d06-8354-44e1-b7ee-60bc24fe8954');
INSERT INTO `userpermissions` (`id`, `name`, `dateCreated`, `dateUpdated`, `uid`) VALUES ('49', 'editpeerentries:7', '2014-08-18 21:13:01', '2014-08-18 21:13:01', '66da2afc-3b7b-46a0-89b1-3a1ed9586bd1');
INSERT INTO `userpermissions` (`id`, `name`, `dateCreated`, `dateUpdated`, `uid`) VALUES ('50', 'publishpeerentries:7', '2014-08-18 21:13:01', '2014-08-18 21:13:01', 'e04ad0ac-fa2f-48dd-8313-c2e4515bfea2');
INSERT INTO `userpermissions` (`id`, `name`, `dateCreated`, `dateUpdated`, `uid`) VALUES ('51', 'deletepeerentries:7', '2014-08-18 21:13:01', '2014-08-18 21:13:01', 'db36f727-e813-4a58-a314-347a47552ec8');
INSERT INTO `userpermissions` (`id`, `name`, `dateCreated`, `dateUpdated`, `uid`) VALUES ('52', 'editpeerentrydrafts:7', '2014-08-18 21:13:01', '2014-08-18 21:13:01', 'e2705c38-e039-4a55-82ef-ddc89bebea28');
INSERT INTO `userpermissions` (`id`, `name`, `dateCreated`, `dateUpdated`, `uid`) VALUES ('53', 'publishpeerentrydrafts:7', '2014-08-18 21:13:01', '2014-08-18 21:13:01', 'cc36c618-d2ab-4497-9c00-099d71930bbc');
INSERT INTO `userpermissions` (`id`, `name`, `dateCreated`, `dateUpdated`, `uid`) VALUES ('54', 'deletepeerentrydrafts:7', '2014-08-18 21:13:01', '2014-08-18 21:13:01', '7df58e35-0582-44de-9bc7-6d3cff93cac4');
INSERT INTO `userpermissions` (`id`, `name`, `dateCreated`, `dateUpdated`, `uid`) VALUES ('55', 'editcategories:1', '2014-08-25 18:52:10', '2014-08-25 18:52:10', 'ac64233e-2a4f-45f7-a7de-ed84034788e6');
INSERT INTO `userpermissions` (`id`, `name`, `dateCreated`, `dateUpdated`, `uid`) VALUES ('56', 'viewassetsource:1', '2014-08-25 18:52:10', '2014-08-25 18:52:10', 'b8df96b8-892b-470e-b03a-983a174ada09');
INSERT INTO `userpermissions` (`id`, `name`, `dateCreated`, `dateUpdated`, `uid`) VALUES ('57', 'uploadtoassetsource:1', '2014-08-25 18:52:10', '2014-08-25 18:52:10', 'e5eb4bcc-5677-4e66-a8fd-1ce9f3c3f2a3');
INSERT INTO `userpermissions` (`id`, `name`, `dateCreated`, `dateUpdated`, `uid`) VALUES ('58', 'viewassetsource:2', '2014-08-25 18:52:10', '2014-08-25 18:52:10', 'c9ce4389-c957-4977-aba4-3673e9215432');
INSERT INTO `userpermissions` (`id`, `name`, `dateCreated`, `dateUpdated`, `uid`) VALUES ('59', 'uploadtoassetsource:2', '2014-08-25 18:52:10', '2014-08-25 18:52:10', '093a86be-e2db-43c2-a722-deadd6df3e7f');
INSERT INTO `userpermissions` (`id`, `name`, `dateCreated`, `dateUpdated`, `uid`) VALUES ('60', 'viewassetsource:3', '2014-08-25 18:52:10', '2014-08-25 18:52:10', 'e9043b61-1cfb-4535-bab2-344fbbcbcb55');
INSERT INTO `userpermissions` (`id`, `name`, `dateCreated`, `dateUpdated`, `uid`) VALUES ('61', 'uploadtoassetsource:3', '2014-08-25 18:52:10', '2014-08-25 18:52:10', 'c95a02d3-7615-4773-9aa5-f824d7667f5b');
INSERT INTO `userpermissions` (`id`, `name`, `dateCreated`, `dateUpdated`, `uid`) VALUES ('62', 'viewassetsource:4', '2014-08-25 18:52:10', '2014-08-25 18:52:10', '5a07b16c-3805-462b-924a-4adc49c27779');
INSERT INTO `userpermissions` (`id`, `name`, `dateCreated`, `dateUpdated`, `uid`) VALUES ('63', 'uploadtoassetsource:4', '2014-08-25 18:52:10', '2014-08-25 18:52:10', '5b78b2ff-83b9-439c-913b-a30c5785c81b');
INSERT INTO `userpermissions` (`id`, `name`, `dateCreated`, `dateUpdated`, `uid`) VALUES ('64', 'viewassetsource:5', '2014-08-25 18:52:10', '2014-08-25 18:52:10', '0f4aaa47-1071-44aa-8c38-a19e1c528d2d');
INSERT INTO `userpermissions` (`id`, `name`, `dateCreated`, `dateUpdated`, `uid`) VALUES ('65', 'uploadtoassetsource:5', '2014-08-25 18:52:10', '2014-08-25 18:52:10', '0e06f377-c64a-4a28-9b51-83ce393709ae');
INSERT INTO `userpermissions` (`id`, `name`, `dateCreated`, `dateUpdated`, `uid`) VALUES ('66', 'viewassetsource:6', '2014-08-25 18:58:29', '2014-08-25 18:58:29', '27db0c1e-ee5d-400c-a7fe-71251b0fe997');
INSERT INTO `userpermissions` (`id`, `name`, `dateCreated`, `dateUpdated`, `uid`) VALUES ('67', 'uploadtoassetsource:6', '2014-08-25 18:58:29', '2014-08-25 18:58:29', '073a6127-4595-4617-aa48-c142cc4f08b1');
INSERT INTO `userpermissions` (`id`, `name`, `dateCreated`, `dateUpdated`, `uid`) VALUES ('68', 'viewassetsource:7', '2014-08-25 18:58:29', '2014-08-25 18:58:29', '92e78328-6ccd-4d4c-aa52-25ff666fd73c');
INSERT INTO `userpermissions` (`id`, `name`, `dateCreated`, `dateUpdated`, `uid`) VALUES ('69', 'uploadtoassetsource:7', '2014-08-25 18:58:29', '2014-08-25 18:58:29', '81dc69a2-bf8e-42b6-8282-ed4da798855b');
INSERT INTO `userpermissions` (`id`, `name`, `dateCreated`, `dateUpdated`, `uid`) VALUES ('70', 'createsubfoldersinassetsource:1', '2014-08-25 19:12:12', '2014-08-25 19:12:12', 'ea20b814-316c-435f-9755-b4d89caa1f03');
INSERT INTO `userpermissions` (`id`, `name`, `dateCreated`, `dateUpdated`, `uid`) VALUES ('71', 'removefromassetsource:1', '2014-08-25 19:12:12', '2014-08-25 19:12:12', '71daf993-389d-498e-8b90-efe3621a4e1d');
INSERT INTO `userpermissions` (`id`, `name`, `dateCreated`, `dateUpdated`, `uid`) VALUES ('72', 'createsubfoldersinassetsource:2', '2014-08-25 19:12:12', '2014-08-25 19:12:12', '0e300ea9-e0ca-412c-8603-b3427cf6502b');
INSERT INTO `userpermissions` (`id`, `name`, `dateCreated`, `dateUpdated`, `uid`) VALUES ('73', 'removefromassetsource:2', '2014-08-25 19:12:12', '2014-08-25 19:12:12', 'fdfbda3c-3ae9-4886-b984-92c3d1adc9c8');
INSERT INTO `userpermissions` (`id`, `name`, `dateCreated`, `dateUpdated`, `uid`) VALUES ('74', 'createsubfoldersinassetsource:3', '2014-08-25 19:12:12', '2014-08-25 19:12:12', '9b25c840-8f20-4147-bc8b-16346bb150b7');
INSERT INTO `userpermissions` (`id`, `name`, `dateCreated`, `dateUpdated`, `uid`) VALUES ('75', 'removefromassetsource:3', '2014-08-25 19:12:12', '2014-08-25 19:12:12', 'f9712df3-db4f-494b-8763-9dca448d5617');
INSERT INTO `userpermissions` (`id`, `name`, `dateCreated`, `dateUpdated`, `uid`) VALUES ('76', 'createsubfoldersinassetsource:4', '2014-08-25 19:12:12', '2014-08-25 19:12:12', 'fffb3993-22c7-4854-b6c5-2ea20783c635');
INSERT INTO `userpermissions` (`id`, `name`, `dateCreated`, `dateUpdated`, `uid`) VALUES ('77', 'removefromassetsource:4', '2014-08-25 19:12:12', '2014-08-25 19:12:12', 'f05faca0-c7ef-450d-8e82-2cb9c288e5b8');
INSERT INTO `userpermissions` (`id`, `name`, `dateCreated`, `dateUpdated`, `uid`) VALUES ('78', 'createsubfoldersinassetsource:5', '2014-08-25 19:12:12', '2014-08-25 19:12:12', '8bcc21c2-92f4-4d3b-bbd0-47d45f37a556');
INSERT INTO `userpermissions` (`id`, `name`, `dateCreated`, `dateUpdated`, `uid`) VALUES ('79', 'removefromassetsource:5', '2014-08-25 19:12:12', '2014-08-25 19:12:12', '14634ccd-a188-4281-96d9-a05d14a05804');
INSERT INTO `userpermissions` (`id`, `name`, `dateCreated`, `dateUpdated`, `uid`) VALUES ('80', 'createsubfoldersinassetsource:6', '2014-08-25 19:12:12', '2014-08-25 19:12:12', 'ae8650a6-090d-43fc-9e89-481bf26000ae');
INSERT INTO `userpermissions` (`id`, `name`, `dateCreated`, `dateUpdated`, `uid`) VALUES ('81', 'removefromassetsource:6', '2014-08-25 19:12:12', '2014-08-25 19:12:12', '06e90895-e081-43b8-beda-7aea0a0f19d5');
INSERT INTO `userpermissions` (`id`, `name`, `dateCreated`, `dateUpdated`, `uid`) VALUES ('82', 'createsubfoldersinassetsource:7', '2014-08-25 19:12:12', '2014-08-25 19:12:12', 'b6c623dc-6386-4f76-9c8c-1cff80abcca2');
INSERT INTO `userpermissions` (`id`, `name`, `dateCreated`, `dateUpdated`, `uid`) VALUES ('83', 'removefromassetsource:7', '2014-08-25 19:12:12', '2014-08-25 19:12:12', '1e482aad-2ae2-458d-9c8f-4fdbdf029642');



--
-- Schema for table `userpermissions_usergroups`
--

DROP TABLE IF EXISTS `userpermissions_usergroups`;

CREATE TABLE `userpermissions_usergroups` (
  `id` int(11) NOT NULL AUTO_INCREMENT,
  `permissionId` int(11) NOT NULL,
  `groupId` int(11) NOT NULL,
  `dateCreated` datetime NOT NULL,
  `dateUpdated` datetime NOT NULL,
  `uid` char(36) COLLATE utf8_unicode_ci NOT NULL DEFAULT '0',
  PRIMARY KEY (`id`),
  UNIQUE KEY `userpermissions_usergroups_permissionId_groupId_unq_idx` (`permissionId`,`groupId`),
  KEY `userpermissions_usergroups_groupId_fk` (`groupId`)
) ENGINE=InnoDB AUTO_INCREMENT=135 DEFAULT CHARSET=utf8 COLLATE=utf8_unicode_ci;

--
-- Data for table `userpermissions_usergroups`
--

INSERT INTO `userpermissions_usergroups` (`id`, `permissionId`, `groupId`, `dateCreated`, `dateUpdated`, `uid`) VALUES ('62', '1', '1', '2014-08-25 19:12:12', '2014-08-25 19:12:12', 'cab71a11-4582-4d3e-8a0c-cffc42d1864e');
INSERT INTO `userpermissions_usergroups` (`id`, `permissionId`, `groupId`, `dateCreated`, `dateUpdated`, `uid`) VALUES ('63', '2', '1', '2014-08-25 19:12:12', '2014-08-25 19:12:12', '19e71b44-ce13-40f5-8dd4-5b747b271d7e');
INSERT INTO `userpermissions_usergroups` (`id`, `permissionId`, `groupId`, `dateCreated`, `dateUpdated`, `uid`) VALUES ('64', '3', '1', '2014-08-25 19:12:12', '2014-08-25 19:12:12', '7e5ca42d-9dde-4bde-a4d1-7b2f30568016');
INSERT INTO `userpermissions_usergroups` (`id`, `permissionId`, `groupId`, `dateCreated`, `dateUpdated`, `uid`) VALUES ('65', '4', '1', '2014-08-25 19:12:12', '2014-08-25 19:12:12', 'eb365994-2d79-4161-8ce5-4f1fcdc01f62');
INSERT INTO `userpermissions_usergroups` (`id`, `permissionId`, `groupId`, `dateCreated`, `dateUpdated`, `uid`) VALUES ('66', '5', '1', '2014-08-25 19:12:12', '2014-08-25 19:12:12', 'e17ee9b4-3555-43c1-ba42-6cb7bd997a2b');
INSERT INTO `userpermissions_usergroups` (`id`, `permissionId`, `groupId`, `dateCreated`, `dateUpdated`, `uid`) VALUES ('67', '6', '1', '2014-08-25 19:12:12', '2014-08-25 19:12:12', '17757217-e937-4cbe-9466-d1cbcdb909bc');
INSERT INTO `userpermissions_usergroups` (`id`, `permissionId`, `groupId`, `dateCreated`, `dateUpdated`, `uid`) VALUES ('68', '7', '1', '2014-08-25 19:12:12', '2014-08-25 19:12:12', 'a97ab127-051b-4ed8-adb7-f2abdd9444f0');
INSERT INTO `userpermissions_usergroups` (`id`, `permissionId`, `groupId`, `dateCreated`, `dateUpdated`, `uid`) VALUES ('69', '8', '1', '2014-08-25 19:12:12', '2014-08-25 19:12:12', '1f642b19-f451-4153-b981-3a045f7226d5');
INSERT INTO `userpermissions_usergroups` (`id`, `permissionId`, `groupId`, `dateCreated`, `dateUpdated`, `uid`) VALUES ('70', '9', '1', '2014-08-25 19:12:12', '2014-08-25 19:12:12', '0e79ab77-cc35-4355-b2a2-d0b26870e4e3');
INSERT INTO `userpermissions_usergroups` (`id`, `permissionId`, `groupId`, `dateCreated`, `dateUpdated`, `uid`) VALUES ('71', '10', '1', '2014-08-25 19:12:12', '2014-08-25 19:12:12', '42cd5a64-b85e-4d15-bf50-b52b66f29dfa');
INSERT INTO `userpermissions_usergroups` (`id`, `permissionId`, `groupId`, `dateCreated`, `dateUpdated`, `uid`) VALUES ('72', '11', '1', '2014-08-25 19:12:12', '2014-08-25 19:12:12', 'f2b936b9-000b-4a19-ab12-2f556920ecaa');
INSERT INTO `userpermissions_usergroups` (`id`, `permissionId`, `groupId`, `dateCreated`, `dateUpdated`, `uid`) VALUES ('73', '12', '1', '2014-08-25 19:12:12', '2014-08-25 19:12:12', '4121ddec-381a-4137-80e1-f901faf7f2d9');
INSERT INTO `userpermissions_usergroups` (`id`, `permissionId`, `groupId`, `dateCreated`, `dateUpdated`, `uid`) VALUES ('74', '13', '1', '2014-08-25 19:12:12', '2014-08-25 19:12:12', 'da3ec807-e41a-4087-8fc1-8cd6fc83778f');
INSERT INTO `userpermissions_usergroups` (`id`, `permissionId`, `groupId`, `dateCreated`, `dateUpdated`, `uid`) VALUES ('75', '14', '1', '2014-08-25 19:12:12', '2014-08-25 19:12:12', '33884fe3-7b87-4ed1-94af-2ab5bf5fd23c');
INSERT INTO `userpermissions_usergroups` (`id`, `permissionId`, `groupId`, `dateCreated`, `dateUpdated`, `uid`) VALUES ('76', '15', '1', '2014-08-25 19:12:12', '2014-08-25 19:12:12', 'f04fbe26-762e-493a-b1a2-934e5121b88c');
INSERT INTO `userpermissions_usergroups` (`id`, `permissionId`, `groupId`, `dateCreated`, `dateUpdated`, `uid`) VALUES ('77', '16', '1', '2014-08-25 19:12:12', '2014-08-25 19:12:12', '58f6584e-9c93-4fa7-a6e3-abdac231fd1d');
INSERT INTO `userpermissions_usergroups` (`id`, `permissionId`, `groupId`, `dateCreated`, `dateUpdated`, `uid`) VALUES ('78', '17', '1', '2014-08-25 19:12:12', '2014-08-25 19:12:12', 'ab524f1b-f387-414a-9963-c68560a69ac3');
INSERT INTO `userpermissions_usergroups` (`id`, `permissionId`, `groupId`, `dateCreated`, `dateUpdated`, `uid`) VALUES ('79', '18', '1', '2014-08-25 19:12:12', '2014-08-25 19:12:12', 'f6700dc4-796f-4515-9e19-6e44809aef51');
INSERT INTO `userpermissions_usergroups` (`id`, `permissionId`, `groupId`, `dateCreated`, `dateUpdated`, `uid`) VALUES ('80', '19', '1', '2014-08-25 19:12:12', '2014-08-25 19:12:12', '27a51a10-1416-4334-bbfb-89a0bb1db5a9');
INSERT INTO `userpermissions_usergroups` (`id`, `permissionId`, `groupId`, `dateCreated`, `dateUpdated`, `uid`) VALUES ('81', '20', '1', '2014-08-25 19:12:12', '2014-08-25 19:12:12', 'ae35ef5e-db17-4489-9ea0-936e86955b9c');
INSERT INTO `userpermissions_usergroups` (`id`, `permissionId`, `groupId`, `dateCreated`, `dateUpdated`, `uid`) VALUES ('82', '21', '1', '2014-08-25 19:12:12', '2014-08-25 19:12:12', '0c092a8b-dd07-4e5b-b711-75649aa733a2');
INSERT INTO `userpermissions_usergroups` (`id`, `permissionId`, `groupId`, `dateCreated`, `dateUpdated`, `uid`) VALUES ('83', '22', '1', '2014-08-25 19:12:12', '2014-08-25 19:12:12', '1bde94ba-0db4-4df0-9f0b-44cc65546d12');
INSERT INTO `userpermissions_usergroups` (`id`, `permissionId`, `groupId`, `dateCreated`, `dateUpdated`, `uid`) VALUES ('84', '23', '1', '2014-08-25 19:12:12', '2014-08-25 19:12:12', 'ef27a7ab-7f73-4a4c-a663-afbfb1c33b9e');
INSERT INTO `userpermissions_usergroups` (`id`, `permissionId`, `groupId`, `dateCreated`, `dateUpdated`, `uid`) VALUES ('85', '24', '1', '2014-08-25 19:12:12', '2014-08-25 19:12:12', 'd0d75be7-5189-4862-b227-5d53df4624dc');
INSERT INTO `userpermissions_usergroups` (`id`, `permissionId`, `groupId`, `dateCreated`, `dateUpdated`, `uid`) VALUES ('86', '25', '1', '2014-08-25 19:12:12', '2014-08-25 19:12:12', '922f30bb-2422-4ede-9014-6b17be5cca32');
INSERT INTO `userpermissions_usergroups` (`id`, `permissionId`, `groupId`, `dateCreated`, `dateUpdated`, `uid`) VALUES ('87', '26', '1', '2014-08-25 19:12:12', '2014-08-25 19:12:12', '7992b546-6790-4ebc-ae3e-6d2c7f5daf21');
INSERT INTO `userpermissions_usergroups` (`id`, `permissionId`, `groupId`, `dateCreated`, `dateUpdated`, `uid`) VALUES ('88', '27', '1', '2014-08-25 19:12:12', '2014-08-25 19:12:12', '6ad3591c-7e61-4c43-89f0-bd90ddce5535');
INSERT INTO `userpermissions_usergroups` (`id`, `permissionId`, `groupId`, `dateCreated`, `dateUpdated`, `uid`) VALUES ('89', '28', '1', '2014-08-25 19:12:12', '2014-08-25 19:12:12', 'c70b4ae5-940e-4c69-aa0c-4d5e37a37799');
INSERT INTO `userpermissions_usergroups` (`id`, `permissionId`, `groupId`, `dateCreated`, `dateUpdated`, `uid`) VALUES ('90', '29', '1', '2014-08-25 19:12:12', '2014-08-25 19:12:12', '5f26fd91-66cc-4eb3-8c7a-a5068063d6e2');
INSERT INTO `userpermissions_usergroups` (`id`, `permissionId`, `groupId`, `dateCreated`, `dateUpdated`, `uid`) VALUES ('91', '30', '1', '2014-08-25 19:12:12', '2014-08-25 19:12:12', '83a2e2af-e6a2-4ce2-84d5-6232e7a6f847');
INSERT INTO `userpermissions_usergroups` (`id`, `permissionId`, `groupId`, `dateCreated`, `dateUpdated`, `uid`) VALUES ('92', '31', '1', '2014-08-25 19:12:12', '2014-08-25 19:12:12', 'c3753b4b-8f26-4cf2-9c41-67bccfabffc1');
INSERT INTO `userpermissions_usergroups` (`id`, `permissionId`, `groupId`, `dateCreated`, `dateUpdated`, `uid`) VALUES ('93', '32', '1', '2014-08-25 19:12:12', '2014-08-25 19:12:12', 'c2d750d4-e5f5-4372-b889-2c6130e6645b');
INSERT INTO `userpermissions_usergroups` (`id`, `permissionId`, `groupId`, `dateCreated`, `dateUpdated`, `uid`) VALUES ('94', '33', '1', '2014-08-25 19:12:12', '2014-08-25 19:12:12', '895439dc-d8f3-4188-a88e-064c248cf888');
INSERT INTO `userpermissions_usergroups` (`id`, `permissionId`, `groupId`, `dateCreated`, `dateUpdated`, `uid`) VALUES ('95', '34', '1', '2014-08-25 19:12:12', '2014-08-25 19:12:12', '141cce4b-faa3-4abf-a612-67ffad34b074');
INSERT INTO `userpermissions_usergroups` (`id`, `permissionId`, `groupId`, `dateCreated`, `dateUpdated`, `uid`) VALUES ('96', '35', '1', '2014-08-25 19:12:12', '2014-08-25 19:12:12', '11639623-cf51-460a-b425-ea085350830b');
INSERT INTO `userpermissions_usergroups` (`id`, `permissionId`, `groupId`, `dateCreated`, `dateUpdated`, `uid`) VALUES ('97', '36', '1', '2014-08-25 19:12:12', '2014-08-25 19:12:12', 'e9ad239c-4557-4aca-8961-c71c4da45c88');
INSERT INTO `userpermissions_usergroups` (`id`, `permissionId`, `groupId`, `dateCreated`, `dateUpdated`, `uid`) VALUES ('98', '37', '1', '2014-08-25 19:12:12', '2014-08-25 19:12:12', '16190cee-a2f1-4e00-91a7-a4dc374d07ef');
INSERT INTO `userpermissions_usergroups` (`id`, `permissionId`, `groupId`, `dateCreated`, `dateUpdated`, `uid`) VALUES ('99', '38', '1', '2014-08-25 19:12:12', '2014-08-25 19:12:12', 'fe44c875-09a9-4591-8c0c-6e7d7c7151bb');
INSERT INTO `userpermissions_usergroups` (`id`, `permissionId`, `groupId`, `dateCreated`, `dateUpdated`, `uid`) VALUES ('100', '39', '1', '2014-08-25 19:12:12', '2014-08-25 19:12:12', '61dc9fbb-2308-49e9-9133-453de0b775c1');
INSERT INTO `userpermissions_usergroups` (`id`, `permissionId`, `groupId`, `dateCreated`, `dateUpdated`, `uid`) VALUES ('101', '40', '1', '2014-08-25 19:12:12', '2014-08-25 19:12:12', 'd581be8d-4354-4102-99c1-76ae4d221ed0');
INSERT INTO `userpermissions_usergroups` (`id`, `permissionId`, `groupId`, `dateCreated`, `dateUpdated`, `uid`) VALUES ('102', '41', '1', '2014-08-25 19:12:12', '2014-08-25 19:12:12', '25b528f9-4940-49bc-8977-8691cae3d865');
INSERT INTO `userpermissions_usergroups` (`id`, `permissionId`, `groupId`, `dateCreated`, `dateUpdated`, `uid`) VALUES ('103', '42', '1', '2014-08-25 19:12:12', '2014-08-25 19:12:12', '94eb99c0-c1cd-4ec4-91a1-4d2d935a13aa');
INSERT INTO `userpermissions_usergroups` (`id`, `permissionId`, `groupId`, `dateCreated`, `dateUpdated`, `uid`) VALUES ('104', '43', '1', '2014-08-25 19:12:12', '2014-08-25 19:12:12', '940e144a-c4f2-4c64-8700-468d7c323f20');
INSERT INTO `userpermissions_usergroups` (`id`, `permissionId`, `groupId`, `dateCreated`, `dateUpdated`, `uid`) VALUES ('105', '44', '1', '2014-08-25 19:12:12', '2014-08-25 19:12:12', '18684eb0-aa71-4855-9371-0b78e9cbed3d');
INSERT INTO `userpermissions_usergroups` (`id`, `permissionId`, `groupId`, `dateCreated`, `dateUpdated`, `uid`) VALUES ('106', '55', '1', '2014-08-25 19:12:12', '2014-08-25 19:12:12', '2e196959-90de-4cfa-9b26-e876ed1fa83a');
INSERT INTO `userpermissions_usergroups` (`id`, `permissionId`, `groupId`, `dateCreated`, `dateUpdated`, `uid`) VALUES ('107', '56', '1', '2014-08-25 19:12:12', '2014-08-25 19:12:12', '22d634d3-067d-44a6-8726-e85f7b78ac86');
INSERT INTO `userpermissions_usergroups` (`id`, `permissionId`, `groupId`, `dateCreated`, `dateUpdated`, `uid`) VALUES ('108', '57', '1', '2014-08-25 19:12:12', '2014-08-25 19:12:12', 'f6a9f18a-dfca-4bbf-91a1-4d67e1f1b5fc');
INSERT INTO `userpermissions_usergroups` (`id`, `permissionId`, `groupId`, `dateCreated`, `dateUpdated`, `uid`) VALUES ('109', '70', '1', '2014-08-25 19:12:12', '2014-08-25 19:12:12', 'f5e99276-b28a-4205-842c-4fb9a5bd2a10');
INSERT INTO `userpermissions_usergroups` (`id`, `permissionId`, `groupId`, `dateCreated`, `dateUpdated`, `uid`) VALUES ('110', '71', '1', '2014-08-25 19:12:12', '2014-08-25 19:12:12', 'cebd6b66-85a3-4f30-9a9c-04ba84829fe8');
INSERT INTO `userpermissions_usergroups` (`id`, `permissionId`, `groupId`, `dateCreated`, `dateUpdated`, `uid`) VALUES ('111', '58', '1', '2014-08-25 19:12:12', '2014-08-25 19:12:12', 'ce7fac6d-e7c7-4e98-a1be-aacccf9df843');
INSERT INTO `userpermissions_usergroups` (`id`, `permissionId`, `groupId`, `dateCreated`, `dateUpdated`, `uid`) VALUES ('112', '59', '1', '2014-08-25 19:12:12', '2014-08-25 19:12:12', 'df448953-7c9c-4b3c-9f81-ad239b3c634e');
INSERT INTO `userpermissions_usergroups` (`id`, `permissionId`, `groupId`, `dateCreated`, `dateUpdated`, `uid`) VALUES ('113', '72', '1', '2014-08-25 19:12:12', '2014-08-25 19:12:12', '5b144312-363b-412e-8a37-d30661028579');
INSERT INTO `userpermissions_usergroups` (`id`, `permissionId`, `groupId`, `dateCreated`, `dateUpdated`, `uid`) VALUES ('114', '73', '1', '2014-08-25 19:12:12', '2014-08-25 19:12:12', '7161c714-6336-4789-aecd-fcd2f58229b7');
INSERT INTO `userpermissions_usergroups` (`id`, `permissionId`, `groupId`, `dateCreated`, `dateUpdated`, `uid`) VALUES ('115', '60', '1', '2014-08-25 19:12:12', '2014-08-25 19:12:12', 'aefadd52-da38-4aaf-bb04-fec8c90161a7');
INSERT INTO `userpermissions_usergroups` (`id`, `permissionId`, `groupId`, `dateCreated`, `dateUpdated`, `uid`) VALUES ('116', '61', '1', '2014-08-25 19:12:12', '2014-08-25 19:12:12', 'a0ba994d-147a-42c2-9989-c22860985bb1');
INSERT INTO `userpermissions_usergroups` (`id`, `permissionId`, `groupId`, `dateCreated`, `dateUpdated`, `uid`) VALUES ('117', '74', '1', '2014-08-25 19:12:12', '2014-08-25 19:12:12', '08bb8e0b-80e3-42a8-b8a8-82cbdb2a1cac');
INSERT INTO `userpermissions_usergroups` (`id`, `permissionId`, `groupId`, `dateCreated`, `dateUpdated`, `uid`) VALUES ('118', '75', '1', '2014-08-25 19:12:12', '2014-08-25 19:12:12', 'a3a4bf83-749e-4d22-a771-33b9441c741d');
INSERT INTO `userpermissions_usergroups` (`id`, `permissionId`, `groupId`, `dateCreated`, `dateUpdated`, `uid`) VALUES ('119', '62', '1', '2014-08-25 19:12:12', '2014-08-25 19:12:12', '21a62ee6-e316-4a33-9c34-65e41215399b');
INSERT INTO `userpermissions_usergroups` (`id`, `permissionId`, `groupId`, `dateCreated`, `dateUpdated`, `uid`) VALUES ('120', '63', '1', '2014-08-25 19:12:12', '2014-08-25 19:12:12', 'f21b163f-7f14-486e-bbc4-526060329037');
INSERT INTO `userpermissions_usergroups` (`id`, `permissionId`, `groupId`, `dateCreated`, `dateUpdated`, `uid`) VALUES ('121', '76', '1', '2014-08-25 19:12:12', '2014-08-25 19:12:12', '5ea4d5ae-8bb5-4ad7-83ab-326338a0980e');
INSERT INTO `userpermissions_usergroups` (`id`, `permissionId`, `groupId`, `dateCreated`, `dateUpdated`, `uid`) VALUES ('122', '77', '1', '2014-08-25 19:12:12', '2014-08-25 19:12:12', '11423c0d-0e5d-45b6-b9a9-9696158a5c00');
INSERT INTO `userpermissions_usergroups` (`id`, `permissionId`, `groupId`, `dateCreated`, `dateUpdated`, `uid`) VALUES ('123', '64', '1', '2014-08-25 19:12:12', '2014-08-25 19:12:12', 'b9001bb2-cd6f-4689-a1d0-c65d01d5665a');
INSERT INTO `userpermissions_usergroups` (`id`, `permissionId`, `groupId`, `dateCreated`, `dateUpdated`, `uid`) VALUES ('124', '65', '1', '2014-08-25 19:12:12', '2014-08-25 19:12:12', '40a1c5aa-e6dc-4f35-b9c8-819557d87ccd');
INSERT INTO `userpermissions_usergroups` (`id`, `permissionId`, `groupId`, `dateCreated`, `dateUpdated`, `uid`) VALUES ('125', '78', '1', '2014-08-25 19:12:12', '2014-08-25 19:12:12', '6929e3d7-8aef-45c4-af4b-c3fed529976b');
INSERT INTO `userpermissions_usergroups` (`id`, `permissionId`, `groupId`, `dateCreated`, `dateUpdated`, `uid`) VALUES ('126', '79', '1', '2014-08-25 19:12:12', '2014-08-25 19:12:12', '8a47cac6-7d24-4c99-b73d-d770548b9a34');
INSERT INTO `userpermissions_usergroups` (`id`, `permissionId`, `groupId`, `dateCreated`, `dateUpdated`, `uid`) VALUES ('127', '66', '1', '2014-08-25 19:12:12', '2014-08-25 19:12:12', 'c27c4645-e9ac-49ef-a884-d9387d09625a');
INSERT INTO `userpermissions_usergroups` (`id`, `permissionId`, `groupId`, `dateCreated`, `dateUpdated`, `uid`) VALUES ('128', '67', '1', '2014-08-25 19:12:12', '2014-08-25 19:12:12', '4dbcd842-6e8f-4dd9-ba2f-4f4bc307c239');
INSERT INTO `userpermissions_usergroups` (`id`, `permissionId`, `groupId`, `dateCreated`, `dateUpdated`, `uid`) VALUES ('129', '80', '1', '2014-08-25 19:12:12', '2014-08-25 19:12:12', '95f8be3a-13d5-4f0d-a03e-b3fc3911b2fc');
INSERT INTO `userpermissions_usergroups` (`id`, `permissionId`, `groupId`, `dateCreated`, `dateUpdated`, `uid`) VALUES ('130', '81', '1', '2014-08-25 19:12:12', '2014-08-25 19:12:12', '397d3d9d-66e3-4623-9988-993599d26cf3');
INSERT INTO `userpermissions_usergroups` (`id`, `permissionId`, `groupId`, `dateCreated`, `dateUpdated`, `uid`) VALUES ('131', '68', '1', '2014-08-25 19:12:12', '2014-08-25 19:12:12', '779d59b2-8945-43e9-a469-b1b9f0eef62f');
INSERT INTO `userpermissions_usergroups` (`id`, `permissionId`, `groupId`, `dateCreated`, `dateUpdated`, `uid`) VALUES ('132', '69', '1', '2014-08-25 19:12:12', '2014-08-25 19:12:12', '46da8e99-b85e-47fe-af17-c27dd3308a29');
INSERT INTO `userpermissions_usergroups` (`id`, `permissionId`, `groupId`, `dateCreated`, `dateUpdated`, `uid`) VALUES ('133', '82', '1', '2014-08-25 19:12:12', '2014-08-25 19:12:12', 'dd2f5041-f096-4561-a92b-a69e8e54a5d3');
INSERT INTO `userpermissions_usergroups` (`id`, `permissionId`, `groupId`, `dateCreated`, `dateUpdated`, `uid`) VALUES ('134', '83', '1', '2014-08-25 19:12:12', '2014-08-25 19:12:12', '99164d82-e03b-4435-a7ea-a921e3c83684');



--
-- Schema for table `userpermissions_users`
--

DROP TABLE IF EXISTS `userpermissions_users`;

CREATE TABLE `userpermissions_users` (
  `id` int(11) NOT NULL AUTO_INCREMENT,
  `permissionId` int(11) NOT NULL,
  `userId` int(11) NOT NULL,
  `dateCreated` datetime NOT NULL,
  `dateUpdated` datetime NOT NULL,
  `uid` char(36) COLLATE utf8_unicode_ci NOT NULL DEFAULT '0',
  PRIMARY KEY (`id`),
  UNIQUE KEY `userpermissions_users_permissionId_userId_unq_idx` (`permissionId`,`userId`),
  KEY `userpermissions_users_userId_fk` (`userId`)
) ENGINE=InnoDB AUTO_INCREMENT=137 DEFAULT CHARSET=utf8 COLLATE=utf8_unicode_ci;

--
-- Data for table `userpermissions_users`
--

INSERT INTO `userpermissions_users` (`id`, `permissionId`, `userId`, `dateCreated`, `dateUpdated`, `uid`) VALUES ('69', '2', '14', '2014-09-17 22:41:08', '2014-09-17 22:41:08', 'aab88e2c-289a-4f92-8c59-cd574f021aab');
INSERT INTO `userpermissions_users` (`id`, `permissionId`, `userId`, `dateCreated`, `dateUpdated`, `uid`) VALUES ('70', '15', '14', '2014-09-17 22:41:08', '2014-09-17 22:41:08', '0941c022-8f1c-4759-a932-bf573582651c');
INSERT INTO `userpermissions_users` (`id`, `permissionId`, `userId`, `dateCreated`, `dateUpdated`, `uid`) VALUES ('71', '16', '14', '2014-09-17 22:41:08', '2014-09-17 22:41:08', 'a208e383-b223-42c1-a997-bbbe45c4a108');
INSERT INTO `userpermissions_users` (`id`, `permissionId`, `userId`, `dateCreated`, `dateUpdated`, `uid`) VALUES ('72', '18', '14', '2014-09-17 22:41:08', '2014-09-17 22:41:08', '6473ce3f-1f1c-450c-a00e-cad9ef79a4dd');
INSERT INTO `userpermissions_users` (`id`, `permissionId`, `userId`, `dateCreated`, `dateUpdated`, `uid`) VALUES ('73', '19', '14', '2014-09-17 22:41:08', '2014-09-17 22:41:08', '145e5a14-5e19-462d-93ab-361594b6ca92');
INSERT INTO `userpermissions_users` (`id`, `permissionId`, `userId`, `dateCreated`, `dateUpdated`, `uid`) VALUES ('74', '22', '14', '2014-09-17 22:41:08', '2014-09-17 22:41:08', 'c4dad95d-db9e-4513-9263-847537c7016d');
INSERT INTO `userpermissions_users` (`id`, `permissionId`, `userId`, `dateCreated`, `dateUpdated`, `uid`) VALUES ('75', '35', '14', '2014-09-17 22:41:08', '2014-09-17 22:41:08', 'a1358014-0f13-4672-9f48-798816ad7e61');
INSERT INTO `userpermissions_users` (`id`, `permissionId`, `userId`, `dateCreated`, `dateUpdated`, `uid`) VALUES ('76', '36', '14', '2014-09-17 22:41:08', '2014-09-17 22:41:08', '25644602-a4f3-4e47-b4e1-08837bea2196');
INSERT INTO `userpermissions_users` (`id`, `permissionId`, `userId`, `dateCreated`, `dateUpdated`, `uid`) VALUES ('77', '39', '14', '2014-09-17 22:41:08', '2014-09-17 22:41:08', '303281ad-cc14-427f-ad3f-c5597fa60f85');
INSERT INTO `userpermissions_users` (`id`, `permissionId`, `userId`, `dateCreated`, `dateUpdated`, `uid`) VALUES ('78', '42', '14', '2014-09-17 22:41:08', '2014-09-17 22:41:08', 'bf691f40-c953-40ee-abac-eb2a26039498');
INSERT INTO `userpermissions_users` (`id`, `permissionId`, `userId`, `dateCreated`, `dateUpdated`, `uid`) VALUES ('79', '56', '14', '2014-09-17 22:41:08', '2014-09-17 22:41:08', '4717292d-59c2-4b78-929b-06cf79f99910');
INSERT INTO `userpermissions_users` (`id`, `permissionId`, `userId`, `dateCreated`, `dateUpdated`, `uid`) VALUES ('80', '57', '14', '2014-09-17 22:41:08', '2014-09-17 22:41:08', '98c7a3bd-be42-4629-87e7-30b1fa471dca');
INSERT INTO `userpermissions_users` (`id`, `permissionId`, `userId`, `dateCreated`, `dateUpdated`, `uid`) VALUES ('81', '58', '14', '2014-09-17 22:41:08', '2014-09-17 22:41:08', 'd907d0fe-6c14-4e77-a158-d972fa0f8e55');
INSERT INTO `userpermissions_users` (`id`, `permissionId`, `userId`, `dateCreated`, `dateUpdated`, `uid`) VALUES ('82', '59', '14', '2014-09-17 22:41:08', '2014-09-17 22:41:08', 'e0c169a5-e395-46d2-9ea7-9e378fb4092b');
INSERT INTO `userpermissions_users` (`id`, `permissionId`, `userId`, `dateCreated`, `dateUpdated`, `uid`) VALUES ('83', '60', '14', '2014-09-17 22:41:08', '2014-09-17 22:41:08', '92e7a790-df2d-4c54-9875-89e4f7ad595f');
INSERT INTO `userpermissions_users` (`id`, `permissionId`, `userId`, `dateCreated`, `dateUpdated`, `uid`) VALUES ('84', '61', '14', '2014-09-17 22:41:08', '2014-09-17 22:41:08', 'ff0cc1c8-b6ba-4849-9a2e-24570ebfac4f');
INSERT INTO `userpermissions_users` (`id`, `permissionId`, `userId`, `dateCreated`, `dateUpdated`, `uid`) VALUES ('85', '62', '14', '2014-09-17 22:41:08', '2014-09-17 22:41:08', '20037a2f-195b-44de-839c-836716f81a72');
INSERT INTO `userpermissions_users` (`id`, `permissionId`, `userId`, `dateCreated`, `dateUpdated`, `uid`) VALUES ('86', '63', '14', '2014-09-17 22:41:08', '2014-09-17 22:41:08', '0eaa2d83-9fac-4f69-8004-ca1c318e0181');
INSERT INTO `userpermissions_users` (`id`, `permissionId`, `userId`, `dateCreated`, `dateUpdated`, `uid`) VALUES ('87', '64', '14', '2014-09-17 22:41:08', '2014-09-17 22:41:08', '29ee42bb-5764-404e-9856-5961f42ff490');
INSERT INTO `userpermissions_users` (`id`, `permissionId`, `userId`, `dateCreated`, `dateUpdated`, `uid`) VALUES ('88', '65', '14', '2014-09-17 22:41:08', '2014-09-17 22:41:08', '12352501-a16f-46e9-99de-414c76a70f69');
INSERT INTO `userpermissions_users` (`id`, `permissionId`, `userId`, `dateCreated`, `dateUpdated`, `uid`) VALUES ('89', '66', '14', '2014-09-17 22:41:08', '2014-09-17 22:41:08', '0f3f906e-66bb-4577-9c42-dc71f350b8f6');
INSERT INTO `userpermissions_users` (`id`, `permissionId`, `userId`, `dateCreated`, `dateUpdated`, `uid`) VALUES ('90', '67', '14', '2014-09-17 22:41:08', '2014-09-17 22:41:08', '50ca3737-a240-4656-a434-d157c599801c');
INSERT INTO `userpermissions_users` (`id`, `permissionId`, `userId`, `dateCreated`, `dateUpdated`, `uid`) VALUES ('91', '68', '14', '2014-09-17 22:41:08', '2014-09-17 22:41:08', 'c944a408-90a3-4c94-9c96-03c74fc87a89');
INSERT INTO `userpermissions_users` (`id`, `permissionId`, `userId`, `dateCreated`, `dateUpdated`, `uid`) VALUES ('92', '69', '14', '2014-09-17 22:41:08', '2014-09-17 22:41:08', 'bbf80be3-c413-4c64-951d-7665f65e099e');
INSERT INTO `userpermissions_users` (`id`, `permissionId`, `userId`, `dateCreated`, `dateUpdated`, `uid`) VALUES ('93', '2', '13', '2014-09-17 22:41:30', '2014-09-17 22:41:30', '256f5ee6-da42-4a1c-815c-b6b37c65dd6c');
INSERT INTO `userpermissions_users` (`id`, `permissionId`, `userId`, `dateCreated`, `dateUpdated`, `uid`) VALUES ('94', '10', '13', '2014-09-17 22:41:30', '2014-09-17 22:41:30', 'c264b7ca-98b0-4298-b471-da5914e2bcee');
INSERT INTO `userpermissions_users` (`id`, `permissionId`, `userId`, `dateCreated`, `dateUpdated`, `uid`) VALUES ('95', '15', '13', '2014-09-17 22:41:30', '2014-09-17 22:41:30', '1fc879d9-c56a-4b06-8fd9-3bb8cf5913d4');
INSERT INTO `userpermissions_users` (`id`, `permissionId`, `userId`, `dateCreated`, `dateUpdated`, `uid`) VALUES ('96', '16', '13', '2014-09-17 22:41:30', '2014-09-17 22:41:30', '44dd07bb-e719-4e81-9bd2-982830a73e5d');
INSERT INTO `userpermissions_users` (`id`, `permissionId`, `userId`, `dateCreated`, `dateUpdated`, `uid`) VALUES ('97', '18', '13', '2014-09-17 22:41:30', '2014-09-17 22:41:30', 'fba59ac6-d83b-45c1-9e68-fc76e60583d1');
INSERT INTO `userpermissions_users` (`id`, `permissionId`, `userId`, `dateCreated`, `dateUpdated`, `uid`) VALUES ('98', '25', '13', '2014-09-17 22:41:30', '2014-09-17 22:41:30', '33d2d84a-ae26-4c1e-89d4-0a3a7c77d39b');
INSERT INTO `userpermissions_users` (`id`, `permissionId`, `userId`, `dateCreated`, `dateUpdated`, `uid`) VALUES ('99', '30', '13', '2014-09-17 22:41:30', '2014-09-17 22:41:30', '9756243a-1c1f-435b-bf55-3b511ae9b597');
INSERT INTO `userpermissions_users` (`id`, `permissionId`, `userId`, `dateCreated`, `dateUpdated`, `uid`) VALUES ('100', '35', '13', '2014-09-17 22:41:30', '2014-09-17 22:41:30', '169b174d-9cdd-4854-8940-7121ac853f90');
INSERT INTO `userpermissions_users` (`id`, `permissionId`, `userId`, `dateCreated`, `dateUpdated`, `uid`) VALUES ('101', '36', '13', '2014-09-17 22:41:30', '2014-09-17 22:41:30', 'a63df5f6-3645-4bf1-8466-dbfca482a5a7');
INSERT INTO `userpermissions_users` (`id`, `permissionId`, `userId`, `dateCreated`, `dateUpdated`, `uid`) VALUES ('102', '38', '13', '2014-09-17 22:41:30', '2014-09-17 22:41:30', '2407da6c-834f-4288-a8c2-190e370e5063');
INSERT INTO `userpermissions_users` (`id`, `permissionId`, `userId`, `dateCreated`, `dateUpdated`, `uid`) VALUES ('103', '55', '13', '2014-09-17 22:41:30', '2014-09-17 22:41:30', 'd4804eeb-8192-430a-a7d9-152a0c2e0df4');
INSERT INTO `userpermissions_users` (`id`, `permissionId`, `userId`, `dateCreated`, `dateUpdated`, `uid`) VALUES ('104', '56', '13', '2014-09-17 22:41:30', '2014-09-17 22:41:30', '21d9fa5d-0e28-42c2-bd47-66c73f9c914c');
INSERT INTO `userpermissions_users` (`id`, `permissionId`, `userId`, `dateCreated`, `dateUpdated`, `uid`) VALUES ('105', '57', '13', '2014-09-17 22:41:30', '2014-09-17 22:41:30', 'b239ab19-95ee-4428-86cd-619ff4a5f8c4');
INSERT INTO `userpermissions_users` (`id`, `permissionId`, `userId`, `dateCreated`, `dateUpdated`, `uid`) VALUES ('106', '58', '13', '2014-09-17 22:41:30', '2014-09-17 22:41:30', '3cc799bb-e46e-4f75-9cbb-2163354d9def');
INSERT INTO `userpermissions_users` (`id`, `permissionId`, `userId`, `dateCreated`, `dateUpdated`, `uid`) VALUES ('107', '59', '13', '2014-09-17 22:41:30', '2014-09-17 22:41:30', 'ee149698-7443-4ead-8a3b-26331d380bab');
INSERT INTO `userpermissions_users` (`id`, `permissionId`, `userId`, `dateCreated`, `dateUpdated`, `uid`) VALUES ('108', '60', '13', '2014-09-17 22:41:30', '2014-09-17 22:41:30', 'cd88aea7-fee3-4a71-9e5a-bfca58a1e9c6');
INSERT INTO `userpermissions_users` (`id`, `permissionId`, `userId`, `dateCreated`, `dateUpdated`, `uid`) VALUES ('109', '61', '13', '2014-09-17 22:41:30', '2014-09-17 22:41:30', 'a7386b0b-11d7-469c-83cf-f8dc7089aca0');
INSERT INTO `userpermissions_users` (`id`, `permissionId`, `userId`, `dateCreated`, `dateUpdated`, `uid`) VALUES ('110', '62', '13', '2014-09-17 22:41:30', '2014-09-17 22:41:30', '6f4cfd51-5375-4d61-81ca-76d91a67b6cb');
INSERT INTO `userpermissions_users` (`id`, `permissionId`, `userId`, `dateCreated`, `dateUpdated`, `uid`) VALUES ('111', '63', '13', '2014-09-17 22:41:30', '2014-09-17 22:41:30', '1018416a-4126-4942-b276-56f179a50c1f');
INSERT INTO `userpermissions_users` (`id`, `permissionId`, `userId`, `dateCreated`, `dateUpdated`, `uid`) VALUES ('112', '64', '13', '2014-09-17 22:41:30', '2014-09-17 22:41:30', '8f0b1536-0e4f-486d-bb56-a141f46ef9e3');
INSERT INTO `userpermissions_users` (`id`, `permissionId`, `userId`, `dateCreated`, `dateUpdated`, `uid`) VALUES ('113', '65', '13', '2014-09-17 22:41:30', '2014-09-17 22:41:30', 'a7344298-afd5-4ec0-af6c-d0e6c46498e4');
INSERT INTO `userpermissions_users` (`id`, `permissionId`, `userId`, `dateCreated`, `dateUpdated`, `uid`) VALUES ('114', '2', '15', '2014-09-17 22:41:59', '2014-09-17 22:41:59', '1feda45e-6f87-4fe1-91fa-7d848926385b');
INSERT INTO `userpermissions_users` (`id`, `permissionId`, `userId`, `dateCreated`, `dateUpdated`, `uid`) VALUES ('115', '15', '15', '2014-09-17 22:41:59', '2014-09-17 22:41:59', '894a5327-8f57-4c38-9d31-595e5878702b');
INSERT INTO `userpermissions_users` (`id`, `permissionId`, `userId`, `dateCreated`, `dateUpdated`, `uid`) VALUES ('116', '16', '15', '2014-09-17 22:41:59', '2014-09-17 22:41:59', 'c1be276d-7321-4ef5-9f01-6e30622bf1fe');
INSERT INTO `userpermissions_users` (`id`, `permissionId`, `userId`, `dateCreated`, `dateUpdated`, `uid`) VALUES ('117', '19', '15', '2014-09-17 22:41:59', '2014-09-17 22:41:59', 'ac0a9474-a379-402b-b106-2297b0179228');
INSERT INTO `userpermissions_users` (`id`, `permissionId`, `userId`, `dateCreated`, `dateUpdated`, `uid`) VALUES ('118', '22', '15', '2014-09-17 22:41:59', '2014-09-17 22:41:59', 'de562099-fa80-48ad-b5dd-760cd4508efd');
INSERT INTO `userpermissions_users` (`id`, `permissionId`, `userId`, `dateCreated`, `dateUpdated`, `uid`) VALUES ('119', '35', '15', '2014-09-17 22:41:59', '2014-09-17 22:41:59', 'd0cfc62b-8648-4b78-8c91-b7b19093b045');
INSERT INTO `userpermissions_users` (`id`, `permissionId`, `userId`, `dateCreated`, `dateUpdated`, `uid`) VALUES ('120', '36', '15', '2014-09-17 22:41:59', '2014-09-17 22:41:59', 'cdde8b69-212f-4415-a903-dcd3172491c2');
INSERT INTO `userpermissions_users` (`id`, `permissionId`, `userId`, `dateCreated`, `dateUpdated`, `uid`) VALUES ('121', '39', '15', '2014-09-17 22:41:59', '2014-09-17 22:41:59', 'e82e3c11-5937-4663-80d8-9162abdbd41b');
INSERT INTO `userpermissions_users` (`id`, `permissionId`, `userId`, `dateCreated`, `dateUpdated`, `uid`) VALUES ('122', '42', '15', '2014-09-17 22:41:59', '2014-09-17 22:41:59', '5d1d5450-53b0-4e10-ade9-3f5f9492df23');
INSERT INTO `userpermissions_users` (`id`, `permissionId`, `userId`, `dateCreated`, `dateUpdated`, `uid`) VALUES ('123', '56', '15', '2014-09-17 22:41:59', '2014-09-17 22:41:59', '225b3971-79d4-42be-ab40-8b45e15d7d17');
INSERT INTO `userpermissions_users` (`id`, `permissionId`, `userId`, `dateCreated`, `dateUpdated`, `uid`) VALUES ('124', '57', '15', '2014-09-17 22:41:59', '2014-09-17 22:41:59', '06e0a5e5-0553-4a7a-9da4-2ab34f4bf2d1');
INSERT INTO `userpermissions_users` (`id`, `permissionId`, `userId`, `dateCreated`, `dateUpdated`, `uid`) VALUES ('125', '58', '15', '2014-09-17 22:41:59', '2014-09-17 22:41:59', 'b91b9372-5b75-4e61-a15d-48c0bc11ad7b');
INSERT INTO `userpermissions_users` (`id`, `permissionId`, `userId`, `dateCreated`, `dateUpdated`, `uid`) VALUES ('126', '59', '15', '2014-09-17 22:41:59', '2014-09-17 22:41:59', '6a23f463-04d3-4e5f-9299-6d5839401e87');
INSERT INTO `userpermissions_users` (`id`, `permissionId`, `userId`, `dateCreated`, `dateUpdated`, `uid`) VALUES ('127', '60', '15', '2014-09-17 22:41:59', '2014-09-17 22:41:59', '9e75bb91-518e-48d4-9e86-8dd600803292');
INSERT INTO `userpermissions_users` (`id`, `permissionId`, `userId`, `dateCreated`, `dateUpdated`, `uid`) VALUES ('128', '61', '15', '2014-09-17 22:41:59', '2014-09-17 22:41:59', 'e89a3c2a-77af-4319-8f16-048ff6c1d723');
INSERT INTO `userpermissions_users` (`id`, `permissionId`, `userId`, `dateCreated`, `dateUpdated`, `uid`) VALUES ('129', '62', '15', '2014-09-17 22:41:59', '2014-09-17 22:41:59', 'b30fea2f-9568-4047-8aa0-54d825ddf17b');
INSERT INTO `userpermissions_users` (`id`, `permissionId`, `userId`, `dateCreated`, `dateUpdated`, `uid`) VALUES ('130', '63', '15', '2014-09-17 22:41:59', '2014-09-17 22:41:59', 'fe98ebd9-f7b4-4bac-b36e-11099f214994');
INSERT INTO `userpermissions_users` (`id`, `permissionId`, `userId`, `dateCreated`, `dateUpdated`, `uid`) VALUES ('131', '64', '15', '2014-09-17 22:41:59', '2014-09-17 22:41:59', '3378d608-662e-4495-913d-65ef201f243e');
INSERT INTO `userpermissions_users` (`id`, `permissionId`, `userId`, `dateCreated`, `dateUpdated`, `uid`) VALUES ('132', '65', '15', '2014-09-17 22:41:59', '2014-09-17 22:41:59', '4a51c337-bc31-4aa8-9ba9-82746c2b82dd');
INSERT INTO `userpermissions_users` (`id`, `permissionId`, `userId`, `dateCreated`, `dateUpdated`, `uid`) VALUES ('133', '66', '15', '2014-09-17 22:41:59', '2014-09-17 22:41:59', 'db7f50aa-a19d-4ede-970f-ca77d530dee6');
INSERT INTO `userpermissions_users` (`id`, `permissionId`, `userId`, `dateCreated`, `dateUpdated`, `uid`) VALUES ('134', '67', '15', '2014-09-17 22:41:59', '2014-09-17 22:41:59', '101f1411-e59b-41b0-8079-712efa386407');
INSERT INTO `userpermissions_users` (`id`, `permissionId`, `userId`, `dateCreated`, `dateUpdated`, `uid`) VALUES ('135', '68', '15', '2014-09-17 22:41:59', '2014-09-17 22:41:59', 'b6a6df71-6f21-4f58-8b5f-e3b44134f11b');
INSERT INTO `userpermissions_users` (`id`, `permissionId`, `userId`, `dateCreated`, `dateUpdated`, `uid`) VALUES ('136', '69', '15', '2014-09-17 22:41:59', '2014-09-17 22:41:59', 'e092ed34-5073-4d67-9a71-b1ce041cab43');



--
-- Schema for table `users`
--

DROP TABLE IF EXISTS `users`;

CREATE TABLE `users` (
  `id` int(11) NOT NULL,
  `username` varchar(100) COLLATE utf8_unicode_ci NOT NULL,
  `photo` varchar(50) COLLATE utf8_unicode_ci DEFAULT NULL,
  `firstName` varchar(100) COLLATE utf8_unicode_ci DEFAULT NULL,
  `lastName` varchar(100) COLLATE utf8_unicode_ci DEFAULT NULL,
  `email` varchar(255) COLLATE utf8_unicode_ci NOT NULL,
  `password` char(255) COLLATE utf8_unicode_ci DEFAULT NULL,
  `preferredLocale` char(12) COLLATE utf8_unicode_ci DEFAULT NULL,
  `admin` tinyint(1) unsigned NOT NULL DEFAULT '0',
  `client` tinyint(1) unsigned NOT NULL DEFAULT '0',
  `status` enum('active','locked','suspended','pending','archived') COLLATE utf8_unicode_ci DEFAULT 'pending',
  `lastLoginDate` datetime DEFAULT NULL,
  `lastLoginAttemptIPAddress` varchar(45) COLLATE utf8_unicode_ci DEFAULT NULL,
  `invalidLoginWindowStart` datetime DEFAULT NULL,
  `invalidLoginCount` tinyint(4) unsigned DEFAULT NULL,
  `lastInvalidLoginDate` datetime DEFAULT NULL,
  `lockoutDate` datetime DEFAULT NULL,
  `verificationCode` char(100) COLLATE utf8_unicode_ci DEFAULT NULL,
  `verificationCodeIssuedDate` datetime DEFAULT NULL,
  `unverifiedEmail` varchar(255) COLLATE utf8_unicode_ci DEFAULT NULL,
  `passwordResetRequired` tinyint(1) unsigned NOT NULL DEFAULT '0',
  `lastPasswordChangeDate` datetime DEFAULT NULL,
  `dateCreated` datetime NOT NULL,
  `dateUpdated` datetime NOT NULL,
  `uid` char(36) COLLATE utf8_unicode_ci NOT NULL DEFAULT '0',
  PRIMARY KEY (`id`),
  UNIQUE KEY `users_username_unq_idx` (`username`),
  UNIQUE KEY `users_email_unq_idx` (`email`),
  KEY `users_verificationCode_idx` (`verificationCode`),
  KEY `users_uid_idx` (`uid`),
  KEY `users_preferredLocale_fk` (`preferredLocale`)
) ENGINE=InnoDB DEFAULT CHARSET=utf8 COLLATE=utf8_unicode_ci;

--
-- Data for table `users`
--

INSERT INTO `users` (`id`, `username`, `photo`, `firstName`, `lastName`, `email`, `password`, `preferredLocale`, `admin`, `client`, `status`, `lastLoginDate`, `lastLoginAttemptIPAddress`, `invalidLoginWindowStart`, `invalidLoginCount`, `lastInvalidLoginDate`, `lockoutDate`, `verificationCode`, `verificationCodeIssuedDate`, `unverifiedEmail`, `passwordResetRequired`, `lastPasswordChangeDate`, `dateCreated`, `dateUpdated`, `uid`) VALUES ('1', 'randy_cochran', 'randy.jpg', 'Randy', 'Cochran', 'randy.cochran@wayfindercreative.com', '$2a$13$D.fAdcfikibDfCCVOtvaweAL90qFovru0t2HQt5SRXRPTPLKyoQya', NULL, '1', '0', 'active', '2014-09-24 18:08:50', '::1', NULL, NULL, NULL, NULL, NULL, NULL, NULL, '0', '2014-07-22 18:49:16', '2014-07-22 18:49:17', '2014-09-24 18:08:50', '50cf4e3d-394e-4297-becd-3b68b10fa77e');
INSERT INTO `users` (`id`, `username`, `photo`, `firstName`, `lastName`, `email`, `password`, `preferredLocale`, `admin`, `client`, `status`, `lastLoginDate`, `lastLoginAttemptIPAddress`, `invalidLoginWindowStart`, `invalidLoginCount`, `lastInvalidLoginDate`, `lockoutDate`, `verificationCode`, `verificationCodeIssuedDate`, `unverifiedEmail`, `passwordResetRequired`, `lastPasswordChangeDate`, `dateCreated`, `dateUpdated`, `uid`) VALUES ('12', 'chinmoy_raval', 'chinmoy.jpg', 'Chinmoy', 'Raval', 'chinmoy.raval@wayfindercreative.com', NULL, NULL, '1', '0', 'active', NULL, NULL, NULL, NULL, NULL, NULL, NULL, NULL, NULL, '0', NULL, '2014-08-25 18:35:54', '2014-09-17 22:40:04', 'ea8731b3-e2a9-45b4-9dd4-3b88266110d8');
INSERT INTO `users` (`id`, `username`, `photo`, `firstName`, `lastName`, `email`, `password`, `preferredLocale`, `admin`, `client`, `status`, `lastLoginDate`, `lastLoginAttemptIPAddress`, `invalidLoginWindowStart`, `invalidLoginCount`, `lastInvalidLoginDate`, `lockoutDate`, `verificationCode`, `verificationCodeIssuedDate`, `unverifiedEmail`, `passwordResetRequired`, `lastPasswordChangeDate`, `dateCreated`, `dateUpdated`, `uid`) VALUES ('13', 'alice_mensch', 'alice.jpg', 'Alice', 'Mensch', 'alice.mensch@wayfindercreative.com', NULL, NULL, '0', '0', 'active', NULL, NULL, NULL, NULL, NULL, NULL, NULL, NULL, NULL, '0', NULL, '2014-08-25 18:52:10', '2014-09-17 22:41:30', 'a1d435d4-bc1d-4dd6-9e55-49793378ce6d');
INSERT INTO `users` (`id`, `username`, `photo`, `firstName`, `lastName`, `email`, `password`, `preferredLocale`, `admin`, `client`, `status`, `lastLoginDate`, `lastLoginAttemptIPAddress`, `invalidLoginWindowStart`, `invalidLoginCount`, `lastInvalidLoginDate`, `lockoutDate`, `verificationCode`, `verificationCodeIssuedDate`, `unverifiedEmail`, `passwordResetRequired`, `lastPasswordChangeDate`, `dateCreated`, `dateUpdated`, `uid`) VALUES ('14', 'agustin_sanchez', 'agustin.jpg', 'Agustin', 'Sanchez', 'agustin.sanchez@wayfindercreative.com', NULL, NULL, '0', '0', 'active', NULL, NULL, NULL, NULL, NULL, NULL, NULL, NULL, NULL, '0', NULL, '2014-08-25 18:58:29', '2014-09-17 22:41:08', '37eb44b3-be08-45e6-a9aa-ff15d8f9b3ee');
INSERT INTO `users` (`id`, `username`, `photo`, `firstName`, `lastName`, `email`, `password`, `preferredLocale`, `admin`, `client`, `status`, `lastLoginDate`, `lastLoginAttemptIPAddress`, `invalidLoginWindowStart`, `invalidLoginCount`, `lastInvalidLoginDate`, `lockoutDate`, `verificationCode`, `verificationCodeIssuedDate`, `unverifiedEmail`, `passwordResetRequired`, `lastPasswordChangeDate`, `dateCreated`, `dateUpdated`, `uid`) VALUES ('15', 'stephen_klein', 'stephen.jpg', 'Stephen', 'Klein', 'stephen.klein@wayfindercreative.com', NULL, NULL, '0', '0', 'active', NULL, NULL, NULL, NULL, NULL, NULL, NULL, NULL, NULL, '0', NULL, '2014-08-25 19:01:14', '2014-09-17 22:41:59', '8b3be67f-d8f6-40c3-ade7-dd97b19c7118');



--
-- Schema for table `widgets`
--

DROP TABLE IF EXISTS `widgets`;

CREATE TABLE `widgets` (
  `id` int(11) NOT NULL AUTO_INCREMENT,
  `userId` int(11) NOT NULL,
  `type` varchar(150) COLLATE utf8_unicode_ci NOT NULL,
  `sortOrder` tinyint(4) DEFAULT NULL,
  `settings` text COLLATE utf8_unicode_ci,
  `enabled` tinyint(1) unsigned NOT NULL DEFAULT '1',
  `dateCreated` datetime NOT NULL,
  `dateUpdated` datetime NOT NULL,
  `uid` char(36) COLLATE utf8_unicode_ci NOT NULL DEFAULT '0',
  PRIMARY KEY (`id`),
  KEY `widgets_userId_fk` (`userId`)
) ENGINE=InnoDB AUTO_INCREMENT=6 DEFAULT CHARSET=utf8 COLLATE=utf8_unicode_ci;

--
-- Data for table `widgets`
--

INSERT INTO `widgets` (`id`, `userId`, `type`, `sortOrder`, `settings`, `enabled`, `dateCreated`, `dateUpdated`, `uid`) VALUES ('1', '1', 'QuickPost', '1', '{\"section\":\"2\"}', '1', '2014-07-22 18:49:30', '2014-07-22 18:49:30', 'e92d0dad-8158-40ad-a511-916c8447d431');
INSERT INTO `widgets` (`id`, `userId`, `type`, `sortOrder`, `settings`, `enabled`, `dateCreated`, `dateUpdated`, `uid`) VALUES ('2', '1', 'RecentEntries', '2', NULL, '1', '2014-07-22 18:49:30', '2014-07-22 18:49:30', '04ca20f3-ebe9-4c79-a8d8-38ad2a0e9a9e');
INSERT INTO `widgets` (`id`, `userId`, `type`, `sortOrder`, `settings`, `enabled`, `dateCreated`, `dateUpdated`, `uid`) VALUES ('3', '1', 'GetHelp', '3', NULL, '1', '2014-07-22 18:49:30', '2014-07-22 18:49:30', '583e7649-1384-4ca3-ac9a-e6d6987e2e6a');
INSERT INTO `widgets` (`id`, `userId`, `type`, `sortOrder`, `settings`, `enabled`, `dateCreated`, `dateUpdated`, `uid`) VALUES ('4', '1', 'Updates', '4', NULL, '1', '2014-07-22 18:49:30', '2014-07-22 18:49:30', '389db52d-6075-45f2-809f-3876ddc27cdb');
INSERT INTO `widgets` (`id`, `userId`, `type`, `sortOrder`, `settings`, `enabled`, `dateCreated`, `dateUpdated`, `uid`) VALUES ('5', '1', 'Feed', '5', '{\"url\":\"http:\\/\\/feeds.feedburner.com\\/blogandtonic\",\"title\":\"Blog & Tonic\"}', '1', '2014-07-22 18:49:30', '2014-07-22 18:49:30', '9ba51b66-148f-49b1-8d67-2bf2c5511ec5');


--
-- Constraints for tables
--


--
-- Constraints for table `assetfiles`
--
ALTER TABLE `assetfiles`
	ADD CONSTRAINT `assetfiles_folderId_fk` FOREIGN KEY (`folderId`) REFERENCES `assetfolders` (`id`) ON DELETE CASCADE,
	ADD CONSTRAINT `assetfiles_id_fk` FOREIGN KEY (`id`) REFERENCES `elements` (`id`) ON DELETE CASCADE,
	ADD CONSTRAINT `assetfiles_sourceId_fk` FOREIGN KEY (`sourceId`) REFERENCES `assetsources` (`id`) ON DELETE CASCADE;

--
-- Constraints for table `assetfolders`
--
ALTER TABLE `assetfolders`
	ADD CONSTRAINT `assetfolders_parentId_fk` FOREIGN KEY (`parentId`) REFERENCES `assetfolders` (`id`) ON DELETE CASCADE,
	ADD CONSTRAINT `assetfolders_sourceId_fk` FOREIGN KEY (`sourceId`) REFERENCES `assetsources` (`id`) ON DELETE CASCADE;

--
-- Constraints for table `assetindexdata`
--
ALTER TABLE `assetindexdata`
	ADD CONSTRAINT `assetindexdata_sourceId_fk` FOREIGN KEY (`sourceId`) REFERENCES `assetsources` (`id`) ON DELETE CASCADE;

--
-- Constraints for table `assetsources`
--
ALTER TABLE `assetsources`
	ADD CONSTRAINT `assetsources_fieldLayoutId_fk` FOREIGN KEY (`fieldLayoutId`) REFERENCES `fieldlayouts` (`id`) ON DELETE SET NULL;

--
-- Constraints for table `categories`
--
ALTER TABLE `categories`
	ADD CONSTRAINT `categories_groupId_fk` FOREIGN KEY (`groupId`) REFERENCES `categorygroups` (`id`) ON DELETE CASCADE,
	ADD CONSTRAINT `categories_id_fk` FOREIGN KEY (`id`) REFERENCES `elements` (`id`) ON DELETE CASCADE;

--
-- Constraints for table `categorygroups`
--
ALTER TABLE `categorygroups`
	ADD CONSTRAINT `categorygroups_fieldLayoutId_fk` FOREIGN KEY (`fieldLayoutId`) REFERENCES `fieldlayouts` (`id`) ON DELETE SET NULL,
	ADD CONSTRAINT `categorygroups_structureId_fk` FOREIGN KEY (`structureId`) REFERENCES `structures` (`id`) ON DELETE CASCADE;

--
-- Constraints for table `categorygroups_i18n`
--
ALTER TABLE `categorygroups_i18n`
	ADD CONSTRAINT `categorygroups_i18n_groupId_fk` FOREIGN KEY (`groupId`) REFERENCES `categorygroups` (`id`) ON DELETE CASCADE,
	ADD CONSTRAINT `categorygroups_i18n_locale_fk` FOREIGN KEY (`locale`) REFERENCES `locales` (`locale`) ON DELETE CASCADE ON UPDATE CASCADE;

--
-- Constraints for table `content`
--
ALTER TABLE `content`
	ADD CONSTRAINT `content_elementId_fk` FOREIGN KEY (`elementId`) REFERENCES `elements` (`id`) ON DELETE CASCADE,
	ADD CONSTRAINT `content_locale_fk` FOREIGN KEY (`locale`) REFERENCES `locales` (`locale`) ON DELETE CASCADE ON UPDATE CASCADE;

--
-- Constraints for table `elements_i18n`
--
ALTER TABLE `elements_i18n`
	ADD CONSTRAINT `elements_i18n_elementId_fk` FOREIGN KEY (`elementId`) REFERENCES `elements` (`id`) ON DELETE CASCADE,
	ADD CONSTRAINT `elements_i18n_locale_fk` FOREIGN KEY (`locale`) REFERENCES `locales` (`locale`) ON DELETE CASCADE ON UPDATE CASCADE;

--
-- Constraints for table `emailmessages`
--
ALTER TABLE `emailmessages`
	ADD CONSTRAINT `emailmessages_locale_fk` FOREIGN KEY (`locale`) REFERENCES `locales` (`locale`) ON DELETE CASCADE ON UPDATE CASCADE;

--
-- Constraints for table `entries`
--
ALTER TABLE `entries`
	ADD CONSTRAINT `entries_authorId_fk` FOREIGN KEY (`authorId`) REFERENCES `users` (`id`) ON DELETE CASCADE,
	ADD CONSTRAINT `entries_id_fk` FOREIGN KEY (`id`) REFERENCES `elements` (`id`) ON DELETE CASCADE,
	ADD CONSTRAINT `entries_sectionId_fk` FOREIGN KEY (`sectionId`) REFERENCES `sections` (`id`) ON DELETE CASCADE,
	ADD CONSTRAINT `entries_typeId_fk` FOREIGN KEY (`typeId`) REFERENCES `entrytypes` (`id`) ON DELETE CASCADE;

--
-- Constraints for table `entrydrafts`
--
ALTER TABLE `entrydrafts`
	ADD CONSTRAINT `entrydrafts_creatorId_fk` FOREIGN KEY (`creatorId`) REFERENCES `users` (`id`) ON DELETE CASCADE,
	ADD CONSTRAINT `entrydrafts_entryId_fk` FOREIGN KEY (`entryId`) REFERENCES `entries` (`id`) ON DELETE CASCADE,
	ADD CONSTRAINT `entrydrafts_locale_fk` FOREIGN KEY (`locale`) REFERENCES `locales` (`locale`) ON DELETE CASCADE ON UPDATE CASCADE,
	ADD CONSTRAINT `entrydrafts_sectionId_fk` FOREIGN KEY (`sectionId`) REFERENCES `sections` (`id`) ON DELETE CASCADE;

--
-- Constraints for table `entrytypes`
--
ALTER TABLE `entrytypes`
	ADD CONSTRAINT `entrytypes_fieldLayoutId_fk` FOREIGN KEY (`fieldLayoutId`) REFERENCES `fieldlayouts` (`id`) ON DELETE SET NULL,
	ADD CONSTRAINT `entrytypes_sectionId_fk` FOREIGN KEY (`sectionId`) REFERENCES `sections` (`id`) ON DELETE CASCADE;

--
-- Constraints for table `entryversions`
--
ALTER TABLE `entryversions`
	ADD CONSTRAINT `entryversions_creatorId_fk` FOREIGN KEY (`creatorId`) REFERENCES `users` (`id`) ON DELETE SET NULL,
	ADD CONSTRAINT `entryversions_entryId_fk` FOREIGN KEY (`entryId`) REFERENCES `entries` (`id`) ON DELETE CASCADE,
	ADD CONSTRAINT `entryversions_locale_fk` FOREIGN KEY (`locale`) REFERENCES `locales` (`locale`) ON DELETE CASCADE ON UPDATE CASCADE,
	ADD CONSTRAINT `entryversions_sectionId_fk` FOREIGN KEY (`sectionId`) REFERENCES `sections` (`id`) ON DELETE CASCADE;

--
-- Constraints for table `fieldlayoutfields`
--
ALTER TABLE `fieldlayoutfields`
	ADD CONSTRAINT `fieldlayoutfields_fieldId_fk` FOREIGN KEY (`fieldId`) REFERENCES `fields` (`id`) ON DELETE CASCADE,
	ADD CONSTRAINT `fieldlayoutfields_layoutId_fk` FOREIGN KEY (`layoutId`) REFERENCES `fieldlayouts` (`id`) ON DELETE CASCADE,
	ADD CONSTRAINT `fieldlayoutfields_tabId_fk` FOREIGN KEY (`tabId`) REFERENCES `fieldlayouttabs` (`id`) ON DELETE CASCADE;

--
-- Constraints for table `fieldlayouttabs`
--
ALTER TABLE `fieldlayouttabs`
	ADD CONSTRAINT `fieldlayouttabs_layoutId_fk` FOREIGN KEY (`layoutId`) REFERENCES `fieldlayouts` (`id`) ON DELETE CASCADE;

--
-- Constraints for table `fields`
--
ALTER TABLE `fields`
	ADD CONSTRAINT `fields_groupId_fk` FOREIGN KEY (`groupId`) REFERENCES `fieldgroups` (`id`) ON DELETE CASCADE;

--
-- Constraints for table `globalsets`
--
ALTER TABLE `globalsets`
	ADD CONSTRAINT `globalsets_fieldLayoutId_fk` FOREIGN KEY (`fieldLayoutId`) REFERENCES `fieldlayouts` (`id`) ON DELETE SET NULL,
	ADD CONSTRAINT `globalsets_id_fk` FOREIGN KEY (`id`) REFERENCES `elements` (`id`) ON DELETE CASCADE;

--
-- Constraints for table `matrixblocks`
--
ALTER TABLE `matrixblocks`
	ADD CONSTRAINT `matrixblocks_fieldId_fk` FOREIGN KEY (`fieldId`) REFERENCES `fields` (`id`) ON DELETE CASCADE,
	ADD CONSTRAINT `matrixblocks_id_fk` FOREIGN KEY (`id`) REFERENCES `elements` (`id`) ON DELETE CASCADE,
	ADD CONSTRAINT `matrixblocks_ownerId_fk` FOREIGN KEY (`ownerId`) REFERENCES `elements` (`id`) ON DELETE CASCADE,
	ADD CONSTRAINT `matrixblocks_ownerLocale_fk` FOREIGN KEY (`ownerLocale`) REFERENCES `locales` (`locale`) ON DELETE CASCADE ON UPDATE CASCADE,
	ADD CONSTRAINT `matrixblocks_typeId_fk` FOREIGN KEY (`typeId`) REFERENCES `matrixblocktypes` (`id`) ON DELETE CASCADE;

--
-- Constraints for table `matrixblocktypes`
--
ALTER TABLE `matrixblocktypes`
	ADD CONSTRAINT `matrixblocktypes_fieldId_fk` FOREIGN KEY (`fieldId`) REFERENCES `fields` (`id`) ON DELETE CASCADE,
	ADD CONSTRAINT `matrixblocktypes_fieldLayoutId_fk` FOREIGN KEY (`fieldLayoutId`) REFERENCES `fieldlayouts` (`id`) ON DELETE SET NULL;

--
-- Constraints for table `matrixcontent_social`
--
ALTER TABLE `matrixcontent_social`
	ADD CONSTRAINT `matrixcontent_social_elementId_fk` FOREIGN KEY (`elementId`) REFERENCES `elements` (`id`) ON DELETE CASCADE,
	ADD CONSTRAINT `matrixcontent_social_locale_fk` FOREIGN KEY (`locale`) REFERENCES `locales` (`locale`) ON DELETE CASCADE ON UPDATE CASCADE;

--
-- Constraints for table `migrations`
--
ALTER TABLE `migrations`
	ADD CONSTRAINT `migrations_pluginId_fk` FOREIGN KEY (`pluginId`) REFERENCES `plugins` (`id`) ON DELETE CASCADE;

--
-- Constraints for table `relations`
--
ALTER TABLE `relations`
	ADD CONSTRAINT `relations_fieldId_fk` FOREIGN KEY (`fieldId`) REFERENCES `fields` (`id`) ON DELETE CASCADE,
	ADD CONSTRAINT `relations_sourceId_fk` FOREIGN KEY (`sourceId`) REFERENCES `elements` (`id`) ON DELETE CASCADE,
	ADD CONSTRAINT `relations_sourceLocale_fk` FOREIGN KEY (`sourceLocale`) REFERENCES `locales` (`locale`) ON DELETE CASCADE ON UPDATE CASCADE,
	ADD CONSTRAINT `relations_targetId_fk` FOREIGN KEY (`targetId`) REFERENCES `elements` (`id`) ON DELETE CASCADE;

--
-- Constraints for table `routes`
--
ALTER TABLE `routes`
	ADD CONSTRAINT `routes_locale_fk` FOREIGN KEY (`locale`) REFERENCES `locales` (`locale`) ON DELETE CASCADE ON UPDATE CASCADE;

--
-- Constraints for table `sections`
--
ALTER TABLE `sections`
	ADD CONSTRAINT `sections_structureId_fk` FOREIGN KEY (`structureId`) REFERENCES `structures` (`id`) ON DELETE SET NULL;

--
-- Constraints for table `sections_i18n`
--
ALTER TABLE `sections_i18n`
	ADD CONSTRAINT `sections_i18n_locale_fk` FOREIGN KEY (`locale`) REFERENCES `locales` (`locale`) ON DELETE CASCADE ON UPDATE CASCADE,
	ADD CONSTRAINT `sections_i18n_sectionId_fk` FOREIGN KEY (`sectionId`) REFERENCES `sections` (`id`) ON DELETE CASCADE;

--
-- Constraints for table `sessions`
--
ALTER TABLE `sessions`
	ADD CONSTRAINT `sessions_userId_fk` FOREIGN KEY (`userId`) REFERENCES `users` (`id`) ON DELETE CASCADE;

--
-- Constraints for table `shunnedmessages`
--
ALTER TABLE `shunnedmessages`
	ADD CONSTRAINT `shunnedmessages_userId_fk` FOREIGN KEY (`userId`) REFERENCES `users` (`id`) ON DELETE CASCADE;

--
-- Constraints for table `structureelements`
--
ALTER TABLE `structureelements`
	ADD CONSTRAINT `structureelements_elementId_fk` FOREIGN KEY (`elementId`) REFERENCES `elements` (`id`) ON DELETE CASCADE,
	ADD CONSTRAINT `structureelements_structureId_fk` FOREIGN KEY (`structureId`) REFERENCES `structures` (`id`) ON DELETE CASCADE;

--
-- Constraints for table `taggroups`
--
ALTER TABLE `taggroups`
	ADD CONSTRAINT `taggroups_fieldLayoutId_fk` FOREIGN KEY (`fieldLayoutId`) REFERENCES `fieldlayouts` (`id`) ON DELETE SET NULL;

--
-- Constraints for table `tags`
--
ALTER TABLE `tags`
	ADD CONSTRAINT `tags_groupId_fk` FOREIGN KEY (`groupId`) REFERENCES `taggroups` (`id`) ON DELETE CASCADE,
	ADD CONSTRAINT `tags_id_fk` FOREIGN KEY (`id`) REFERENCES `elements` (`id`) ON DELETE CASCADE;

--
-- Constraints for table `templatecachecriteria`
--
ALTER TABLE `templatecachecriteria`
	ADD CONSTRAINT `templatecachecriteria_cacheId_fk` FOREIGN KEY (`cacheId`) REFERENCES `templatecaches` (`id`) ON DELETE CASCADE;

--
-- Constraints for table `templatecacheelements`
--
ALTER TABLE `templatecacheelements`
	ADD CONSTRAINT `templatecacheelements_cacheId_fk` FOREIGN KEY (`cacheId`) REFERENCES `templatecaches` (`id`) ON DELETE CASCADE,
	ADD CONSTRAINT `templatecacheelements_elementId_fk` FOREIGN KEY (`elementId`) REFERENCES `elements` (`id`) ON DELETE CASCADE;

--
-- Constraints for table `templatecaches`
--
ALTER TABLE `templatecaches`
	ADD CONSTRAINT `templatecaches_locale_fk` FOREIGN KEY (`locale`) REFERENCES `locales` (`locale`) ON DELETE CASCADE ON UPDATE CASCADE;

--
-- Constraints for table `usergroups_users`
--
ALTER TABLE `usergroups_users`
	ADD CONSTRAINT `usergroups_users_groupId_fk` FOREIGN KEY (`groupId`) REFERENCES `usergroups` (`id`) ON DELETE CASCADE,
	ADD CONSTRAINT `usergroups_users_userId_fk` FOREIGN KEY (`userId`) REFERENCES `users` (`id`) ON DELETE CASCADE;

--
-- Constraints for table `userpermissions_usergroups`
--
ALTER TABLE `userpermissions_usergroups`
	ADD CONSTRAINT `userpermissions_usergroups_groupId_fk` FOREIGN KEY (`groupId`) REFERENCES `usergroups` (`id`) ON DELETE CASCADE,
	ADD CONSTRAINT `userpermissions_usergroups_permissionId_fk` FOREIGN KEY (`permissionId`) REFERENCES `userpermissions` (`id`) ON DELETE CASCADE;

--
-- Constraints for table `userpermissions_users`
--
ALTER TABLE `userpermissions_users`
	ADD CONSTRAINT `userpermissions_users_permissionId_fk` FOREIGN KEY (`permissionId`) REFERENCES `userpermissions` (`id`) ON DELETE CASCADE,
	ADD CONSTRAINT `userpermissions_users_userId_fk` FOREIGN KEY (`userId`) REFERENCES `users` (`id`) ON DELETE CASCADE;

--
-- Constraints for table `users`
--
ALTER TABLE `users`
	ADD CONSTRAINT `users_id_fk` FOREIGN KEY (`id`) REFERENCES `elements` (`id`) ON DELETE CASCADE,
	ADD CONSTRAINT `users_preferredLocale_fk` FOREIGN KEY (`preferredLocale`) REFERENCES `locales` (`locale`) ON DELETE SET NULL ON UPDATE CASCADE;

--
-- Constraints for table `widgets`
--
ALTER TABLE `widgets`
	ADD CONSTRAINT `widgets_userId_fk` FOREIGN KEY (`userId`) REFERENCES `users` (`id`) ON DELETE CASCADE;

SET FOREIGN_KEY_CHECKS = 1;
