-- Generated by Craft v2.1.2568 on Aug 19, 2014 4:00:24 PM.

--
-- Disable foreign key checks and autocommit.
--

SET FOREIGN_KEY_CHECKS = 0;
SET SQL_MODE = "NO_AUTO_VALUE_ON_ZERO";
SET AUTOCOMMIT = 0;
SET NAMES utf8;


--
-- Schema for table `assetfiles`
--

DROP TABLE IF EXISTS `assetfiles`;

CREATE TABLE `assetfiles` (
  `id` int(11) NOT NULL,
  `sourceId` int(11) DEFAULT NULL,
  `folderId` int(11) NOT NULL,
  `filename` varchar(255) COLLATE utf8_unicode_ci NOT NULL,
  `kind` varchar(50) COLLATE utf8_unicode_ci NOT NULL DEFAULT 'unknown',
  `width` smallint(6) unsigned DEFAULT NULL,
  `height` smallint(6) unsigned DEFAULT NULL,
  `size` int(11) unsigned DEFAULT NULL,
  `dateModified` datetime DEFAULT NULL,
  `dateCreated` datetime NOT NULL,
  `dateUpdated` datetime NOT NULL,
  `uid` char(36) COLLATE utf8_unicode_ci NOT NULL DEFAULT '0',
  PRIMARY KEY (`id`),
  UNIQUE KEY `assetfiles_filename_folderId_unq_idx` (`filename`,`folderId`),
  KEY `assetfiles_sourceId_fk` (`sourceId`),
  KEY `assetfiles_folderId_fk` (`folderId`)
) ENGINE=InnoDB DEFAULT CHARSET=utf8 COLLATE=utf8_unicode_ci;

--
-- Schema for table `assetfolders`
--

DROP TABLE IF EXISTS `assetfolders`;

CREATE TABLE `assetfolders` (
  `id` int(11) NOT NULL AUTO_INCREMENT,
  `parentId` int(11) DEFAULT NULL,
  `sourceId` int(11) DEFAULT NULL,
  `name` varchar(255) COLLATE utf8_unicode_ci NOT NULL,
  `path` varchar(255) COLLATE utf8_unicode_ci DEFAULT NULL,
  `dateCreated` datetime NOT NULL,
  `dateUpdated` datetime NOT NULL,
  `uid` char(36) COLLATE utf8_unicode_ci NOT NULL DEFAULT '0',
  PRIMARY KEY (`id`),
  UNIQUE KEY `assetfolders_name_parentId_sourceId_unq_idx` (`name`,`parentId`,`sourceId`),
  KEY `assetfolders_parentId_fk` (`parentId`),
  KEY `assetfolders_sourceId_fk` (`sourceId`)
) ENGINE=InnoDB AUTO_INCREMENT=8 DEFAULT CHARSET=utf8 COLLATE=utf8_unicode_ci;

--
-- Data for table `assetfolders`
--

INSERT INTO `assetfolders` (`id`, `parentId`, `sourceId`, `name`, `path`, `dateCreated`, `dateUpdated`, `uid`) VALUES ('1', NULL, '1', 'Post Images', '', '2014-08-18 22:03:55', '2014-08-18 22:03:55', '8df25def-362b-4d36-9eeb-bd99b47a8445');
INSERT INTO `assetfolders` (`id`, `parentId`, `sourceId`, `name`, `path`, `dateCreated`, `dateUpdated`, `uid`) VALUES ('2', NULL, '2', 'Review Images', '', '2014-08-18 22:04:42', '2014-08-18 22:04:42', 'a2415a94-d4d4-4fca-9e7d-9dc16ae65ad3');
INSERT INTO `assetfolders` (`id`, `parentId`, `sourceId`, `name`, `path`, `dateCreated`, `dateUpdated`, `uid`) VALUES ('3', NULL, '3', 'Tutorial Images', '', '2014-08-18 22:05:22', '2014-08-18 22:05:22', '06ae9aed-68fe-4a98-b868-0154c38c3d93');
INSERT INTO `assetfolders` (`id`, `parentId`, `sourceId`, `name`, `path`, `dateCreated`, `dateUpdated`, `uid`) VALUES ('4', NULL, '4', 'Project Images', '', '2014-08-18 22:06:49', '2014-08-18 22:06:49', '86a80b54-a5c4-4a5a-844f-8881a653e232');
INSERT INTO `assetfolders` (`id`, `parentId`, `sourceId`, `name`, `path`, `dateCreated`, `dateUpdated`, `uid`) VALUES ('5', NULL, '5', 'Case Study Images', '', '2014-08-18 22:07:35', '2014-08-18 22:07:35', '0662a28f-46bd-4bdc-96da-87bddfbd3313');
INSERT INTO `assetfolders` (`id`, `parentId`, `sourceId`, `name`, `path`, `dateCreated`, `dateUpdated`, `uid`) VALUES ('6', NULL, '6', 'Team Images', '', '2014-08-18 22:08:23', '2014-08-18 22:08:23', '4f837492-eb08-47de-b425-2aa119829f4e');
INSERT INTO `assetfolders` (`id`, `parentId`, `sourceId`, `name`, `path`, `dateCreated`, `dateUpdated`, `uid`) VALUES ('7', NULL, '7', 'Team Icons', '', '2014-08-18 22:08:57', '2014-08-18 22:08:57', '4e64612c-930d-408f-b95d-8988f97886ab');



--
-- Schema for table `assetindexdata`
--

DROP TABLE IF EXISTS `assetindexdata`;

CREATE TABLE `assetindexdata` (
  `id` int(11) NOT NULL AUTO_INCREMENT,
  `sessionId` varchar(36) COLLATE utf8_unicode_ci NOT NULL DEFAULT '',
  `sourceId` int(11) NOT NULL,
  `offset` int(11) NOT NULL,
  `uri` varchar(255) COLLATE utf8_unicode_ci DEFAULT NULL,
  `size` int(11) DEFAULT NULL,
  `recordId` int(11) DEFAULT NULL,
  `dateCreated` datetime NOT NULL,
  `dateUpdated` datetime NOT NULL,
  `uid` char(36) COLLATE utf8_unicode_ci NOT NULL DEFAULT '0',
  PRIMARY KEY (`id`),
  UNIQUE KEY `assetindexdata_sessionId_sourceId_offset_unq_idx` (`sessionId`,`sourceId`,`offset`),
  KEY `assetindexdata_sourceId_fk` (`sourceId`)
) ENGINE=InnoDB DEFAULT CHARSET=utf8 COLLATE=utf8_unicode_ci;

--
-- Schema for table `assetsources`
--

DROP TABLE IF EXISTS `assetsources`;

CREATE TABLE `assetsources` (
  `id` int(11) NOT NULL AUTO_INCREMENT,
  `name` varchar(255) COLLATE utf8_unicode_ci NOT NULL,
  `type` varchar(150) COLLATE utf8_unicode_ci NOT NULL,
  `settings` text COLLATE utf8_unicode_ci,
  `sortOrder` tinyint(4) DEFAULT NULL,
  `fieldLayoutId` int(11) DEFAULT NULL,
  `dateCreated` datetime NOT NULL,
  `dateUpdated` datetime NOT NULL,
  `uid` char(36) COLLATE utf8_unicode_ci NOT NULL DEFAULT '0',
  PRIMARY KEY (`id`),
  UNIQUE KEY `assetsources_name_unq_idx` (`name`),
  KEY `assetsources_fieldLayoutId_fk` (`fieldLayoutId`)
) ENGINE=InnoDB AUTO_INCREMENT=8 DEFAULT CHARSET=utf8 COLLATE=utf8_unicode_ci;

--
-- Data for table `assetsources`
--

INSERT INTO `assetsources` (`id`, `name`, `type`, `settings`, `sortOrder`, `fieldLayoutId`, `dateCreated`, `dateUpdated`, `uid`) VALUES ('1', 'Post Images', 'Local', '{\"path\":\"images\\/articles\\/posts\\/\",\"url\":\"http:\\/\\/craft.dev\\/images\\/articles\\/posts\\/\"}', '1', '31', '2014-08-18 22:03:55', '2014-08-18 22:11:55', 'ffaf3412-a515-4d54-8b8e-e996603cd913');
INSERT INTO `assetsources` (`id`, `name`, `type`, `settings`, `sortOrder`, `fieldLayoutId`, `dateCreated`, `dateUpdated`, `uid`) VALUES ('2', 'Review Images', 'Local', '{\"path\":\"images\\/articles\\/reviews\\/\",\"url\":\"http:\\/\\/craft.dev\\/images\\/articles\\/reviews\\/\"}', '2', '32', '2014-08-18 22:04:42', '2014-08-18 22:19:11', 'e972a5f3-645e-4dd0-a32b-a2a2164c3a44');
INSERT INTO `assetsources` (`id`, `name`, `type`, `settings`, `sortOrder`, `fieldLayoutId`, `dateCreated`, `dateUpdated`, `uid`) VALUES ('3', 'Tutorial Images', 'Local', '{\"path\":\"images\\/articles\\/tutorials\\/\",\"url\":\"http:\\/\\/craft.dev\\/images\\/articles\\/tutorials\\/\"}', '3', '33', '2014-08-18 22:05:22', '2014-08-18 22:19:24', 'a7aaf0f9-aeb7-4fd9-a077-d2b7bec6dd92');
INSERT INTO `assetsources` (`id`, `name`, `type`, `settings`, `sortOrder`, `fieldLayoutId`, `dateCreated`, `dateUpdated`, `uid`) VALUES ('4', 'Project Images', 'Local', '{\"path\":\"images\\/portfolio\\/projects\\/\",\"url\":\"http:\\/\\/craft.dev\\/images\\/portfolio\\/projects\\/\"}', '4', '34', '2014-08-18 22:06:49', '2014-08-18 22:19:57', '8f78095d-0da0-450d-a618-79ab4551ee2c');
INSERT INTO `assetsources` (`id`, `name`, `type`, `settings`, `sortOrder`, `fieldLayoutId`, `dateCreated`, `dateUpdated`, `uid`) VALUES ('5', 'Case Study Images', 'Local', '{\"path\":\"images\\/portfolio\\/casestudies\\/\",\"url\":\"http:\\/\\/craft.dev\\/images\\/portfolio\\/casestudies\\/\"}', '5', '35', '2014-08-18 22:07:35', '2014-08-18 22:20:09', '332965f2-c833-4df7-8430-e95bfd81e491');
INSERT INTO `assetsources` (`id`, `name`, `type`, `settings`, `sortOrder`, `fieldLayoutId`, `dateCreated`, `dateUpdated`, `uid`) VALUES ('6', 'Team Images', 'Local', '{\"path\":\"images\\/team\\/photos\\/\",\"url\":\"http:\\/\\/craft.dev\\/images\\/team\\/photos\\/\"}', '6', '29', '2014-08-18 22:08:23', '2014-08-18 22:08:23', '0b2de2b9-5716-4816-8625-22a54400b3fa');
INSERT INTO `assetsources` (`id`, `name`, `type`, `settings`, `sortOrder`, `fieldLayoutId`, `dateCreated`, `dateUpdated`, `uid`) VALUES ('7', 'Team Icons', 'Local', '{\"path\":\"images\\/team\\/icons\\/\",\"url\":\"http:\\/\\/craft.dev\\/images\\/team\\/icons\\/\"}', '7', '30', '2014-08-18 22:08:57', '2014-08-18 22:08:57', '571ae4f7-b97d-4963-9322-ea6aab7f9a7f');



--
-- Schema for table `assettransformindex`
--

DROP TABLE IF EXISTS `assettransformindex`;

CREATE TABLE `assettransformindex` (
  `id` int(11) NOT NULL AUTO_INCREMENT,
  `fileId` int(11) NOT NULL,
  `location` varchar(255) COLLATE utf8_unicode_ci NOT NULL,
  `sourceId` int(11) DEFAULT NULL,
  `fileExists` tinyint(1) DEFAULT NULL,
  `inProgress` tinyint(1) DEFAULT NULL,
  `dateIndexed` datetime DEFAULT NULL,
  `dateCreated` datetime NOT NULL,
  `dateUpdated` datetime NOT NULL,
  `uid` char(36) COLLATE utf8_unicode_ci NOT NULL DEFAULT '0',
  PRIMARY KEY (`id`),
  KEY `assettransformindex_sourceId_fileId_location_idx` (`sourceId`,`fileId`,`location`)
) ENGINE=InnoDB DEFAULT CHARSET=utf8 COLLATE=utf8_unicode_ci;

--
-- Schema for table `assettransforms`
--

DROP TABLE IF EXISTS `assettransforms`;

CREATE TABLE `assettransforms` (
  `id` int(11) NOT NULL AUTO_INCREMENT,
  `name` varchar(255) COLLATE utf8_unicode_ci NOT NULL,
  `handle` varchar(255) COLLATE utf8_unicode_ci NOT NULL,
  `mode` enum('stretch','fit','crop') COLLATE utf8_unicode_ci NOT NULL DEFAULT 'crop',
  `position` enum('top-left','top-center','top-right','center-left','center-center','center-right','bottom-left','bottom-center','bottom-right') COLLATE utf8_unicode_ci NOT NULL DEFAULT 'center-center',
  `height` int(11) DEFAULT NULL,
  `width` int(11) DEFAULT NULL,
  `quality` int(11) DEFAULT NULL,
  `dimensionChangeTime` datetime DEFAULT NULL,
  `dateCreated` datetime NOT NULL,
  `dateUpdated` datetime NOT NULL,
  `uid` char(36) COLLATE utf8_unicode_ci NOT NULL DEFAULT '0',
  PRIMARY KEY (`id`),
  UNIQUE KEY `assettransforms_name_unq_idx` (`name`),
  UNIQUE KEY `assettransforms_handle_unq_idx` (`handle`)
) ENGINE=InnoDB DEFAULT CHARSET=utf8 COLLATE=utf8_unicode_ci;

--
-- Schema for table `categories`
--

DROP TABLE IF EXISTS `categories`;

CREATE TABLE `categories` (
  `id` int(11) NOT NULL,
  `groupId` int(11) NOT NULL,
  `dateCreated` datetime NOT NULL,
  `dateUpdated` datetime NOT NULL,
  `uid` char(36) COLLATE utf8_unicode_ci NOT NULL DEFAULT '0',
  PRIMARY KEY (`id`),
  KEY `categories_groupId_fk` (`groupId`)
) ENGINE=InnoDB DEFAULT CHARSET=utf8 COLLATE=utf8_unicode_ci;

--
-- Data for table `categories`
--

INSERT INTO `categories` (`id`, `groupId`, `dateCreated`, `dateUpdated`, `uid`) VALUES ('6', '1', '2014-08-18 22:41:13', '2014-08-18 22:41:13', 'e90f84d1-b1a4-42ba-8176-ec07ca691dbc');
INSERT INTO `categories` (`id`, `groupId`, `dateCreated`, `dateUpdated`, `uid`) VALUES ('7', '1', '2014-08-18 22:41:22', '2014-08-18 22:41:22', '9f145e2d-c984-4a7f-ab94-f84ad94d3ede');
INSERT INTO `categories` (`id`, `groupId`, `dateCreated`, `dateUpdated`, `uid`) VALUES ('8', '1', '2014-08-18 22:41:30', '2014-08-18 22:41:30', 'c8e3ec1b-a9cf-4b9e-83e4-458be9304bac');
INSERT INTO `categories` (`id`, `groupId`, `dateCreated`, `dateUpdated`, `uid`) VALUES ('9', '1', '2014-08-18 22:41:38', '2014-08-18 22:41:38', '821e514b-9546-4ca1-94a5-e3426af760e4');
INSERT INTO `categories` (`id`, `groupId`, `dateCreated`, `dateUpdated`, `uid`) VALUES ('10', '1', '2014-08-18 22:41:48', '2014-08-18 22:41:48', '888f604f-8b9e-4cfa-9710-72db91d4bcba');



--
-- Schema for table `categorygroups`
--

DROP TABLE IF EXISTS `categorygroups`;

CREATE TABLE `categorygroups` (
  `id` int(11) NOT NULL AUTO_INCREMENT,
  `structureId` int(11) NOT NULL,
  `fieldLayoutId` int(11) DEFAULT NULL,
  `name` varchar(255) COLLATE utf8_unicode_ci NOT NULL,
  `handle` varchar(255) COLLATE utf8_unicode_ci NOT NULL,
  `hasUrls` tinyint(1) unsigned NOT NULL DEFAULT '1',
  `template` varchar(500) COLLATE utf8_unicode_ci DEFAULT NULL,
  `dateCreated` datetime NOT NULL,
  `dateUpdated` datetime NOT NULL,
  `uid` char(36) COLLATE utf8_unicode_ci NOT NULL DEFAULT '0',
  PRIMARY KEY (`id`),
  UNIQUE KEY `categorygroups_name_unq_idx` (`name`),
  UNIQUE KEY `categorygroups_handle_unq_idx` (`handle`),
  KEY `categorygroups_structureId_fk` (`structureId`),
  KEY `categorygroups_fieldLayoutId_fk` (`fieldLayoutId`)
) ENGINE=InnoDB AUTO_INCREMENT=2 DEFAULT CHARSET=utf8 COLLATE=utf8_unicode_ci;

--
-- Data for table `categorygroups`
--

INSERT INTO `categorygroups` (`id`, `structureId`, `fieldLayoutId`, `name`, `handle`, `hasUrls`, `template`, `dateCreated`, `dateUpdated`, `uid`) VALUES ('1', '1', '36', 'Articles', 'articles', '1', '', '2014-08-18 22:40:00', '2014-08-18 22:40:00', '24359ab1-93f8-4ada-b661-7ffa34b0ec99');



--
-- Schema for table `categorygroups_i18n`
--

DROP TABLE IF EXISTS `categorygroups_i18n`;

CREATE TABLE `categorygroups_i18n` (
  `id` int(11) NOT NULL AUTO_INCREMENT,
  `groupId` int(11) NOT NULL,
  `locale` char(12) COLLATE utf8_unicode_ci NOT NULL,
  `urlFormat` varchar(255) COLLATE utf8_unicode_ci DEFAULT NULL,
  `nestedUrlFormat` varchar(255) COLLATE utf8_unicode_ci DEFAULT NULL,
  `dateCreated` datetime NOT NULL,
  `dateUpdated` datetime NOT NULL,
  `uid` char(36) COLLATE utf8_unicode_ci NOT NULL DEFAULT '0',
  PRIMARY KEY (`id`),
  UNIQUE KEY `categorygroups_i18n_groupId_locale_unq_idx` (`groupId`,`locale`),
  KEY `categorygroups_i18n_locale_fk` (`locale`)
) ENGINE=InnoDB AUTO_INCREMENT=2 DEFAULT CHARSET=utf8 COLLATE=utf8_unicode_ci;

--
-- Data for table `categorygroups_i18n`
--

INSERT INTO `categorygroups_i18n` (`id`, `groupId`, `locale`, `urlFormat`, `nestedUrlFormat`, `dateCreated`, `dateUpdated`, `uid`) VALUES ('1', '1', 'en_us', 'articles/{slug}', '{parent.uri}/{slug}', '2014-08-18 22:40:00', '2014-08-18 22:40:00', 'c7613614-3bd5-4451-8619-ee5278672cde');



--
-- Schema for table `content`
--

DROP TABLE IF EXISTS `content`;

CREATE TABLE `content` (
  `id` int(11) NOT NULL AUTO_INCREMENT,
  `elementId` int(11) NOT NULL,
  `locale` char(12) COLLATE utf8_unicode_ci NOT NULL,
  `title` varchar(255) COLLATE utf8_unicode_ci DEFAULT NULL,
  `field_subtitle` text COLLATE utf8_unicode_ci,
  `field_body` text COLLATE utf8_unicode_ci,
  `field_position` varchar(50) COLLATE utf8_unicode_ci DEFAULT NULL,
  `field_shortBio` varchar(250) COLLATE utf8_unicode_ci DEFAULT NULL,
  `field_fullBio` text COLLATE utf8_unicode_ci,
  `field_caption` varchar(250) COLLATE utf8_unicode_ci DEFAULT NULL,
  `field_synopsis` varchar(250) COLLATE utf8_unicode_ci DEFAULT NULL,
  `dateCreated` datetime NOT NULL,
  `dateUpdated` datetime NOT NULL,
  `uid` char(36) COLLATE utf8_unicode_ci NOT NULL DEFAULT '0',
  PRIMARY KEY (`id`),
  UNIQUE KEY `content_elementId_locale_unq_idx` (`elementId`,`locale`),
  KEY `content_title_idx` (`title`),
  KEY `content_locale_fk` (`locale`)
) ENGINE=InnoDB AUTO_INCREMENT=12 DEFAULT CHARSET=utf8 COLLATE=utf8_unicode_ci;

--
-- Data for table `content`
--

INSERT INTO `content` (`id`, `elementId`, `locale`, `title`, `field_subtitle`, `field_body`, `field_position`, `field_shortBio`, `field_fullBio`, `field_caption`, `field_synopsis`, `dateCreated`, `dateUpdated`, `uid`) VALUES ('1', '1', 'en_us', NULL, NULL, NULL, NULL, NULL, NULL, NULL, NULL, '2014-07-22 18:49:16', '2014-07-22 18:51:07', '3775ffde-f780-4d1b-a821-a2aca200484f');
INSERT INTO `content` (`id`, `elementId`, `locale`, `title`, `field_subtitle`, `field_body`, `field_position`, `field_shortBio`, `field_fullBio`, `field_caption`, `field_synopsis`, `dateCreated`, `dateUpdated`, `uid`) VALUES ('2', '2', 'en_us', 'Home', 'Welcome to Craft.dev!', '<p>It’s true, this site doesn’t have a whole lot of content yet, but don’t worry. Our web developers have just installed the CMS, and they’re setting things up for the content editors this very moment. Soon Craft.dev will be an oasis of fresh perspectives, sharp analyses, and astute opinions that will keep you coming back again and again.</p>', NULL, NULL, NULL, NULL, NULL, '2014-07-22 18:49:19', '2014-07-24 14:30:58', '813645b4-bdaf-4d9d-99d8-e19567d5946c');
INSERT INTO `content` (`id`, `elementId`, `locale`, `title`, `field_subtitle`, `field_body`, `field_position`, `field_shortBio`, `field_fullBio`, `field_caption`, `field_synopsis`, `dateCreated`, `dateUpdated`, `uid`) VALUES ('5', '4', 'en_us', 'Contact', NULL, NULL, NULL, NULL, NULL, NULL, NULL, '2014-07-24 15:00:04', '2014-07-24 15:00:04', '63707938-9263-4678-8c54-095a11b942a9');
INSERT INTO `content` (`id`, `elementId`, `locale`, `title`, `field_subtitle`, `field_body`, `field_position`, `field_shortBio`, `field_fullBio`, `field_caption`, `field_synopsis`, `dateCreated`, `dateUpdated`, `uid`) VALUES ('6', '5', 'en_us', 'About Us', NULL, NULL, NULL, NULL, NULL, NULL, NULL, '2014-08-13 16:36:09', '2014-08-13 16:36:31', 'd8e5f8ca-d71c-4745-a257-2cf3f7db9f16');
INSERT INTO `content` (`id`, `elementId`, `locale`, `title`, `field_subtitle`, `field_body`, `field_position`, `field_shortBio`, `field_fullBio`, `field_caption`, `field_synopsis`, `dateCreated`, `dateUpdated`, `uid`) VALUES ('7', '6', 'en_us', 'UX', NULL, NULL, NULL, NULL, NULL, NULL, NULL, '2014-08-18 22:41:13', '2014-08-18 22:41:13', '68ef545e-b8ea-44c6-82e7-3de6ec660dd9');
INSERT INTO `content` (`id`, `elementId`, `locale`, `title`, `field_subtitle`, `field_body`, `field_position`, `field_shortBio`, `field_fullBio`, `field_caption`, `field_synopsis`, `dateCreated`, `dateUpdated`, `uid`) VALUES ('8', '7', 'en_us', 'Design', NULL, NULL, NULL, NULL, NULL, NULL, NULL, '2014-08-18 22:41:21', '2014-08-18 22:41:21', '380e4f24-cb31-47e9-a787-10b8ce8712f3');
INSERT INTO `content` (`id`, `elementId`, `locale`, `title`, `field_subtitle`, `field_body`, `field_position`, `field_shortBio`, `field_fullBio`, `field_caption`, `field_synopsis`, `dateCreated`, `dateUpdated`, `uid`) VALUES ('9', '8', 'en_us', 'Technology', NULL, NULL, NULL, NULL, NULL, NULL, NULL, '2014-08-18 22:41:30', '2014-08-18 22:41:30', '8542cb49-2ffd-4ef5-afa3-5089af26e5bb');
INSERT INTO `content` (`id`, `elementId`, `locale`, `title`, `field_subtitle`, `field_body`, `field_position`, `field_shortBio`, `field_fullBio`, `field_caption`, `field_synopsis`, `dateCreated`, `dateUpdated`, `uid`) VALUES ('10', '9', 'en_us', 'Strategy', NULL, NULL, NULL, NULL, NULL, NULL, NULL, '2014-08-18 22:41:38', '2014-08-18 22:41:38', '17cc1271-0c64-4bc4-8572-86cb78935c0f');
INSERT INTO `content` (`id`, `elementId`, `locale`, `title`, `field_subtitle`, `field_body`, `field_position`, `field_shortBio`, `field_fullBio`, `field_caption`, `field_synopsis`, `dateCreated`, `dateUpdated`, `uid`) VALUES ('11', '10', 'en_us', 'News', NULL, NULL, NULL, NULL, NULL, NULL, NULL, '2014-08-18 22:41:48', '2014-08-18 22:41:48', '20cbab70-ddd7-4bf2-ba86-baff0b7dee6a');



--
-- Schema for table `deprecationerrors`
--

DROP TABLE IF EXISTS `deprecationerrors`;

CREATE TABLE `deprecationerrors` (
  `id` int(11) NOT NULL AUTO_INCREMENT,
  `key` varchar(255) COLLATE utf8_unicode_ci NOT NULL,
  `fingerprint` varchar(255) COLLATE utf8_unicode_ci NOT NULL,
  `lastOccurrence` datetime NOT NULL,
  `file` varchar(255) COLLATE utf8_unicode_ci NOT NULL,
  `line` smallint(6) unsigned NOT NULL,
  `class` varchar(255) COLLATE utf8_unicode_ci DEFAULT NULL,
  `method` varchar(255) COLLATE utf8_unicode_ci DEFAULT NULL,
  `template` varchar(255) COLLATE utf8_unicode_ci DEFAULT NULL,
  `templateLine` smallint(6) unsigned DEFAULT NULL,
  `message` varchar(255) COLLATE utf8_unicode_ci DEFAULT NULL,
  `traces` text COLLATE utf8_unicode_ci,
  `dateCreated` datetime NOT NULL,
  `dateUpdated` datetime NOT NULL,
  `uid` char(36) COLLATE utf8_unicode_ci NOT NULL DEFAULT '0',
  PRIMARY KEY (`id`),
  UNIQUE KEY `deprecationerrors_key_fingerprint_unq_idx` (`key`,`fingerprint`)
) ENGINE=InnoDB DEFAULT CHARSET=utf8 COLLATE=utf8_unicode_ci;

--
-- Schema for table `elements`
--

DROP TABLE IF EXISTS `elements`;

CREATE TABLE `elements` (
  `id` int(11) NOT NULL AUTO_INCREMENT,
  `type` varchar(150) COLLATE utf8_unicode_ci NOT NULL,
  `enabled` tinyint(1) unsigned NOT NULL DEFAULT '1',
  `archived` tinyint(1) unsigned NOT NULL DEFAULT '0',
  `dateCreated` datetime NOT NULL,
  `dateUpdated` datetime NOT NULL,
  `uid` char(36) COLLATE utf8_unicode_ci NOT NULL DEFAULT '0',
  PRIMARY KEY (`id`),
  KEY `elements_type_idx` (`type`),
  KEY `elements_enabled_idx` (`enabled`),
  KEY `elements_archived_idx` (`archived`)
) ENGINE=InnoDB AUTO_INCREMENT=11 DEFAULT CHARSET=utf8 COLLATE=utf8_unicode_ci;

--
-- Data for table `elements`
--

INSERT INTO `elements` (`id`, `type`, `enabled`, `archived`, `dateCreated`, `dateUpdated`, `uid`) VALUES ('1', 'User', '1', '0', '2014-07-22 18:49:16', '2014-07-22 18:51:07', 'f22122c2-99a8-44ab-8b6b-2f28eb12b91f');
INSERT INTO `elements` (`id`, `type`, `enabled`, `archived`, `dateCreated`, `dateUpdated`, `uid`) VALUES ('2', 'Entry', '1', '0', '2014-07-22 18:49:19', '2014-07-24 14:30:58', 'a261ef94-528a-4ceb-95a9-099f7560301e');
INSERT INTO `elements` (`id`, `type`, `enabled`, `archived`, `dateCreated`, `dateUpdated`, `uid`) VALUES ('4', 'Entry', '1', '0', '2014-07-24 15:00:04', '2014-07-24 15:00:04', '90e2a719-178e-40a6-9d0c-c8e59fd05b1f');
INSERT INTO `elements` (`id`, `type`, `enabled`, `archived`, `dateCreated`, `dateUpdated`, `uid`) VALUES ('5', 'Entry', '1', '0', '2014-08-13 16:36:09', '2014-08-13 16:36:31', 'a54c3282-bc77-4fa3-be22-57b7effed868');
INSERT INTO `elements` (`id`, `type`, `enabled`, `archived`, `dateCreated`, `dateUpdated`, `uid`) VALUES ('6', 'Category', '1', '0', '2014-08-18 22:41:13', '2014-08-18 22:41:13', 'a735f22d-c3a3-4ea7-b57f-9079d03269bc');
INSERT INTO `elements` (`id`, `type`, `enabled`, `archived`, `dateCreated`, `dateUpdated`, `uid`) VALUES ('7', 'Category', '1', '0', '2014-08-18 22:41:21', '2014-08-18 22:41:21', '4f5cb6fb-0f29-41d7-9158-ac0bc5ce3975');
INSERT INTO `elements` (`id`, `type`, `enabled`, `archived`, `dateCreated`, `dateUpdated`, `uid`) VALUES ('8', 'Category', '1', '0', '2014-08-18 22:41:30', '2014-08-18 22:41:30', '99c29656-f12e-471d-9a27-8de987d5b555');
INSERT INTO `elements` (`id`, `type`, `enabled`, `archived`, `dateCreated`, `dateUpdated`, `uid`) VALUES ('9', 'Category', '1', '0', '2014-08-18 22:41:38', '2014-08-18 22:41:38', 'ec396f02-1421-4940-9d5e-7937dd87115e');
INSERT INTO `elements` (`id`, `type`, `enabled`, `archived`, `dateCreated`, `dateUpdated`, `uid`) VALUES ('10', 'Category', '1', '0', '2014-08-18 22:41:48', '2014-08-18 22:41:48', 'c88d7fe6-9569-478c-9e93-dc5eff589b83');



--
-- Schema for table `elements_i18n`
--

DROP TABLE IF EXISTS `elements_i18n`;

CREATE TABLE `elements_i18n` (
  `id` int(11) NOT NULL AUTO_INCREMENT,
  `elementId` int(11) NOT NULL,
  `locale` char(12) COLLATE utf8_unicode_ci NOT NULL,
  `slug` varchar(255) COLLATE utf8_unicode_ci DEFAULT NULL,
  `uri` varchar(255) COLLATE utf8_unicode_ci DEFAULT NULL,
  `enabled` tinyint(1) unsigned NOT NULL DEFAULT '1',
  `dateCreated` datetime NOT NULL,
  `dateUpdated` datetime NOT NULL,
  `uid` char(36) COLLATE utf8_unicode_ci NOT NULL DEFAULT '0',
  PRIMARY KEY (`id`),
  UNIQUE KEY `elements_i18n_elementId_locale_unq_idx` (`elementId`,`locale`),
  UNIQUE KEY `elements_i18n_uri_locale_unq_idx` (`uri`,`locale`),
  KEY `elements_i18n_slug_locale_idx` (`slug`,`locale`),
  KEY `elements_i18n_enabled_idx` (`enabled`),
  KEY `elements_i18n_locale_fk` (`locale`)
) ENGINE=InnoDB AUTO_INCREMENT=12 DEFAULT CHARSET=utf8 COLLATE=utf8_unicode_ci;

--
-- Data for table `elements_i18n`
--

INSERT INTO `elements_i18n` (`id`, `elementId`, `locale`, `slug`, `uri`, `enabled`, `dateCreated`, `dateUpdated`, `uid`) VALUES ('1', '1', 'en_us', '', NULL, '1', '2014-07-22 18:49:16', '2014-07-22 18:51:07', 'ad027aaf-e882-479f-91a7-fc741287bfd8');
INSERT INTO `elements_i18n` (`id`, `elementId`, `locale`, `slug`, `uri`, `enabled`, `dateCreated`, `dateUpdated`, `uid`) VALUES ('2', '2', 'en_us', 'homepage', '__home__', '1', '2014-07-22 18:49:19', '2014-07-24 14:30:59', '2a2b9df7-34f6-45cb-a6da-45bf5799c100');
INSERT INTO `elements_i18n` (`id`, `elementId`, `locale`, `slug`, `uri`, `enabled`, `dateCreated`, `dateUpdated`, `uid`) VALUES ('5', '4', 'en_us', 'contact', 'contact', '1', '2014-07-24 15:00:04', '2014-07-24 15:00:04', '848fd739-cecf-42d3-952c-26c2021e51af');
INSERT INTO `elements_i18n` (`id`, `elementId`, `locale`, `slug`, `uri`, `enabled`, `dateCreated`, `dateUpdated`, `uid`) VALUES ('6', '5', 'en_us', 'about', 'about', '1', '2014-08-13 16:36:09', '2014-08-13 16:36:31', '548aabcf-d480-4ad6-8da9-91937224d0cc');
INSERT INTO `elements_i18n` (`id`, `elementId`, `locale`, `slug`, `uri`, `enabled`, `dateCreated`, `dateUpdated`, `uid`) VALUES ('7', '6', 'en_us', 'ux', 'articles/ux', '1', '2014-08-18 22:41:13', '2014-08-18 22:41:14', '92927f78-c947-4b90-b7e8-186e8149bd81');
INSERT INTO `elements_i18n` (`id`, `elementId`, `locale`, `slug`, `uri`, `enabled`, `dateCreated`, `dateUpdated`, `uid`) VALUES ('8', '7', 'en_us', 'design', 'articles/design', '1', '2014-08-18 22:41:22', '2014-08-18 22:41:22', '6979300c-54cd-4d4f-abf0-5b8d1a1969dd');
INSERT INTO `elements_i18n` (`id`, `elementId`, `locale`, `slug`, `uri`, `enabled`, `dateCreated`, `dateUpdated`, `uid`) VALUES ('9', '8', 'en_us', 'technology', 'articles/technology', '1', '2014-08-18 22:41:30', '2014-08-18 22:41:31', '447cbf90-c3ce-4c06-a258-c32cf8d11ffc');
INSERT INTO `elements_i18n` (`id`, `elementId`, `locale`, `slug`, `uri`, `enabled`, `dateCreated`, `dateUpdated`, `uid`) VALUES ('10', '9', 'en_us', 'strategy', 'articles/strategy', '1', '2014-08-18 22:41:38', '2014-08-18 22:41:38', '1c2edce8-18e6-4397-aeac-f98164e97be3');
INSERT INTO `elements_i18n` (`id`, `elementId`, `locale`, `slug`, `uri`, `enabled`, `dateCreated`, `dateUpdated`, `uid`) VALUES ('11', '10', 'en_us', 'news', 'articles/news', '1', '2014-08-18 22:41:48', '2014-08-18 22:41:48', '7d748ce3-de96-4cbf-8208-224df1f6d4c8');



--
-- Schema for table `emailmessages`
--

DROP TABLE IF EXISTS `emailmessages`;

CREATE TABLE `emailmessages` (
  `id` int(11) NOT NULL AUTO_INCREMENT,
  `key` char(150) COLLATE utf8_unicode_ci NOT NULL,
  `locale` char(12) COLLATE utf8_unicode_ci NOT NULL,
  `subject` varchar(1000) COLLATE utf8_unicode_ci NOT NULL,
  `body` text COLLATE utf8_unicode_ci NOT NULL,
  `dateCreated` datetime NOT NULL,
  `dateUpdated` datetime NOT NULL,
  `uid` char(36) COLLATE utf8_unicode_ci NOT NULL DEFAULT '0',
  PRIMARY KEY (`id`),
  UNIQUE KEY `emailmessages_key_locale_unq_idx` (`key`,`locale`),
  KEY `emailmessages_locale_fk` (`locale`)
) ENGINE=InnoDB DEFAULT CHARSET=utf8 COLLATE=utf8_unicode_ci;

--
-- Schema for table `entries`
--

DROP TABLE IF EXISTS `entries`;

CREATE TABLE `entries` (
  `id` int(11) NOT NULL,
  `sectionId` int(11) NOT NULL,
  `typeId` int(11) DEFAULT NULL,
  `authorId` int(11) DEFAULT NULL,
  `postDate` datetime DEFAULT NULL,
  `expiryDate` datetime DEFAULT NULL,
  `dateCreated` datetime NOT NULL,
  `dateUpdated` datetime NOT NULL,
  `uid` char(36) COLLATE utf8_unicode_ci NOT NULL DEFAULT '0',
  PRIMARY KEY (`id`),
  KEY `entries_sectionId_idx` (`sectionId`),
  KEY `entries_typeId_idx` (`typeId`),
  KEY `entries_postDate_idx` (`postDate`),
  KEY `entries_expiryDate_idx` (`expiryDate`),
  KEY `entries_authorId_fk` (`authorId`)
) ENGINE=InnoDB DEFAULT CHARSET=utf8 COLLATE=utf8_unicode_ci;

--
-- Data for table `entries`
--

INSERT INTO `entries` (`id`, `sectionId`, `typeId`, `authorId`, `postDate`, `expiryDate`, `dateCreated`, `dateUpdated`, `uid`) VALUES ('2', '1', '1', NULL, '2014-07-24 14:30:56', NULL, '2014-07-22 18:49:19', '2014-07-24 14:30:56', '87d9d9ea-6cd2-43ad-b493-e41a4ca4faad');
INSERT INTO `entries` (`id`, `sectionId`, `typeId`, `authorId`, `postDate`, `expiryDate`, `dateCreated`, `dateUpdated`, `uid`) VALUES ('4', '6', '6', NULL, '2014-07-24 15:00:04', NULL, '2014-07-24 15:00:04', '2014-07-24 15:00:04', '8b3ab3d4-3f68-4153-a322-ddda3d34e7b3');
INSERT INTO `entries` (`id`, `sectionId`, `typeId`, `authorId`, `postDate`, `expiryDate`, `dateCreated`, `dateUpdated`, `uid`) VALUES ('5', '5', '5', NULL, '2014-08-13 16:36:29', NULL, '2014-08-13 16:36:09', '2014-08-13 16:36:29', '89b34173-92cd-4d68-808f-93c17df32e2e');



--
-- Schema for table `entrydrafts`
--

DROP TABLE IF EXISTS `entrydrafts`;

CREATE TABLE `entrydrafts` (
  `id` int(11) NOT NULL AUTO_INCREMENT,
  `entryId` int(11) NOT NULL,
  `sectionId` int(11) NOT NULL,
  `creatorId` int(11) NOT NULL,
  `locale` char(12) COLLATE utf8_unicode_ci NOT NULL,
  `name` varchar(255) COLLATE utf8_unicode_ci NOT NULL,
  `notes` tinytext COLLATE utf8_unicode_ci,
  `data` mediumtext COLLATE utf8_unicode_ci NOT NULL,
  `dateCreated` datetime NOT NULL,
  `dateUpdated` datetime NOT NULL,
  `uid` char(36) COLLATE utf8_unicode_ci NOT NULL DEFAULT '0',
  PRIMARY KEY (`id`),
  KEY `entrydrafts_entryId_locale_idx` (`entryId`,`locale`),
  KEY `entrydrafts_sectionId_fk` (`sectionId`),
  KEY `entrydrafts_creatorId_fk` (`creatorId`),
  KEY `entrydrafts_locale_fk` (`locale`)
) ENGINE=InnoDB DEFAULT CHARSET=utf8 COLLATE=utf8_unicode_ci;

--
-- Schema for table `entrytypes`
--

DROP TABLE IF EXISTS `entrytypes`;

CREATE TABLE `entrytypes` (
  `id` int(11) NOT NULL AUTO_INCREMENT,
  `sectionId` int(11) NOT NULL,
  `fieldLayoutId` int(11) DEFAULT NULL,
  `name` varchar(255) COLLATE utf8_unicode_ci NOT NULL,
  `handle` varchar(255) COLLATE utf8_unicode_ci NOT NULL,
  `hasTitleField` tinyint(1) unsigned NOT NULL DEFAULT '1',
  `titleLabel` varchar(255) COLLATE utf8_unicode_ci DEFAULT 'Title',
  `titleFormat` varchar(255) COLLATE utf8_unicode_ci DEFAULT NULL,
  `sortOrder` tinyint(4) DEFAULT NULL,
  `dateCreated` datetime NOT NULL,
  `dateUpdated` datetime NOT NULL,
  `uid` char(36) COLLATE utf8_unicode_ci NOT NULL DEFAULT '0',
  PRIMARY KEY (`id`),
  UNIQUE KEY `entrytypes_name_sectionId_unq_idx` (`name`,`sectionId`),
  UNIQUE KEY `entrytypes_handle_sectionId_unq_idx` (`handle`,`sectionId`),
  KEY `entrytypes_sectionId_fk` (`sectionId`),
  KEY `entrytypes_fieldLayoutId_fk` (`fieldLayoutId`)
) ENGINE=InnoDB AUTO_INCREMENT=11 DEFAULT CHARSET=utf8 COLLATE=utf8_unicode_ci;

--
-- Data for table `entrytypes`
--

INSERT INTO `entrytypes` (`id`, `sectionId`, `fieldLayoutId`, `name`, `handle`, `hasTitleField`, `titleLabel`, `titleFormat`, `sortOrder`, `dateCreated`, `dateUpdated`, `uid`) VALUES ('1', '1', '3', 'Homepage', 'homepage', '1', 'Title', NULL, NULL, '2014-07-22 18:49:19', '2014-07-22 18:49:19', '4c368c34-84c9-4c94-b488-3358e69c21ca');
INSERT INTO `entrytypes` (`id`, `sectionId`, `fieldLayoutId`, `name`, `handle`, `hasTitleField`, `titleLabel`, `titleFormat`, `sortOrder`, `dateCreated`, `dateUpdated`, `uid`) VALUES ('3', '3', '37', 'Quick Post', 'quick', '1', 'Title', NULL, NULL, '2014-07-24 14:33:27', '2014-08-18 22:48:16', '1648f34e-bbd9-4fea-9881-7ee5d6d7a28e');
INSERT INTO `entrytypes` (`id`, `sectionId`, `fieldLayoutId`, `name`, `handle`, `hasTitleField`, `titleLabel`, `titleFormat`, `sortOrder`, `dateCreated`, `dateUpdated`, `uid`) VALUES ('4', '4', '18', 'Project', 'project', '1', 'Title', NULL, NULL, '2014-07-24 14:33:51', '2014-08-13 16:46:00', '76807bde-6a60-4f05-9ea0-aa46fbbbd54c');
INSERT INTO `entrytypes` (`id`, `sectionId`, `fieldLayoutId`, `name`, `handle`, `hasTitleField`, `titleLabel`, `titleFormat`, `sortOrder`, `dateCreated`, `dateUpdated`, `uid`) VALUES ('5', '5', '8', 'About Us', 'about', '1', 'Title', NULL, NULL, '2014-07-24 14:58:19', '2014-07-24 14:58:19', '3913ad63-ff14-4ebc-a041-74b8af49dbc0');
INSERT INTO `entrytypes` (`id`, `sectionId`, `fieldLayoutId`, `name`, `handle`, `hasTitleField`, `titleLabel`, `titleFormat`, `sortOrder`, `dateCreated`, `dateUpdated`, `uid`) VALUES ('6', '6', '9', 'Contact', 'contact', '1', 'Title', NULL, NULL, '2014-07-24 15:00:04', '2014-07-24 15:00:04', '9d184953-7690-4d16-9545-ba129da51887');
INSERT INTO `entrytypes` (`id`, `sectionId`, `fieldLayoutId`, `name`, `handle`, `hasTitleField`, `titleLabel`, `titleFormat`, `sortOrder`, `dateCreated`, `dateUpdated`, `uid`) VALUES ('7', '3', '38', 'Standard', 'standard', '1', 'Title', NULL, NULL, '2014-08-13 16:44:28', '2014-08-18 22:48:43', '6d88eaee-3a87-4458-afd4-4e3bd6274f6e');
INSERT INTO `entrytypes` (`id`, `sectionId`, `fieldLayoutId`, `name`, `handle`, `hasTitleField`, `titleLabel`, `titleFormat`, `sortOrder`, `dateCreated`, `dateUpdated`, `uid`) VALUES ('8', '3', '39', 'Review', 'review', '1', 'Title', NULL, NULL, '2014-08-13 16:44:44', '2014-08-18 22:49:12', '49778512-c90b-42e5-aba7-4aae2a8fb913');
INSERT INTO `entrytypes` (`id`, `sectionId`, `fieldLayoutId`, `name`, `handle`, `hasTitleField`, `titleLabel`, `titleFormat`, `sortOrder`, `dateCreated`, `dateUpdated`, `uid`) VALUES ('9', '3', '40', 'Tutorial', 'tutorial', '1', 'Title', NULL, NULL, '2014-08-13 16:44:58', '2014-08-18 22:49:37', '3eaeff27-9a8a-46cd-847f-b5c47afc2baa');
INSERT INTO `entrytypes` (`id`, `sectionId`, `fieldLayoutId`, `name`, `handle`, `hasTitleField`, `titleLabel`, `titleFormat`, `sortOrder`, `dateCreated`, `dateUpdated`, `uid`) VALUES ('10', '4', '19', 'Case Study', 'caseStudy', '1', 'Title', NULL, NULL, '2014-08-13 16:46:18', '2014-08-13 16:46:18', 'f36d1897-9c60-4ca7-9afe-46922616d235');



--
-- Schema for table `entryversions`
--

DROP TABLE IF EXISTS `entryversions`;

CREATE TABLE `entryversions` (
  `id` int(11) NOT NULL AUTO_INCREMENT,
  `entryId` int(11) NOT NULL,
  `sectionId` int(11) NOT NULL,
  `creatorId` int(11) DEFAULT NULL,
  `locale` char(12) COLLATE utf8_unicode_ci NOT NULL,
  `num` smallint(6) unsigned NOT NULL,
  `notes` tinytext COLLATE utf8_unicode_ci,
  `data` mediumtext COLLATE utf8_unicode_ci NOT NULL,
  `dateCreated` datetime NOT NULL,
  `dateUpdated` datetime NOT NULL,
  `uid` char(36) COLLATE utf8_unicode_ci NOT NULL DEFAULT '0',
  PRIMARY KEY (`id`),
  KEY `entryversions_entryId_locale_idx` (`entryId`,`locale`),
  KEY `entryversions_sectionId_fk` (`sectionId`),
  KEY `entryversions_creatorId_fk` (`creatorId`),
  KEY `entryversions_locale_fk` (`locale`)
) ENGINE=InnoDB DEFAULT CHARSET=utf8 COLLATE=utf8_unicode_ci;

--
-- Schema for table `fieldgroups`
--

DROP TABLE IF EXISTS `fieldgroups`;

CREATE TABLE `fieldgroups` (
  `id` int(11) NOT NULL AUTO_INCREMENT,
  `name` varchar(255) COLLATE utf8_unicode_ci NOT NULL,
  `dateCreated` datetime NOT NULL,
  `dateUpdated` datetime NOT NULL,
  `uid` char(36) COLLATE utf8_unicode_ci NOT NULL DEFAULT '0',
  PRIMARY KEY (`id`),
  UNIQUE KEY `fieldgroups_name_unq_idx` (`name`)
) ENGINE=InnoDB AUTO_INCREMENT=6 DEFAULT CHARSET=utf8 COLLATE=utf8_unicode_ci;

--
-- Data for table `fieldgroups`
--

INSERT INTO `fieldgroups` (`id`, `name`, `dateCreated`, `dateUpdated`, `uid`) VALUES ('1', 'Default', '2014-07-22 18:49:19', '2014-07-22 18:49:19', '691b804c-6dee-44df-9bf8-0c8237a66312');
INSERT INTO `fieldgroups` (`id`, `name`, `dateCreated`, `dateUpdated`, `uid`) VALUES ('2', 'Article', '2014-08-18 19:52:27', '2014-08-18 19:52:27', '5fdcf2d5-9a16-48b7-ade4-d0f4c99e7c4b');
INSERT INTO `fieldgroups` (`id`, `name`, `dateCreated`, `dateUpdated`, `uid`) VALUES ('3', 'Portfolio', '2014-08-18 19:53:24', '2014-08-18 19:53:24', '02137f60-6cf4-4b50-8b22-3be25dffbf3e');
INSERT INTO `fieldgroups` (`id`, `name`, `dateCreated`, `dateUpdated`, `uid`) VALUES ('4', 'Team', '2014-08-18 19:57:57', '2014-08-18 19:57:57', '19bc9aec-48cd-48c4-bf25-e79719428c83');
INSERT INTO `fieldgroups` (`id`, `name`, `dateCreated`, `dateUpdated`, `uid`) VALUES ('5', 'Images', '2014-08-18 22:10:22', '2014-08-18 22:10:22', 'f076b52c-1fd2-4a17-8cf4-2d0bb592bcc1');



--
-- Schema for table `fieldlayoutfields`
--

DROP TABLE IF EXISTS `fieldlayoutfields`;

CREATE TABLE `fieldlayoutfields` (
  `id` int(11) NOT NULL AUTO_INCREMENT,
  `layoutId` int(11) NOT NULL,
  `tabId` int(11) DEFAULT NULL,
  `fieldId` int(11) NOT NULL,
  `required` tinyint(1) unsigned NOT NULL DEFAULT '0',
  `sortOrder` tinyint(4) DEFAULT NULL,
  `dateCreated` datetime NOT NULL,
  `dateUpdated` datetime NOT NULL,
  `uid` char(36) COLLATE utf8_unicode_ci NOT NULL DEFAULT '0',
  PRIMARY KEY (`id`),
  UNIQUE KEY `fieldlayoutfields_layoutId_fieldId_unq_idx` (`layoutId`,`fieldId`),
  KEY `fieldlayoutfields_sortOrder_idx` (`sortOrder`),
  KEY `fieldlayoutfields_tabId_fk` (`tabId`),
  KEY `fieldlayoutfields_fieldId_fk` (`fieldId`)
) ENGINE=InnoDB AUTO_INCREMENT=35 DEFAULT CHARSET=utf8 COLLATE=utf8_unicode_ci;

--
-- Data for table `fieldlayoutfields`
--

INSERT INTO `fieldlayoutfields` (`id`, `layoutId`, `tabId`, `fieldId`, `required`, `sortOrder`, `dateCreated`, `dateUpdated`, `uid`) VALUES ('1', '3', '1', '1', '1', '1', '2014-07-22 18:49:19', '2014-07-22 18:49:19', 'c37d8dd5-ea6f-4ffa-a333-0d2f548dba90');
INSERT INTO `fieldlayoutfields` (`id`, `layoutId`, `tabId`, `fieldId`, `required`, `sortOrder`, `dateCreated`, `dateUpdated`, `uid`) VALUES ('2', '3', '1', '2', '1', '2', '2014-07-22 18:49:19', '2014-07-22 18:49:19', 'cabe0def-39d0-4193-a297-59dd887bbc25');
INSERT INTO `fieldlayoutfields` (`id`, `layoutId`, `tabId`, `fieldId`, `required`, `sortOrder`, `dateCreated`, `dateUpdated`, `uid`) VALUES ('3', '5', '2', '2', '1', '1', '2014-07-22 18:49:19', '2014-07-22 18:49:19', '334488c0-a83c-4641-8ed9-a82504739561');
INSERT INTO `fieldlayoutfields` (`id`, `layoutId`, `tabId`, `fieldId`, `required`, `sortOrder`, `dateCreated`, `dateUpdated`, `uid`) VALUES ('4', '5', '2', '3', '0', '2', '2014-07-22 18:49:19', '2014-07-22 18:49:19', '36602b66-daa9-4334-b349-b30de918c6f8');
INSERT INTO `fieldlayoutfields` (`id`, `layoutId`, `tabId`, `fieldId`, `required`, `sortOrder`, `dateCreated`, `dateUpdated`, `uid`) VALUES ('5', '22', NULL, '11', '0', '1', '2014-08-18 21:09:54', '2014-08-18 21:09:54', '1f0a266e-b1f9-4b3d-adbb-085046bfd454');
INSERT INTO `fieldlayoutfields` (`id`, `layoutId`, `tabId`, `fieldId`, `required`, `sortOrder`, `dateCreated`, `dateUpdated`, `uid`) VALUES ('6', '22', NULL, '12', '0', '2', '2014-08-18 21:09:54', '2014-08-18 21:09:54', '8110f1a7-695c-4b76-872a-8e7fa099e546');
INSERT INTO `fieldlayoutfields` (`id`, `layoutId`, `tabId`, `fieldId`, `required`, `sortOrder`, `dateCreated`, `dateUpdated`, `uid`) VALUES ('7', '22', NULL, '13', '0', '3', '2014-08-18 21:09:54', '2014-08-18 21:09:54', '6f1026e0-0b00-47d8-a3bc-00b3f1093fd0');
INSERT INTO `fieldlayoutfields` (`id`, `layoutId`, `tabId`, `fieldId`, `required`, `sortOrder`, `dateCreated`, `dateUpdated`, `uid`) VALUES ('8', '22', NULL, '14', '0', '4', '2014-08-18 21:09:54', '2014-08-18 21:09:54', '656d7945-ce4d-41c3-aec5-003c0543666a');
INSERT INTO `fieldlayoutfields` (`id`, `layoutId`, `tabId`, `fieldId`, `required`, `sortOrder`, `dateCreated`, `dateUpdated`, `uid`) VALUES ('9', '23', NULL, '6', '1', '1', '2014-08-18 21:32:49', '2014-08-18 21:32:49', 'f02a7629-3446-4b6e-86f1-e2611df0af7f');
INSERT INTO `fieldlayoutfields` (`id`, `layoutId`, `tabId`, `fieldId`, `required`, `sortOrder`, `dateCreated`, `dateUpdated`, `uid`) VALUES ('10', '23', NULL, '7', '1', '2', '2014-08-18 21:32:49', '2014-08-18 21:32:49', '6997fd22-183c-41b1-8929-60db6c920f8b');
INSERT INTO `fieldlayoutfields` (`id`, `layoutId`, `tabId`, `fieldId`, `required`, `sortOrder`, `dateCreated`, `dateUpdated`, `uid`) VALUES ('11', '23', NULL, '8', '1', '3', '2014-08-18 21:32:49', '2014-08-18 21:32:49', '8f5f9bb1-792b-43d9-8ae4-719e507751a4');
INSERT INTO `fieldlayoutfields` (`id`, `layoutId`, `tabId`, `fieldId`, `required`, `sortOrder`, `dateCreated`, `dateUpdated`, `uid`) VALUES ('12', '23', NULL, '9', '1', '4', '2014-08-18 21:32:49', '2014-08-18 21:32:49', '33148611-0b0b-459f-819e-c608e3c10af2');
INSERT INTO `fieldlayoutfields` (`id`, `layoutId`, `tabId`, `fieldId`, `required`, `sortOrder`, `dateCreated`, `dateUpdated`, `uid`) VALUES ('13', '23', NULL, '10', '0', '5', '2014-08-18 21:32:49', '2014-08-18 21:32:49', '5cbfb6de-d092-4144-9fff-1c878b58b57d');
INSERT INTO `fieldlayoutfields` (`id`, `layoutId`, `tabId`, `fieldId`, `required`, `sortOrder`, `dateCreated`, `dateUpdated`, `uid`) VALUES ('14', '31', NULL, '15', '0', '1', '2014-08-18 22:11:55', '2014-08-18 22:11:55', '8b063b9a-9499-4aa8-8024-25a8211a7467');
INSERT INTO `fieldlayoutfields` (`id`, `layoutId`, `tabId`, `fieldId`, `required`, `sortOrder`, `dateCreated`, `dateUpdated`, `uid`) VALUES ('15', '32', NULL, '15', '0', '1', '2014-08-18 22:19:11', '2014-08-18 22:19:11', '5af39be0-e920-4b57-9b30-aa21642d84ed');
INSERT INTO `fieldlayoutfields` (`id`, `layoutId`, `tabId`, `fieldId`, `required`, `sortOrder`, `dateCreated`, `dateUpdated`, `uid`) VALUES ('16', '33', NULL, '15', '0', '1', '2014-08-18 22:19:24', '2014-08-18 22:19:24', '379c54de-df46-4de1-bd42-8b4b75511991');
INSERT INTO `fieldlayoutfields` (`id`, `layoutId`, `tabId`, `fieldId`, `required`, `sortOrder`, `dateCreated`, `dateUpdated`, `uid`) VALUES ('17', '34', NULL, '15', '0', '1', '2014-08-18 22:19:57', '2014-08-18 22:19:57', '214e5bbb-8730-4fdb-8278-d46382d360b6');
INSERT INTO `fieldlayoutfields` (`id`, `layoutId`, `tabId`, `fieldId`, `required`, `sortOrder`, `dateCreated`, `dateUpdated`, `uid`) VALUES ('18', '35', NULL, '15', '0', '1', '2014-08-18 22:20:09', '2014-08-18 22:20:09', '172e3d65-fb7f-46e1-87c2-a29abddee613');
INSERT INTO `fieldlayoutfields` (`id`, `layoutId`, `tabId`, `fieldId`, `required`, `sortOrder`, `dateCreated`, `dateUpdated`, `uid`) VALUES ('19', '37', '3', '1', '0', '1', '2014-08-18 22:48:16', '2014-08-18 22:48:16', 'c6c99cbb-a82a-4240-9d5e-cbb9338cc6bf');
INSERT INTO `fieldlayoutfields` (`id`, `layoutId`, `tabId`, `fieldId`, `required`, `sortOrder`, `dateCreated`, `dateUpdated`, `uid`) VALUES ('20', '37', '3', '16', '0', '2', '2014-08-18 22:48:16', '2014-08-18 22:48:16', '3faa0c21-8f4b-4368-8597-f8db7cbc936c');
INSERT INTO `fieldlayoutfields` (`id`, `layoutId`, `tabId`, `fieldId`, `required`, `sortOrder`, `dateCreated`, `dateUpdated`, `uid`) VALUES ('21', '37', '3', '2', '0', '3', '2014-08-18 22:48:16', '2014-08-18 22:48:16', 'f4f103be-1890-4726-a707-c7ebe6039993');
INSERT INTO `fieldlayoutfields` (`id`, `layoutId`, `tabId`, `fieldId`, `required`, `sortOrder`, `dateCreated`, `dateUpdated`, `uid`) VALUES ('22', '37', '3', '3', '0', '4', '2014-08-18 22:48:16', '2014-08-18 22:48:16', '569ec3b7-1de0-4cd0-9783-52481c96d743');
INSERT INTO `fieldlayoutfields` (`id`, `layoutId`, `tabId`, `fieldId`, `required`, `sortOrder`, `dateCreated`, `dateUpdated`, `uid`) VALUES ('23', '38', '4', '1', '0', '1', '2014-08-18 22:48:43', '2014-08-18 22:48:43', 'cb1824ab-1a80-4df2-9d31-061d8f77e9b1');
INSERT INTO `fieldlayoutfields` (`id`, `layoutId`, `tabId`, `fieldId`, `required`, `sortOrder`, `dateCreated`, `dateUpdated`, `uid`) VALUES ('24', '38', '4', '16', '0', '2', '2014-08-18 22:48:43', '2014-08-18 22:48:43', '36c3b1ef-7017-4f4d-873e-7e54c3631121');
INSERT INTO `fieldlayoutfields` (`id`, `layoutId`, `tabId`, `fieldId`, `required`, `sortOrder`, `dateCreated`, `dateUpdated`, `uid`) VALUES ('25', '38', '4', '2', '0', '3', '2014-08-18 22:48:43', '2014-08-18 22:48:43', 'b1cb7338-e3e2-4717-89e9-6abc6e47542c');
INSERT INTO `fieldlayoutfields` (`id`, `layoutId`, `tabId`, `fieldId`, `required`, `sortOrder`, `dateCreated`, `dateUpdated`, `uid`) VALUES ('26', '38', '4', '3', '0', '4', '2014-08-18 22:48:43', '2014-08-18 22:48:43', 'c2a83597-8d31-408f-8268-e6cfa243db0e');
INSERT INTO `fieldlayoutfields` (`id`, `layoutId`, `tabId`, `fieldId`, `required`, `sortOrder`, `dateCreated`, `dateUpdated`, `uid`) VALUES ('27', '39', '5', '1', '0', '1', '2014-08-18 22:49:12', '2014-08-18 22:49:12', 'a325c395-75d8-42ba-8582-2ad8b157ab25');
INSERT INTO `fieldlayoutfields` (`id`, `layoutId`, `tabId`, `fieldId`, `required`, `sortOrder`, `dateCreated`, `dateUpdated`, `uid`) VALUES ('28', '39', '5', '16', '0', '2', '2014-08-18 22:49:12', '2014-08-18 22:49:12', 'cf0f1860-ff58-4331-914c-fb06bae6a868');
INSERT INTO `fieldlayoutfields` (`id`, `layoutId`, `tabId`, `fieldId`, `required`, `sortOrder`, `dateCreated`, `dateUpdated`, `uid`) VALUES ('29', '39', '5', '2', '0', '3', '2014-08-18 22:49:12', '2014-08-18 22:49:12', '69c983ac-5992-4eac-9bf4-b7ef0ca3418c');
INSERT INTO `fieldlayoutfields` (`id`, `layoutId`, `tabId`, `fieldId`, `required`, `sortOrder`, `dateCreated`, `dateUpdated`, `uid`) VALUES ('30', '39', '5', '3', '0', '4', '2014-08-18 22:49:12', '2014-08-18 22:49:12', '09a8cb7f-0c97-4626-bd7e-0cb89d026bad');
INSERT INTO `fieldlayoutfields` (`id`, `layoutId`, `tabId`, `fieldId`, `required`, `sortOrder`, `dateCreated`, `dateUpdated`, `uid`) VALUES ('31', '40', '6', '1', '0', '1', '2014-08-18 22:49:37', '2014-08-18 22:49:37', '4dc9841a-f118-4033-8b44-1050e9f01b91');
INSERT INTO `fieldlayoutfields` (`id`, `layoutId`, `tabId`, `fieldId`, `required`, `sortOrder`, `dateCreated`, `dateUpdated`, `uid`) VALUES ('32', '40', '6', '16', '0', '2', '2014-08-18 22:49:37', '2014-08-18 22:49:37', '6ec071b1-fd23-4091-aa54-9c882138277f');
INSERT INTO `fieldlayoutfields` (`id`, `layoutId`, `tabId`, `fieldId`, `required`, `sortOrder`, `dateCreated`, `dateUpdated`, `uid`) VALUES ('33', '40', '6', '2', '0', '3', '2014-08-18 22:49:37', '2014-08-18 22:49:37', 'eaabeb51-6a0b-452c-a1ad-e7b5a3cab9cd');
INSERT INTO `fieldlayoutfields` (`id`, `layoutId`, `tabId`, `fieldId`, `required`, `sortOrder`, `dateCreated`, `dateUpdated`, `uid`) VALUES ('34', '40', '6', '3', '0', '4', '2014-08-18 22:49:37', '2014-08-18 22:49:37', '8da6d24b-e4e9-45e6-b064-58478f1ce57f');



--
-- Schema for table `fieldlayouts`
--

DROP TABLE IF EXISTS `fieldlayouts`;

CREATE TABLE `fieldlayouts` (
  `id` int(11) NOT NULL AUTO_INCREMENT,
  `type` varchar(150) COLLATE utf8_unicode_ci NOT NULL,
  `dateCreated` datetime NOT NULL,
  `dateUpdated` datetime NOT NULL,
  `uid` char(36) COLLATE utf8_unicode_ci NOT NULL DEFAULT '0',
  PRIMARY KEY (`id`),
  KEY `fieldlayouts_type_idx` (`type`)
) ENGINE=InnoDB AUTO_INCREMENT=41 DEFAULT CHARSET=utf8 COLLATE=utf8_unicode_ci;

--
-- Data for table `fieldlayouts`
--

INSERT INTO `fieldlayouts` (`id`, `type`, `dateCreated`, `dateUpdated`, `uid`) VALUES ('1', 'Tag', '2014-07-22 18:49:18', '2014-07-22 18:49:18', '134137e1-18da-4b04-b9bd-4949d7874e98');
INSERT INTO `fieldlayouts` (`id`, `type`, `dateCreated`, `dateUpdated`, `uid`) VALUES ('3', 'Entry', '2014-07-22 18:49:19', '2014-07-22 18:49:19', '2ae217ea-eb20-459a-bb0f-1d4a7836614b');
INSERT INTO `fieldlayouts` (`id`, `type`, `dateCreated`, `dateUpdated`, `uid`) VALUES ('5', 'Entry', '2014-07-22 18:49:19', '2014-07-22 18:49:19', '1b826a09-1601-47fc-bcff-630d3846cab0');
INSERT INTO `fieldlayouts` (`id`, `type`, `dateCreated`, `dateUpdated`, `uid`) VALUES ('8', 'Entry', '2014-07-24 14:58:18', '2014-07-24 14:58:19', '5a886b1d-b473-4f1b-aa57-3653450b73b9');
INSERT INTO `fieldlayouts` (`id`, `type`, `dateCreated`, `dateUpdated`, `uid`) VALUES ('9', 'Entry', '2014-07-24 15:00:04', '2014-07-24 15:00:04', '9b6bd4e9-75ce-48fc-b509-6d8ba4e5ae76');
INSERT INTO `fieldlayouts` (`id`, `type`, `dateCreated`, `dateUpdated`, `uid`) VALUES ('13', 'Tag', '2014-07-24 15:12:08', '2014-07-24 15:12:08', '150c63e9-b2d5-424f-9789-9fa10e39aec2');
INSERT INTO `fieldlayouts` (`id`, `type`, `dateCreated`, `dateUpdated`, `uid`) VALUES ('18', 'Entry', '2014-08-13 16:46:00', '2014-08-13 16:46:00', 'abd4a888-b128-47d5-84be-465fea536662');
INSERT INTO `fieldlayouts` (`id`, `type`, `dateCreated`, `dateUpdated`, `uid`) VALUES ('19', 'Entry', '2014-08-13 16:46:18', '2014-08-13 16:46:18', '2c0f2efe-404c-420e-a54e-57e502bf577d');
INSERT INTO `fieldlayouts` (`id`, `type`, `dateCreated`, `dateUpdated`, `uid`) VALUES ('21', 'Entry', '2014-08-13 20:18:10', '2014-08-13 20:18:10', 'fbd66b09-e3f8-42e4-bd40-649b3bb8d3d5');
INSERT INTO `fieldlayouts` (`id`, `type`, `dateCreated`, `dateUpdated`, `uid`) VALUES ('22', 'MatrixBlock', '2014-08-18 21:09:54', '2014-08-18 21:09:54', 'ef35b3a8-98b1-44c3-8dbd-44ac8673e544');
INSERT INTO `fieldlayouts` (`id`, `type`, `dateCreated`, `dateUpdated`, `uid`) VALUES ('23', 'User', '2014-08-18 21:32:49', '2014-08-18 21:32:49', 'a0a37c19-b147-400c-8499-59715bc71a6d');
INSERT INTO `fieldlayouts` (`id`, `type`, `dateCreated`, `dateUpdated`, `uid`) VALUES ('29', 'Asset', '2014-08-18 22:08:23', '2014-08-18 22:08:23', '894a162d-3804-470b-a6ef-b2ba38b8a3ef');
INSERT INTO `fieldlayouts` (`id`, `type`, `dateCreated`, `dateUpdated`, `uid`) VALUES ('30', 'Asset', '2014-08-18 22:08:57', '2014-08-18 22:08:57', '61aeca6a-d975-4d0d-9e01-135f63559d1c');
INSERT INTO `fieldlayouts` (`id`, `type`, `dateCreated`, `dateUpdated`, `uid`) VALUES ('31', 'Asset', '2014-08-18 22:11:55', '2014-08-18 22:11:55', 'd8c31bbb-c86a-4865-919a-9ff661aae797');
INSERT INTO `fieldlayouts` (`id`, `type`, `dateCreated`, `dateUpdated`, `uid`) VALUES ('32', 'Asset', '2014-08-18 22:19:11', '2014-08-18 22:19:11', '2f013d61-45e9-493e-a46c-d13f389b8bb0');
INSERT INTO `fieldlayouts` (`id`, `type`, `dateCreated`, `dateUpdated`, `uid`) VALUES ('33', 'Asset', '2014-08-18 22:19:24', '2014-08-18 22:19:24', 'cfc2f2dc-07ed-4902-8b86-60836e030e2d');
INSERT INTO `fieldlayouts` (`id`, `type`, `dateCreated`, `dateUpdated`, `uid`) VALUES ('34', 'Asset', '2014-08-18 22:19:57', '2014-08-18 22:19:57', 'a5b74bd2-d2bf-4441-aeab-27ce38dee7f5');
INSERT INTO `fieldlayouts` (`id`, `type`, `dateCreated`, `dateUpdated`, `uid`) VALUES ('35', 'Asset', '2014-08-18 22:20:09', '2014-08-18 22:20:09', '7ba68e0b-d415-4735-a8eb-35bb4e37abb6');
INSERT INTO `fieldlayouts` (`id`, `type`, `dateCreated`, `dateUpdated`, `uid`) VALUES ('36', 'Category', '2014-08-18 22:40:00', '2014-08-18 22:40:00', 'dc812890-8418-4d3b-9544-4518cbcd47d1');
INSERT INTO `fieldlayouts` (`id`, `type`, `dateCreated`, `dateUpdated`, `uid`) VALUES ('37', 'Entry', '2014-08-18 22:48:16', '2014-08-18 22:48:16', 'e65d2208-6612-4069-81f8-c3ca595e150e');
INSERT INTO `fieldlayouts` (`id`, `type`, `dateCreated`, `dateUpdated`, `uid`) VALUES ('38', 'Entry', '2014-08-18 22:48:43', '2014-08-18 22:48:43', '0366fb6c-d273-4bb2-a7a5-f4fcc9a5ab2e');
INSERT INTO `fieldlayouts` (`id`, `type`, `dateCreated`, `dateUpdated`, `uid`) VALUES ('39', 'Entry', '2014-08-18 22:49:12', '2014-08-18 22:49:12', '40700d5a-3528-4f19-868f-ad84d1360990');
INSERT INTO `fieldlayouts` (`id`, `type`, `dateCreated`, `dateUpdated`, `uid`) VALUES ('40', 'Entry', '2014-08-18 22:49:37', '2014-08-18 22:49:37', '9cfae0d3-e055-45f0-aa62-4faaa9a1d14e');



--
-- Schema for table `fieldlayouttabs`
--

DROP TABLE IF EXISTS `fieldlayouttabs`;

CREATE TABLE `fieldlayouttabs` (
  `id` int(11) NOT NULL AUTO_INCREMENT,
  `layoutId` int(11) NOT NULL,
  `name` varchar(255) COLLATE utf8_unicode_ci NOT NULL,
  `sortOrder` tinyint(4) DEFAULT NULL,
  `dateCreated` datetime NOT NULL,
  `dateUpdated` datetime NOT NULL,
  `uid` char(36) COLLATE utf8_unicode_ci NOT NULL DEFAULT '0',
  PRIMARY KEY (`id`),
  KEY `fieldlayouttabs_sortOrder_idx` (`sortOrder`),
  KEY `fieldlayouttabs_layoutId_fk` (`layoutId`)
) ENGINE=InnoDB AUTO_INCREMENT=7 DEFAULT CHARSET=utf8 COLLATE=utf8_unicode_ci;

--
-- Data for table `fieldlayouttabs`
--

INSERT INTO `fieldlayouttabs` (`id`, `layoutId`, `name`, `sortOrder`, `dateCreated`, `dateUpdated`, `uid`) VALUES ('1', '3', 'Content', '1', '2014-07-22 18:49:19', '2014-07-22 18:49:19', 'cc881981-76f0-4ed8-ac24-c9c17083d84f');
INSERT INTO `fieldlayouttabs` (`id`, `layoutId`, `name`, `sortOrder`, `dateCreated`, `dateUpdated`, `uid`) VALUES ('2', '5', 'Content', '1', '2014-07-22 18:49:19', '2014-07-22 18:49:19', '6ec9ae88-8f33-4939-ba93-a952c2e6b56e');
INSERT INTO `fieldlayouttabs` (`id`, `layoutId`, `name`, `sortOrder`, `dateCreated`, `dateUpdated`, `uid`) VALUES ('3', '37', 'Default', '1', '2014-08-18 22:48:16', '2014-08-18 22:48:16', 'b221a97d-7df6-4e8e-b7f6-a9dd4e624b78');
INSERT INTO `fieldlayouttabs` (`id`, `layoutId`, `name`, `sortOrder`, `dateCreated`, `dateUpdated`, `uid`) VALUES ('4', '38', 'Default', '1', '2014-08-18 22:48:43', '2014-08-18 22:48:43', '95bd0356-0246-43bc-9932-62cff34c706a');
INSERT INTO `fieldlayouttabs` (`id`, `layoutId`, `name`, `sortOrder`, `dateCreated`, `dateUpdated`, `uid`) VALUES ('5', '39', 'Default', '1', '2014-08-18 22:49:12', '2014-08-18 22:49:12', 'cbcfb5a5-1205-49ad-9b26-255aebe9fb19');
INSERT INTO `fieldlayouttabs` (`id`, `layoutId`, `name`, `sortOrder`, `dateCreated`, `dateUpdated`, `uid`) VALUES ('6', '40', 'Default', '1', '2014-08-18 22:49:37', '2014-08-18 22:49:37', '202d1056-b250-4475-a5df-2157695964c3');



--
-- Schema for table `fields`
--

DROP TABLE IF EXISTS `fields`;

CREATE TABLE `fields` (
  `id` int(11) NOT NULL AUTO_INCREMENT,
  `groupId` int(11) DEFAULT NULL,
  `name` varchar(255) COLLATE utf8_unicode_ci NOT NULL,
  `handle` varchar(58) COLLATE utf8_unicode_ci NOT NULL,
  `context` varchar(255) COLLATE utf8_unicode_ci NOT NULL DEFAULT 'global',
  `instructions` text COLLATE utf8_unicode_ci,
  `translatable` tinyint(1) unsigned NOT NULL DEFAULT '0',
  `type` varchar(150) COLLATE utf8_unicode_ci NOT NULL,
  `settings` text COLLATE utf8_unicode_ci,
  `dateCreated` datetime NOT NULL,
  `dateUpdated` datetime NOT NULL,
  `uid` char(36) COLLATE utf8_unicode_ci NOT NULL DEFAULT '0',
  PRIMARY KEY (`id`),
  UNIQUE KEY `fields_handle_context_unq_idx` (`handle`,`context`),
  KEY `fields_context_idx` (`context`),
  KEY `fields_groupId_fk` (`groupId`)
) ENGINE=InnoDB AUTO_INCREMENT=17 DEFAULT CHARSET=utf8 COLLATE=utf8_unicode_ci;

--
-- Data for table `fields`
--

INSERT INTO `fields` (`id`, `groupId`, `name`, `handle`, `context`, `instructions`, `translatable`, `type`, `settings`, `dateCreated`, `dateUpdated`, `uid`) VALUES ('1', '1', 'Subtitle', 'subtitle', 'global', '', '0', 'PlainText', '{\"placeholder\":\"\",\"maxLength\":\"\",\"multiline\":\"\",\"initialRows\":\"4\"}', '2014-07-22 18:49:19', '2014-08-18 22:47:14', '720bbf50-f1c0-4843-ad9f-a6a9924df3da');
INSERT INTO `fields` (`id`, `groupId`, `name`, `handle`, `context`, `instructions`, `translatable`, `type`, `settings`, `dateCreated`, `dateUpdated`, `uid`) VALUES ('2', '1', 'Body', 'body', 'global', NULL, '1', 'RichText', '{\"configFile\":\"Standard.json\"}', '2014-07-22 18:49:19', '2014-07-22 18:49:19', '3f781073-cbc8-442c-9a7d-0b645f77c899');
INSERT INTO `fields` (`id`, `groupId`, `name`, `handle`, `context`, `instructions`, `translatable`, `type`, `settings`, `dateCreated`, `dateUpdated`, `uid`) VALUES ('3', '1', 'Tags', 'tags', 'global', NULL, '0', 'Tags', '{\"source\":\"taggroup:1\"}', '2014-07-22 18:49:19', '2014-07-22 18:49:19', '3e1e4caf-58e3-48a5-b7c1-b1c1a5ebfd2a');
INSERT INTO `fields` (`id`, `groupId`, `name`, `handle`, `context`, `instructions`, `translatable`, `type`, `settings`, `dateCreated`, `dateUpdated`, `uid`) VALUES ('6', '4', 'Position', 'position', 'global', 'This holds the team member\'s position (50 chars max)', '0', 'PlainText', '{\"placeholder\":\"\",\"maxLength\":\"50\",\"multiline\":\"\",\"initialRows\":\"4\"}', '2014-08-18 20:57:23', '2014-08-18 21:03:47', 'd8b304bf-8d2e-4284-b6db-64fcb8572011');
INSERT INTO `fields` (`id`, `groupId`, `name`, `handle`, `context`, `instructions`, `translatable`, `type`, `settings`, `dateCreated`, `dateUpdated`, `uid`) VALUES ('7', '4', 'Short Bio', 'shortBio', 'global', 'A team member\'s short bio description (250 chars max)', '0', 'PlainText', '{\"placeholder\":\"\",\"maxLength\":\"250\",\"multiline\":\"\",\"initialRows\":\"4\"}', '2014-08-18 21:02:18', '2014-08-18 21:04:20', 'c1525019-dead-4c30-902f-576290d96f80');
INSERT INTO `fields` (`id`, `groupId`, `name`, `handle`, `context`, `instructions`, `translatable`, `type`, `settings`, `dateCreated`, `dateUpdated`, `uid`) VALUES ('8', '4', 'Full Bio', 'fullBio', 'global', 'A team member\'s extended bio (1000 chars max)', '0', 'PlainText', '{\"placeholder\":\"\",\"maxLength\":\"1000\",\"multiline\":\"\",\"initialRows\":\"4\"}', '2014-08-18 21:03:27', '2014-08-18 21:03:27', '4054fd9b-24be-485d-9b95-eb5f6fed5ab8');
INSERT INTO `fields` (`id`, `groupId`, `name`, `handle`, `context`, `instructions`, `translatable`, `type`, `settings`, `dateCreated`, `dateUpdated`, `uid`) VALUES ('9', '4', 'Icon', 'icon', 'global', 'A team member\'s icon/illustration', '0', 'Assets', '{\"useSingleFolder\":\"\",\"defaultUploadLocationSubpath\":\"\",\"singleUploadLocationSubpath\":\"\",\"restrictFiles\":\"\",\"limit\":\"1\"}', '2014-08-18 21:06:40', '2014-08-18 21:06:40', '5bde4535-560a-4f3c-9c11-476308e1546e');
INSERT INTO `fields` (`id`, `groupId`, `name`, `handle`, `context`, `instructions`, `translatable`, `type`, `settings`, `dateCreated`, `dateUpdated`, `uid`) VALUES ('10', '4', 'Social', 'social', 'global', 'A team member\'s social networking URLs', '0', 'Matrix', '{\"maxBlocks\":\"1\"}', '2014-08-18 21:09:53', '2014-08-18 21:09:53', '6bf82089-ce76-4fb2-9d14-cd5a165f2251');
INSERT INTO `fields` (`id`, `groupId`, `name`, `handle`, `context`, `instructions`, `translatable`, `type`, `settings`, `dateCreated`, `dateUpdated`, `uid`) VALUES ('11', NULL, 'Twitter', 'twitter', 'matrixBlockType:1', NULL, '0', 'PlainText', '{\"placeholder\":\"\",\"maxLength\":\"\",\"multiline\":\"\",\"initialRows\":\"4\"}', '2014-08-18 21:09:54', '2014-08-18 21:09:54', '3f19a712-78f2-45bb-b097-c02f6bef0f4c');
INSERT INTO `fields` (`id`, `groupId`, `name`, `handle`, `context`, `instructions`, `translatable`, `type`, `settings`, `dateCreated`, `dateUpdated`, `uid`) VALUES ('12', NULL, 'Instagram', 'instagram', 'matrixBlockType:1', NULL, '0', 'PlainText', '{\"placeholder\":\"\",\"maxLength\":\"\",\"multiline\":\"\",\"initialRows\":\"4\"}', '2014-08-18 21:09:54', '2014-08-18 21:09:54', 'b41e473b-c410-4300-8df4-53b9a81ed863');
INSERT INTO `fields` (`id`, `groupId`, `name`, `handle`, `context`, `instructions`, `translatable`, `type`, `settings`, `dateCreated`, `dateUpdated`, `uid`) VALUES ('13', NULL, 'LinkedIn', 'linkedin', 'matrixBlockType:1', NULL, '0', 'PlainText', '{\"placeholder\":\"\",\"maxLength\":\"\",\"multiline\":\"\",\"initialRows\":\"4\"}', '2014-08-18 21:09:54', '2014-08-18 21:09:54', '5ce7758d-285a-47ab-8bda-a4c7a3722294');
INSERT INTO `fields` (`id`, `groupId`, `name`, `handle`, `context`, `instructions`, `translatable`, `type`, `settings`, `dateCreated`, `dateUpdated`, `uid`) VALUES ('14', NULL, 'Dribbble', 'dribbble', 'matrixBlockType:1', NULL, '0', 'PlainText', '{\"placeholder\":\"\",\"maxLength\":\"\",\"multiline\":\"\",\"initialRows\":\"4\"}', '2014-08-18 21:09:54', '2014-08-18 21:09:54', 'd9df5bdd-8ecf-43b7-8e7b-31f50bc4a45c');
INSERT INTO `fields` (`id`, `groupId`, `name`, `handle`, `context`, `instructions`, `translatable`, `type`, `settings`, `dateCreated`, `dateUpdated`, `uid`) VALUES ('15', '5', 'Caption', 'caption', 'global', 'Caption for an image (250 chars max)', '0', 'PlainText', '{\"placeholder\":\"\",\"maxLength\":\"250\",\"multiline\":\"\",\"initialRows\":\"4\"}', '2014-08-18 22:11:08', '2014-08-18 22:11:08', 'cefead85-672b-4b4f-8e3a-3d5c2f07a8b7');
INSERT INTO `fields` (`id`, `groupId`, `name`, `handle`, `context`, `instructions`, `translatable`, `type`, `settings`, `dateCreated`, `dateUpdated`, `uid`) VALUES ('16', '2', 'Synopsis', 'synopsis', 'global', 'Article short description (250 chars max)', '0', 'PlainText', '{\"placeholder\":\"\",\"maxLength\":\"250\",\"multiline\":\"\",\"initialRows\":\"4\"}', '2014-08-18 22:46:37', '2014-08-18 22:46:37', '5e968a81-7579-427b-9abc-223a67904b72');



--
-- Schema for table `globalsets`
--

DROP TABLE IF EXISTS `globalsets`;

CREATE TABLE `globalsets` (
  `id` int(11) NOT NULL,
  `name` varchar(255) COLLATE utf8_unicode_ci NOT NULL,
  `handle` varchar(255) COLLATE utf8_unicode_ci NOT NULL,
  `fieldLayoutId` int(11) DEFAULT NULL,
  `dateCreated` datetime NOT NULL,
  `dateUpdated` datetime NOT NULL,
  `uid` char(36) COLLATE utf8_unicode_ci NOT NULL DEFAULT '0',
  PRIMARY KEY (`id`),
  UNIQUE KEY `globalsets_name_unq_idx` (`name`),
  UNIQUE KEY `globalsets_handle_unq_idx` (`handle`),
  KEY `globalsets_fieldLayoutId_fk` (`fieldLayoutId`)
) ENGINE=InnoDB DEFAULT CHARSET=utf8 COLLATE=utf8_unicode_ci;

--
-- Schema for table `info`
--

DROP TABLE IF EXISTS `info`;

CREATE TABLE `info` (
  `id` int(11) NOT NULL AUTO_INCREMENT,
  `version` varchar(15) COLLATE utf8_unicode_ci NOT NULL,
  `build` int(11) unsigned NOT NULL,
  `schemaVersion` varchar(15) COLLATE utf8_unicode_ci NOT NULL,
  `releaseDate` datetime NOT NULL,
  `edition` tinyint(1) unsigned NOT NULL DEFAULT '0',
  `siteName` varchar(100) COLLATE utf8_unicode_ci NOT NULL,
  `siteUrl` varchar(255) COLLATE utf8_unicode_ci NOT NULL,
  `timezone` varchar(30) COLLATE utf8_unicode_ci DEFAULT NULL,
  `on` tinyint(1) unsigned NOT NULL DEFAULT '0',
  `maintenance` tinyint(1) unsigned NOT NULL DEFAULT '0',
  `track` varchar(40) COLLATE utf8_unicode_ci NOT NULL,
  `dateCreated` datetime NOT NULL,
  `dateUpdated` datetime NOT NULL,
  `uid` char(36) COLLATE utf8_unicode_ci NOT NULL DEFAULT '0',
  PRIMARY KEY (`id`)
) ENGINE=InnoDB AUTO_INCREMENT=2 DEFAULT CHARSET=utf8 COLLATE=utf8_unicode_ci;

--
-- Data for table `info`
--

INSERT INTO `info` (`id`, `version`, `build`, `schemaVersion`, `releaseDate`, `edition`, `siteName`, `siteUrl`, `timezone`, `on`, `maintenance`, `track`, `dateCreated`, `dateUpdated`, `uid`) VALUES ('1', '2.1', '2568', '2.1.2', '2014-08-14 19:58:45', '2', 'WF Craft Dev', 'http://craft.dev', 'America/New_York', '1', '1', 'stable', '2014-07-22 18:49:14', '2014-08-19 16:00:23', '6730e5f6-1d47-4512-b918-66c4da6610ee');



--
-- Schema for table `locales`
--

DROP TABLE IF EXISTS `locales`;

CREATE TABLE `locales` (
  `locale` char(12) COLLATE utf8_unicode_ci NOT NULL,
  `sortOrder` tinyint(4) DEFAULT NULL,
  `dateCreated` datetime NOT NULL,
  `dateUpdated` datetime NOT NULL,
  `uid` char(36) COLLATE utf8_unicode_ci NOT NULL DEFAULT '0',
  PRIMARY KEY (`locale`),
  KEY `locales_sortOrder_idx` (`sortOrder`)
) ENGINE=InnoDB DEFAULT CHARSET=utf8 COLLATE=utf8_unicode_ci;

--
-- Data for table `locales`
--

INSERT INTO `locales` (`locale`, `sortOrder`, `dateCreated`, `dateUpdated`, `uid`) VALUES ('en_us', '1', '2014-07-22 18:49:15', '2014-07-22 18:49:15', '7d20b165-d126-42bf-8860-6b36bcc0be35');



--
-- Schema for table `matrixblocks`
--

DROP TABLE IF EXISTS `matrixblocks`;

CREATE TABLE `matrixblocks` (
  `id` int(11) NOT NULL,
  `ownerId` int(11) NOT NULL,
  `fieldId` int(11) NOT NULL,
  `typeId` int(11) DEFAULT NULL,
  `ownerLocale` char(12) COLLATE utf8_unicode_ci DEFAULT NULL,
  `sortOrder` tinyint(4) DEFAULT NULL,
  `dateCreated` datetime NOT NULL,
  `dateUpdated` datetime NOT NULL,
  `uid` char(36) COLLATE utf8_unicode_ci NOT NULL DEFAULT '0',
  PRIMARY KEY (`id`),
  KEY `matrixblocks_ownerId_idx` (`ownerId`),
  KEY `matrixblocks_fieldId_idx` (`fieldId`),
  KEY `matrixblocks_typeId_idx` (`typeId`),
  KEY `matrixblocks_sortOrder_idx` (`sortOrder`),
  KEY `matrixblocks_ownerLocale_fk` (`ownerLocale`)
) ENGINE=InnoDB DEFAULT CHARSET=utf8 COLLATE=utf8_unicode_ci;

--
-- Schema for table `matrixblocktypes`
--

DROP TABLE IF EXISTS `matrixblocktypes`;

CREATE TABLE `matrixblocktypes` (
  `id` int(11) NOT NULL AUTO_INCREMENT,
  `fieldId` int(11) NOT NULL,
  `fieldLayoutId` int(11) DEFAULT NULL,
  `name` varchar(255) COLLATE utf8_unicode_ci NOT NULL,
  `handle` varchar(255) COLLATE utf8_unicode_ci NOT NULL,
  `sortOrder` tinyint(4) DEFAULT NULL,
  `dateCreated` datetime NOT NULL,
  `dateUpdated` datetime NOT NULL,
  `uid` char(36) COLLATE utf8_unicode_ci NOT NULL DEFAULT '0',
  PRIMARY KEY (`id`),
  UNIQUE KEY `matrixblocktypes_name_fieldId_unq_idx` (`name`,`fieldId`),
  UNIQUE KEY `matrixblocktypes_handle_fieldId_unq_idx` (`handle`,`fieldId`),
  KEY `matrixblocktypes_fieldId_fk` (`fieldId`),
  KEY `matrixblocktypes_fieldLayoutId_fk` (`fieldLayoutId`)
) ENGINE=InnoDB AUTO_INCREMENT=2 DEFAULT CHARSET=utf8 COLLATE=utf8_unicode_ci;

--
-- Data for table `matrixblocktypes`
--

INSERT INTO `matrixblocktypes` (`id`, `fieldId`, `fieldLayoutId`, `name`, `handle`, `sortOrder`, `dateCreated`, `dateUpdated`, `uid`) VALUES ('1', '10', '22', 'Social', 'social', '1', '2014-08-18 21:09:54', '2014-08-18 21:09:54', '8246b605-41ba-41fc-b2cd-3a06c83d8cda');



--
-- Schema for table `matrixcontent_social`
--

DROP TABLE IF EXISTS `matrixcontent_social`;

CREATE TABLE `matrixcontent_social` (
  `id` int(11) NOT NULL AUTO_INCREMENT,
  `elementId` int(11) NOT NULL,
  `locale` char(12) COLLATE utf8_unicode_ci NOT NULL,
  `field_social_twitter` text COLLATE utf8_unicode_ci,
  `field_social_instagram` text COLLATE utf8_unicode_ci,
  `field_social_linkedin` text COLLATE utf8_unicode_ci,
  `field_social_dribbble` text COLLATE utf8_unicode_ci,
  `dateCreated` datetime NOT NULL,
  `dateUpdated` datetime NOT NULL,
  `uid` char(36) COLLATE utf8_unicode_ci NOT NULL DEFAULT '0',
  PRIMARY KEY (`id`),
  UNIQUE KEY `matrixcontent_social_elementId_locale_unq_idx` (`elementId`,`locale`),
  KEY `matrixcontent_social_locale_fk` (`locale`)
) ENGINE=InnoDB DEFAULT CHARSET=utf8 COLLATE=utf8_unicode_ci;

--
-- Schema for table `migrations`
--

DROP TABLE IF EXISTS `migrations`;

CREATE TABLE `migrations` (
  `id` int(11) NOT NULL AUTO_INCREMENT,
  `pluginId` int(11) DEFAULT NULL,
  `version` varchar(255) COLLATE utf8_unicode_ci NOT NULL,
  `applyTime` datetime NOT NULL,
  `dateCreated` datetime NOT NULL,
  `dateUpdated` datetime NOT NULL,
  `uid` char(36) COLLATE utf8_unicode_ci NOT NULL DEFAULT '0',
  PRIMARY KEY (`id`),
  UNIQUE KEY `migrations_version_unq_idx` (`version`),
  KEY `migrations_pluginId_fk` (`pluginId`)
) ENGINE=InnoDB AUTO_INCREMENT=46 DEFAULT CHARSET=utf8 COLLATE=utf8_unicode_ci;

--
-- Data for table `migrations`
--

INSERT INTO `migrations` (`id`, `pluginId`, `version`, `applyTime`, `dateCreated`, `dateUpdated`, `uid`) VALUES ('1', NULL, 'm000000_000000_base', '2014-07-22 18:49:14', '2014-07-22 18:49:14', '2014-07-22 18:49:14', '1d8c9f9b-b36c-41dd-929c-bf89a78d30e5');
INSERT INTO `migrations` (`id`, `pluginId`, `version`, `applyTime`, `dateCreated`, `dateUpdated`, `uid`) VALUES ('2', NULL, 'm131203_000000_allow_orphan_assets', '2014-07-22 18:49:14', '2014-07-22 18:49:14', '2014-07-22 18:49:14', 'da93c663-3e49-4a21-9698-29e383967d13');
INSERT INTO `migrations` (`id`, `pluginId`, `version`, `applyTime`, `dateCreated`, `dateUpdated`, `uid`) VALUES ('3', NULL, 'm131212_000001_add_missing_fk_to_emailmessages', '2014-07-22 18:49:14', '2014-07-22 18:49:14', '2014-07-22 18:49:14', '5cc043a8-1e12-4d39-893e-e2992b30abae');
INSERT INTO `migrations` (`id`, `pluginId`, `version`, `applyTime`, `dateCreated`, `dateUpdated`, `uid`) VALUES ('4', NULL, 'm140123_000000_update_widget_sort_orders', '2014-07-22 18:49:14', '2014-07-22 18:49:14', '2014-07-22 18:49:14', '84fb6f1d-b790-4a9b-b746-6820a18acf85');
INSERT INTO `migrations` (`id`, `pluginId`, `version`, `applyTime`, `dateCreated`, `dateUpdated`, `uid`) VALUES ('5', NULL, 'm140212_000000_clean_up_structures', '2014-07-22 18:49:14', '2014-07-22 18:49:14', '2014-07-22 18:49:14', '80317127-dd74-496d-897e-eb1f4f570392');
INSERT INTO `migrations` (`id`, `pluginId`, `version`, `applyTime`, `dateCreated`, `dateUpdated`, `uid`) VALUES ('6', NULL, 'm140217_000000_add_missing_indexes', '2014-07-22 18:49:14', '2014-07-22 18:49:14', '2014-07-22 18:49:14', 'b41d63c3-272a-499c-8389-d19937580b10');
INSERT INTO `migrations` (`id`, `pluginId`, `version`, `applyTime`, `dateCreated`, `dateUpdated`, `uid`) VALUES ('7', NULL, 'm140223_000000_add_missing_element_rows', '2014-07-22 18:49:14', '2014-07-22 18:49:14', '2014-07-22 18:49:14', '50480a30-1082-4a73-98d0-067ba621547b');
INSERT INTO `migrations` (`id`, `pluginId`, `version`, `applyTime`, `dateCreated`, `dateUpdated`, `uid`) VALUES ('8', NULL, 'm140325_000000_fix_matrix_settings', '2014-07-22 18:49:14', '2014-07-22 18:49:14', '2014-07-22 18:49:14', 'a666a2cf-5c6e-4bad-a636-77633d43c052');
INSERT INTO `migrations` (`id`, `pluginId`, `version`, `applyTime`, `dateCreated`, `dateUpdated`, `uid`) VALUES ('9', NULL, 'm140401_000000_assignUserPermissions_permission', '2014-07-22 18:49:14', '2014-07-22 18:49:14', '2014-07-22 18:49:14', '11f43a0c-ecdc-4efc-9bc4-a89a73930a47');
INSERT INTO `migrations` (`id`, `pluginId`, `version`, `applyTime`, `dateCreated`, `dateUpdated`, `uid`) VALUES ('10', NULL, 'm140401_000000_delete_the_deleted_files', '2014-07-22 18:49:14', '2014-07-22 18:49:14', '2014-07-22 18:49:14', '81ac386f-8818-44f6-b2dd-ba7c45db6532');
INSERT INTO `migrations` (`id`, `pluginId`, `version`, `applyTime`, `dateCreated`, `dateUpdated`, `uid`) VALUES ('11', NULL, 'm140401_000001_structures', '2014-07-22 18:49:14', '2014-07-22 18:49:14', '2014-07-22 18:49:14', '5ce7dfa9-cfe7-4a0d-92d2-e56f1e1e8dab');
INSERT INTO `migrations` (`id`, `pluginId`, `version`, `applyTime`, `dateCreated`, `dateUpdated`, `uid`) VALUES ('12', NULL, 'm140401_000002_elements_i18n_tweaks', '2014-07-22 18:49:14', '2014-07-22 18:49:14', '2014-07-22 18:49:14', '591e4ba5-7270-4f8c-b681-0ed5894273ae');
INSERT INTO `migrations` (`id`, `pluginId`, `version`, `applyTime`, `dateCreated`, `dateUpdated`, `uid`) VALUES ('13', NULL, 'm140401_000003_tag_groups', '2014-07-22 18:49:14', '2014-07-22 18:49:14', '2014-07-22 18:49:14', 'e0ab9dfb-777e-41bd-ac66-b3e575dbbd67');
INSERT INTO `migrations` (`id`, `pluginId`, `version`, `applyTime`, `dateCreated`, `dateUpdated`, `uid`) VALUES ('14', NULL, 'm140401_000004_add_unverifiedemail_column_to_users', '2014-07-22 18:49:14', '2014-07-22 18:49:14', '2014-07-22 18:49:14', 'e7effd51-1a81-4c69-b416-d57f5c6fc217');
INSERT INTO `migrations` (`id`, `pluginId`, `version`, `applyTime`, `dateCreated`, `dateUpdated`, `uid`) VALUES ('15', NULL, 'm140401_000005_translatable_matrix_fields', '2014-07-22 18:49:14', '2014-07-22 18:49:14', '2014-07-22 18:49:14', 'b518c221-0782-4796-8e63-154d486c9089');
INSERT INTO `migrations` (`id`, `pluginId`, `version`, `applyTime`, `dateCreated`, `dateUpdated`, `uid`) VALUES ('16', NULL, 'm140401_000006_translatable_relation_fields', '2014-07-22 18:49:14', '2014-07-22 18:49:14', '2014-07-22 18:49:14', 'abca346c-f3dc-4010-aa9c-67ded1f7fa67');
INSERT INTO `migrations` (`id`, `pluginId`, `version`, `applyTime`, `dateCreated`, `dateUpdated`, `uid`) VALUES ('17', NULL, 'm140401_000007_add_enabledbydefault_column_to_sections_i18n', '2014-07-22 18:49:14', '2014-07-22 18:49:14', '2014-07-22 18:49:14', 'f66d57be-f4a1-44c4-90c9-7a25f8dc3919');
INSERT INTO `migrations` (`id`, `pluginId`, `version`, `applyTime`, `dateCreated`, `dateUpdated`, `uid`) VALUES ('18', NULL, 'm140401_000008_fullpath_to_path', '2014-07-22 18:49:14', '2014-07-22 18:49:14', '2014-07-22 18:49:14', '46f5db7b-198a-45ea-a0da-ef39f3406abd');
INSERT INTO `migrations` (`id`, `pluginId`, `version`, `applyTime`, `dateCreated`, `dateUpdated`, `uid`) VALUES ('19', NULL, 'm140401_000009_asset_field_layouts', '2014-07-22 18:49:14', '2014-07-22 18:49:14', '2014-07-22 18:49:14', '38ea81ad-7766-4dd8-8dbc-e3b84b4592ef');
INSERT INTO `migrations` (`id`, `pluginId`, `version`, `applyTime`, `dateCreated`, `dateUpdated`, `uid`) VALUES ('20', NULL, 'm140401_000010_no_section_default_author', '2014-07-22 18:49:14', '2014-07-22 18:49:14', '2014-07-22 18:49:14', '9155ce98-929d-4778-b7ef-1bd796d3e645');
INSERT INTO `migrations` (`id`, `pluginId`, `version`, `applyTime`, `dateCreated`, `dateUpdated`, `uid`) VALUES ('21', NULL, 'm140401_000011_categories', '2014-07-22 18:49:14', '2014-07-22 18:49:14', '2014-07-22 18:49:14', 'b32aee0c-f52d-448a-a428-83b2ecf6d7f4');
INSERT INTO `migrations` (`id`, `pluginId`, `version`, `applyTime`, `dateCreated`, `dateUpdated`, `uid`) VALUES ('22', NULL, 'm140401_000012_templatecaches', '2014-07-22 18:49:14', '2014-07-22 18:49:14', '2014-07-22 18:49:14', '8117dc08-9edb-4e2f-8748-589808ed2088');
INSERT INTO `migrations` (`id`, `pluginId`, `version`, `applyTime`, `dateCreated`, `dateUpdated`, `uid`) VALUES ('23', NULL, 'm140401_000013_allow_temp_source_transforms', '2014-07-22 18:49:14', '2014-07-22 18:49:14', '2014-07-22 18:49:14', '4701a4c9-6e11-460b-be0b-168cfe836fd1');
INSERT INTO `migrations` (`id`, `pluginId`, `version`, `applyTime`, `dateCreated`, `dateUpdated`, `uid`) VALUES ('24', NULL, 'm140401_000014_entry_title_formats', '2014-07-22 18:49:14', '2014-07-22 18:49:14', '2014-07-22 18:49:14', '1d9ebeb0-e390-4bf0-9135-05a150e039d8');
INSERT INTO `migrations` (`id`, `pluginId`, `version`, `applyTime`, `dateCreated`, `dateUpdated`, `uid`) VALUES ('25', NULL, 'm140401_000015_tasks', '2014-07-22 18:49:14', '2014-07-22 18:49:14', '2014-07-22 18:49:14', '92cbd990-d615-4911-ba9b-12c43b02a9b5');
INSERT INTO `migrations` (`id`, `pluginId`, `version`, `applyTime`, `dateCreated`, `dateUpdated`, `uid`) VALUES ('26', NULL, 'm140401_000016_varchar_classes', '2014-07-22 18:49:14', '2014-07-22 18:49:14', '2014-07-22 18:49:14', 'd3af3ff1-0cab-488a-a023-be2be959bc7a');
INSERT INTO `migrations` (`id`, `pluginId`, `version`, `applyTime`, `dateCreated`, `dateUpdated`, `uid`) VALUES ('27', NULL, 'm140401_000017_add_transform_quality', '2014-07-22 18:49:14', '2014-07-22 18:49:14', '2014-07-22 18:49:14', '5720b5c9-51db-4400-b1ad-da84461a77e9');
INSERT INTO `migrations` (`id`, `pluginId`, `version`, `applyTime`, `dateCreated`, `dateUpdated`, `uid`) VALUES ('28', NULL, 'm140401_000018_locale_routes', '2014-07-22 18:49:14', '2014-07-22 18:49:14', '2014-07-22 18:49:14', '7c456fce-1714-44a4-a4d8-e244c8e04913');
INSERT INTO `migrations` (`id`, `pluginId`, `version`, `applyTime`, `dateCreated`, `dateUpdated`, `uid`) VALUES ('29', NULL, 'm140401_000019_editions', '2014-07-22 18:49:14', '2014-07-22 18:49:15', '2014-07-22 18:49:15', 'e453d978-f53f-423a-9e97-7e5ede81e3ca');
INSERT INTO `migrations` (`id`, `pluginId`, `version`, `applyTime`, `dateCreated`, `dateUpdated`, `uid`) VALUES ('30', NULL, 'm140401_000019_rackspace_auth_api', '2014-07-22 18:49:14', '2014-07-22 18:49:15', '2014-07-22 18:49:15', 'fe4f78cc-d398-4adf-99d8-831def603e99');
INSERT INTO `migrations` (`id`, `pluginId`, `version`, `applyTime`, `dateCreated`, `dateUpdated`, `uid`) VALUES ('31', NULL, 'm140401_000020_deprecationerrors_table', '2014-07-22 18:49:14', '2014-07-22 18:49:15', '2014-07-22 18:49:15', '4141c945-0c3f-430f-bc7d-1f43638c88cd');
INSERT INTO `migrations` (`id`, `pluginId`, `version`, `applyTime`, `dateCreated`, `dateUpdated`, `uid`) VALUES ('32', NULL, 'm140401_000021_client_user', '2014-07-22 18:49:14', '2014-07-22 18:49:15', '2014-07-22 18:49:15', '66f26440-52a3-4632-8b46-e87791da313d');
INSERT INTO `migrations` (`id`, `pluginId`, `version`, `applyTime`, `dateCreated`, `dateUpdated`, `uid`) VALUES ('33', NULL, 'm140401_100000_resave_elements', '2014-07-22 18:49:14', '2014-07-22 18:49:15', '2014-07-22 18:49:15', 'ed1a35d1-f2d6-423e-ac28-33a5b004adfc');
INSERT INTO `migrations` (`id`, `pluginId`, `version`, `applyTime`, `dateCreated`, `dateUpdated`, `uid`) VALUES ('34', NULL, 'm140401_100002_delete_compiled_templates', '2014-07-22 18:49:14', '2014-07-22 18:49:15', '2014-07-22 18:49:15', 'ee63cd0d-101c-455d-9a60-c494e414ae19');
INSERT INTO `migrations` (`id`, `pluginId`, `version`, `applyTime`, `dateCreated`, `dateUpdated`, `uid`) VALUES ('35', NULL, 'm140403_000000_allow_orphan_assets_again', '2014-07-22 18:49:14', '2014-07-22 18:49:15', '2014-07-22 18:49:15', '8dab8dad-f972-4533-93b6-19de67eb1d8d');
INSERT INTO `migrations` (`id`, `pluginId`, `version`, `applyTime`, `dateCreated`, `dateUpdated`, `uid`) VALUES ('36', NULL, 'm140508_000000_fix_disabled_matrix_blocks', '2014-07-22 18:49:14', '2014-07-22 18:49:15', '2014-07-22 18:49:15', '405a346e-c404-49cb-a207-314bcdac07f7');
INSERT INTO `migrations` (`id`, `pluginId`, `version`, `applyTime`, `dateCreated`, `dateUpdated`, `uid`) VALUES ('37', NULL, 'm140520_000000_add_id_column_to_templatecachecriteria', '2014-07-22 18:49:14', '2014-07-22 18:49:15', '2014-07-22 18:49:15', 'c7f362ed-4c77-4763-abb0-e65bb1d98117');
INSERT INTO `migrations` (`id`, `pluginId`, `version`, `applyTime`, `dateCreated`, `dateUpdated`, `uid`) VALUES ('38', NULL, 'm140603_000000_draft_names', '2014-07-22 18:49:14', '2014-07-22 18:49:15', '2014-07-22 18:49:15', 'a6c368ee-c2d9-486a-b2d6-7ef6e04d33fc');
INSERT INTO `migrations` (`id`, `pluginId`, `version`, `applyTime`, `dateCreated`, `dateUpdated`, `uid`) VALUES ('39', NULL, 'm140603_000001_draft_notes', '2014-07-22 18:49:14', '2014-07-22 18:49:15', '2014-07-22 18:49:15', 'e001bcfb-fc78-4e13-a6d2-4875cbb65eaf');
INSERT INTO `migrations` (`id`, `pluginId`, `version`, `applyTime`, `dateCreated`, `dateUpdated`, `uid`) VALUES ('40', NULL, 'm140603_000002_version_nums', '2014-07-22 18:49:14', '2014-07-22 18:49:15', '2014-07-22 18:49:15', '2d593753-34bf-4dad-8d35-71717e5c2851');
INSERT INTO `migrations` (`id`, `pluginId`, `version`, `applyTime`, `dateCreated`, `dateUpdated`, `uid`) VALUES ('41', NULL, 'm140603_000003_version_toggling', '2014-07-22 18:49:14', '2014-07-22 18:49:15', '2014-07-22 18:49:15', '10bc68ba-768e-44bf-a977-6e0e0f338112');
INSERT INTO `migrations` (`id`, `pluginId`, `version`, `applyTime`, `dateCreated`, `dateUpdated`, `uid`) VALUES ('42', NULL, 'm140603_000004_tokens', '2014-07-22 18:49:14', '2014-07-22 18:49:15', '2014-07-22 18:49:15', '7570591e-033b-4832-94c3-d16cb58fad5e');
INSERT INTO `migrations` (`id`, `pluginId`, `version`, `applyTime`, `dateCreated`, `dateUpdated`, `uid`) VALUES ('43', NULL, 'm140603_000005_asset_sources', '2014-07-22 18:49:14', '2014-07-22 18:49:15', '2014-07-22 18:49:15', '201318ae-8b10-4e2f-9bbd-3b68b9fe9fef');
INSERT INTO `migrations` (`id`, `pluginId`, `version`, `applyTime`, `dateCreated`, `dateUpdated`, `uid`) VALUES ('44', NULL, 'm140716_000001_allow_temp_source_transforms_again', '2014-07-24 14:27:38', '2014-07-24 14:27:38', '2014-07-24 14:27:38', '4fc4faa8-b155-4f99-be21-e109ab106ccf');
INSERT INTO `migrations` (`id`, `pluginId`, `version`, `applyTime`, `dateCreated`, `dateUpdated`, `uid`) VALUES ('45', NULL, 'm140731_000001_resave_elements_with_assets_in_temp_sources', '2014-08-18 14:39:34', '2014-08-18 14:39:34', '2014-08-18 14:39:34', '1ddea56c-0059-4b71-b29f-8b4b68deda7c');



--
-- Schema for table `plugins`
--

DROP TABLE IF EXISTS `plugins`;

CREATE TABLE `plugins` (
  `id` int(11) NOT NULL AUTO_INCREMENT,
  `class` varchar(150) COLLATE utf8_unicode_ci NOT NULL,
  `version` char(15) COLLATE utf8_unicode_ci NOT NULL,
  `enabled` tinyint(1) unsigned NOT NULL DEFAULT '0',
  `settings` text COLLATE utf8_unicode_ci,
  `installDate` datetime NOT NULL,
  `dateCreated` datetime NOT NULL,
  `dateUpdated` datetime NOT NULL,
  `uid` char(36) COLLATE utf8_unicode_ci NOT NULL DEFAULT '0',
  PRIMARY KEY (`id`)
) ENGINE=InnoDB DEFAULT CHARSET=utf8 COLLATE=utf8_unicode_ci;

--
-- Schema for table `rackspaceaccess`
--

DROP TABLE IF EXISTS `rackspaceaccess`;

CREATE TABLE `rackspaceaccess` (
  `id` int(11) NOT NULL AUTO_INCREMENT,
  `connectionKey` varchar(255) COLLATE utf8_unicode_ci NOT NULL,
  `token` varchar(255) COLLATE utf8_unicode_ci NOT NULL,
  `storageUrl` varchar(255) COLLATE utf8_unicode_ci NOT NULL,
  `cdnUrl` varchar(255) COLLATE utf8_unicode_ci NOT NULL,
  `dateCreated` datetime NOT NULL,
  `dateUpdated` datetime NOT NULL,
  `uid` char(36) COLLATE utf8_unicode_ci NOT NULL DEFAULT '0',
  PRIMARY KEY (`id`),
  UNIQUE KEY `rackspaceaccess_connectionKey_unq_idx` (`connectionKey`)
) ENGINE=InnoDB DEFAULT CHARSET=utf8 COLLATE=utf8_unicode_ci;

--
-- Schema for table `relations`
--

DROP TABLE IF EXISTS `relations`;

CREATE TABLE `relations` (
  `id` int(11) NOT NULL AUTO_INCREMENT,
  `fieldId` int(11) NOT NULL,
  `sourceId` int(11) NOT NULL,
  `sourceLocale` char(12) COLLATE utf8_unicode_ci DEFAULT NULL,
  `targetId` int(11) NOT NULL,
  `sortOrder` tinyint(4) DEFAULT NULL,
  `dateCreated` datetime NOT NULL,
  `dateUpdated` datetime NOT NULL,
  `uid` char(36) COLLATE utf8_unicode_ci NOT NULL DEFAULT '0',
  PRIMARY KEY (`id`),
  UNIQUE KEY `relations_fieldId_sourceId_sourceLocale_targetId_unq_idx` (`fieldId`,`sourceId`,`sourceLocale`,`targetId`),
  KEY `relations_sourceId_fk` (`sourceId`),
  KEY `relations_sourceLocale_fk` (`sourceLocale`),
  KEY `relations_targetId_fk` (`targetId`)
) ENGINE=InnoDB DEFAULT CHARSET=utf8 COLLATE=utf8_unicode_ci;

--
-- Schema for table `routes`
--

DROP TABLE IF EXISTS `routes`;

CREATE TABLE `routes` (
  `id` int(11) NOT NULL AUTO_INCREMENT,
  `locale` char(12) COLLATE utf8_unicode_ci DEFAULT NULL,
  `urlParts` varchar(255) COLLATE utf8_unicode_ci NOT NULL,
  `urlPattern` varchar(255) COLLATE utf8_unicode_ci NOT NULL,
  `template` varchar(255) COLLATE utf8_unicode_ci NOT NULL,
  `sortOrder` tinyint(4) DEFAULT NULL,
  `dateCreated` datetime NOT NULL,
  `dateUpdated` datetime NOT NULL,
  `uid` char(36) COLLATE utf8_unicode_ci NOT NULL DEFAULT '0',
  PRIMARY KEY (`id`),
  UNIQUE KEY `routes_urlPattern_unq_idx` (`urlPattern`),
  KEY `routes_locale_idx` (`locale`)
) ENGINE=InnoDB DEFAULT CHARSET=utf8 COLLATE=utf8_unicode_ci;

--
-- Schema for table `searchindex`
--

DROP TABLE IF EXISTS `searchindex`;

CREATE TABLE `searchindex` (
  `elementId` int(11) NOT NULL,
  `attribute` varchar(25) COLLATE utf8_unicode_ci NOT NULL,
  `fieldId` int(11) NOT NULL,
  `locale` char(12) COLLATE utf8_unicode_ci NOT NULL,
  `keywords` text COLLATE utf8_unicode_ci NOT NULL,
  PRIMARY KEY (`elementId`,`attribute`,`fieldId`,`locale`),
  FULLTEXT KEY `searchindex_keywords_idx` (`keywords`)
) ENGINE=MyISAM DEFAULT CHARSET=utf8 COLLATE=utf8_unicode_ci;

--
-- Data for table `searchindex`
--

INSERT INTO `searchindex` (`elementId`, `attribute`, `fieldId`, `locale`, `keywords`) VALUES ('1', 'username', '0', 'en_us', ' craft_dev ');
INSERT INTO `searchindex` (`elementId`, `attribute`, `fieldId`, `locale`, `keywords`) VALUES ('1', 'firstname', '0', 'en_us', ' randy ');
INSERT INTO `searchindex` (`elementId`, `attribute`, `fieldId`, `locale`, `keywords`) VALUES ('1', 'lastname', '0', 'en_us', ' cochran ');
INSERT INTO `searchindex` (`elementId`, `attribute`, `fieldId`, `locale`, `keywords`) VALUES ('1', 'fullname', '0', 'en_us', ' randy cochran ');
INSERT INTO `searchindex` (`elementId`, `attribute`, `fieldId`, `locale`, `keywords`) VALUES ('1', 'email', '0', 'en_us', ' dragfree gmail com ');
INSERT INTO `searchindex` (`elementId`, `attribute`, `fieldId`, `locale`, `keywords`) VALUES ('1', 'slug', '0', 'en_us', '');
INSERT INTO `searchindex` (`elementId`, `attribute`, `fieldId`, `locale`, `keywords`) VALUES ('2', 'field', '1', 'en_us', ' welcome to craft dev ');
INSERT INTO `searchindex` (`elementId`, `attribute`, `fieldId`, `locale`, `keywords`) VALUES ('2', 'field', '2', 'en_us', ' it s true this site doesn t have a whole lot of content yet but don t worry our web developers have just installed the cms and they re setting things up for the content editors this very moment soon craft dev will be an oasis of fresh perspectives sharp analyses and astute opinions that will keep you coming back again and again ');
INSERT INTO `searchindex` (`elementId`, `attribute`, `fieldId`, `locale`, `keywords`) VALUES ('2', 'slug', '0', 'en_us', ' homepage ');
INSERT INTO `searchindex` (`elementId`, `attribute`, `fieldId`, `locale`, `keywords`) VALUES ('2', 'title', '0', 'en_us', ' home ');
INSERT INTO `searchindex` (`elementId`, `attribute`, `fieldId`, `locale`, `keywords`) VALUES ('3', 'field', '2', 'en_us', ' craft is the cms that s powering craft dev it s beautiful powerful flexible and easy to use and it s made by pixel tonic we can t wait to dive in and see what it s capable of this is even more captivating content which you couldn t see on the news index page because it was entered after a page break and the news index template only likes to show the content on the first page craft a nice alternative to word if you re making a website ');
INSERT INTO `searchindex` (`elementId`, `attribute`, `fieldId`, `locale`, `keywords`) VALUES ('3', 'field', '3', 'en_us', '');
INSERT INTO `searchindex` (`elementId`, `attribute`, `fieldId`, `locale`, `keywords`) VALUES ('3', 'slug', '0', 'en_us', '');
INSERT INTO `searchindex` (`elementId`, `attribute`, `fieldId`, `locale`, `keywords`) VALUES ('3', 'title', '0', 'en_us', ' we just installed craft ');
INSERT INTO `searchindex` (`elementId`, `attribute`, `fieldId`, `locale`, `keywords`) VALUES ('5', 'slug', '0', 'en_us', ' about ');
INSERT INTO `searchindex` (`elementId`, `attribute`, `fieldId`, `locale`, `keywords`) VALUES ('5', 'title', '0', 'en_us', ' about us ');
INSERT INTO `searchindex` (`elementId`, `attribute`, `fieldId`, `locale`, `keywords`) VALUES ('6', 'slug', '0', 'en_us', '');
INSERT INTO `searchindex` (`elementId`, `attribute`, `fieldId`, `locale`, `keywords`) VALUES ('6', 'title', '0', 'en_us', ' ux ');
INSERT INTO `searchindex` (`elementId`, `attribute`, `fieldId`, `locale`, `keywords`) VALUES ('7', 'slug', '0', 'en_us', '');
INSERT INTO `searchindex` (`elementId`, `attribute`, `fieldId`, `locale`, `keywords`) VALUES ('7', 'title', '0', 'en_us', ' design ');
INSERT INTO `searchindex` (`elementId`, `attribute`, `fieldId`, `locale`, `keywords`) VALUES ('8', 'slug', '0', 'en_us', '');
INSERT INTO `searchindex` (`elementId`, `attribute`, `fieldId`, `locale`, `keywords`) VALUES ('8', 'title', '0', 'en_us', ' technology ');
INSERT INTO `searchindex` (`elementId`, `attribute`, `fieldId`, `locale`, `keywords`) VALUES ('9', 'slug', '0', 'en_us', '');
INSERT INTO `searchindex` (`elementId`, `attribute`, `fieldId`, `locale`, `keywords`) VALUES ('9', 'title', '0', 'en_us', ' strategy ');
INSERT INTO `searchindex` (`elementId`, `attribute`, `fieldId`, `locale`, `keywords`) VALUES ('10', 'slug', '0', 'en_us', '');
INSERT INTO `searchindex` (`elementId`, `attribute`, `fieldId`, `locale`, `keywords`) VALUES ('10', 'title', '0', 'en_us', ' news ');



--
-- Schema for table `sections`
--

DROP TABLE IF EXISTS `sections`;

CREATE TABLE `sections` (
  `id` int(11) NOT NULL AUTO_INCREMENT,
  `structureId` int(11) DEFAULT NULL,
  `name` varchar(255) COLLATE utf8_unicode_ci NOT NULL,
  `handle` varchar(255) COLLATE utf8_unicode_ci NOT NULL,
  `type` enum('single','channel','structure') COLLATE utf8_unicode_ci NOT NULL DEFAULT 'channel',
  `hasUrls` tinyint(1) unsigned NOT NULL DEFAULT '1',
  `template` varchar(500) COLLATE utf8_unicode_ci DEFAULT NULL,
  `enableVersioning` tinyint(1) unsigned NOT NULL DEFAULT '0',
  `dateCreated` datetime NOT NULL,
  `dateUpdated` datetime NOT NULL,
  `uid` char(36) COLLATE utf8_unicode_ci NOT NULL DEFAULT '0',
  PRIMARY KEY (`id`),
  UNIQUE KEY `sections_name_unq_idx` (`name`),
  UNIQUE KEY `sections_handle_unq_idx` (`handle`),
  KEY `sections_structureId_fk` (`structureId`)
) ENGINE=InnoDB AUTO_INCREMENT=7 DEFAULT CHARSET=utf8 COLLATE=utf8_unicode_ci;

--
-- Data for table `sections`
--

INSERT INTO `sections` (`id`, `structureId`, `name`, `handle`, `type`, `hasUrls`, `template`, `enableVersioning`, `dateCreated`, `dateUpdated`, `uid`) VALUES ('1', NULL, 'Home', 'homepage', 'single', '1', 'index', '1', '2014-07-22 18:49:19', '2014-07-24 14:30:56', '898494a1-aaa1-4b6c-8d55-b5d1228997db');
INSERT INTO `sections` (`id`, `structureId`, `name`, `handle`, `type`, `hasUrls`, `template`, `enableVersioning`, `dateCreated`, `dateUpdated`, `uid`) VALUES ('3', NULL, 'Articles', 'articles', 'channel', '1', 'articles/_entry', '1', '2014-07-24 14:33:27', '2014-07-24 14:33:27', '02058c30-b0bb-459a-9c20-a820787703e7');
INSERT INTO `sections` (`id`, `structureId`, `name`, `handle`, `type`, `hasUrls`, `template`, `enableVersioning`, `dateCreated`, `dateUpdated`, `uid`) VALUES ('4', NULL, 'Portfolio', 'portfolio', 'channel', '1', 'portfolio/_entry', '1', '2014-07-24 14:33:50', '2014-07-24 14:33:50', 'd5a2cde2-b47d-4f59-8e3d-e29bd68281b8');
INSERT INTO `sections` (`id`, `structureId`, `name`, `handle`, `type`, `hasUrls`, `template`, `enableVersioning`, `dateCreated`, `dateUpdated`, `uid`) VALUES ('5', NULL, 'About Us', 'about', 'single', '1', 'about-us', '1', '2014-07-24 14:58:18', '2014-08-13 16:36:29', '6e14c487-981a-4065-9e23-54f90f81b751');
INSERT INTO `sections` (`id`, `structureId`, `name`, `handle`, `type`, `hasUrls`, `template`, `enableVersioning`, `dateCreated`, `dateUpdated`, `uid`) VALUES ('6', NULL, 'Contact', 'contact', 'single', '1', 'contact', '1', '2014-07-24 15:00:04', '2014-07-24 15:00:04', 'e71741d6-272b-4c78-bb33-79e5b903097e');



--
-- Schema for table `sections_i18n`
--

DROP TABLE IF EXISTS `sections_i18n`;

CREATE TABLE `sections_i18n` (
  `id` int(11) NOT NULL AUTO_INCREMENT,
  `sectionId` int(11) NOT NULL,
  `locale` char(12) COLLATE utf8_unicode_ci NOT NULL,
  `enabledByDefault` tinyint(1) unsigned NOT NULL DEFAULT '1',
  `urlFormat` varchar(255) COLLATE utf8_unicode_ci DEFAULT NULL,
  `nestedUrlFormat` varchar(255) COLLATE utf8_unicode_ci DEFAULT NULL,
  `dateCreated` datetime NOT NULL,
  `dateUpdated` datetime NOT NULL,
  `uid` char(36) COLLATE utf8_unicode_ci NOT NULL DEFAULT '0',
  PRIMARY KEY (`id`),
  UNIQUE KEY `sections_i18n_sectionId_locale_unq_idx` (`sectionId`,`locale`),
  KEY `sections_i18n_locale_fk` (`locale`)
) ENGINE=InnoDB AUTO_INCREMENT=7 DEFAULT CHARSET=utf8 COLLATE=utf8_unicode_ci;

--
-- Data for table `sections_i18n`
--

INSERT INTO `sections_i18n` (`id`, `sectionId`, `locale`, `enabledByDefault`, `urlFormat`, `nestedUrlFormat`, `dateCreated`, `dateUpdated`, `uid`) VALUES ('1', '1', 'en_us', '0', '__home__', NULL, '2014-07-22 18:49:19', '2014-07-24 14:30:56', '82bb8332-a2e5-4513-80d1-4001f0135930');
INSERT INTO `sections_i18n` (`id`, `sectionId`, `locale`, `enabledByDefault`, `urlFormat`, `nestedUrlFormat`, `dateCreated`, `dateUpdated`, `uid`) VALUES ('3', '3', 'en_us', '0', 'articles/{slug}', NULL, '2014-07-24 14:33:27', '2014-07-24 14:33:27', '9571e1ba-3006-4822-87fe-59e65d82324b');
INSERT INTO `sections_i18n` (`id`, `sectionId`, `locale`, `enabledByDefault`, `urlFormat`, `nestedUrlFormat`, `dateCreated`, `dateUpdated`, `uid`) VALUES ('4', '4', 'en_us', '0', 'portfolio/{slug}', NULL, '2014-07-24 14:33:50', '2014-07-24 14:33:50', '41e75e43-a54d-439a-8755-05aa900c0aa1');
INSERT INTO `sections_i18n` (`id`, `sectionId`, `locale`, `enabledByDefault`, `urlFormat`, `nestedUrlFormat`, `dateCreated`, `dateUpdated`, `uid`) VALUES ('5', '5', 'en_us', '0', 'about', NULL, '2014-07-24 14:58:18', '2014-08-13 16:36:09', '9ddc83ff-7bfa-4dc8-a2a9-476669620fa0');
INSERT INTO `sections_i18n` (`id`, `sectionId`, `locale`, `enabledByDefault`, `urlFormat`, `nestedUrlFormat`, `dateCreated`, `dateUpdated`, `uid`) VALUES ('6', '6', 'en_us', '0', 'contact', NULL, '2014-07-24 15:00:04', '2014-07-24 15:00:04', '052a733f-8d72-4e52-bdec-5ee0d380ff49');



--
-- Schema for table `sessions`
--

DROP TABLE IF EXISTS `sessions`;

CREATE TABLE `sessions` (
  `id` int(11) NOT NULL AUTO_INCREMENT,
  `userId` int(11) NOT NULL,
  `token` char(100) COLLATE utf8_unicode_ci NOT NULL,
  `dateCreated` datetime NOT NULL,
  `dateUpdated` datetime NOT NULL,
  `uid` char(36) COLLATE utf8_unicode_ci NOT NULL DEFAULT '0',
  PRIMARY KEY (`id`),
  KEY `sessions_uid_idx` (`uid`),
  KEY `sessions_token_idx` (`token`),
  KEY `sessions_dateUpdated_idx` (`dateUpdated`),
  KEY `sessions_userId_fk` (`userId`)
) ENGINE=InnoDB AUTO_INCREMENT=5 DEFAULT CHARSET=utf8 COLLATE=utf8_unicode_ci;

--
-- Data for table `sessions`
--

INSERT INTO `sessions` (`id`, `userId`, `token`, `dateCreated`, `dateUpdated`, `uid`) VALUES ('1', '1', 'c8adc4fd6643cb27ad6210e9b5dcf7cfc7f6acefczozNjoiY2EwODYzNDEtYjc1Yy00NWY2LWFiNDctMzc0OGQyYWNkNzI1Ijs=', '2014-07-22 18:49:18', '2014-07-22 18:49:18', '358b5dff-bc9a-4069-b392-9a5f54afee4c');
INSERT INTO `sessions` (`id`, `userId`, `token`, `dateCreated`, `dateUpdated`, `uid`) VALUES ('2', '1', 'e52b7ba57d2cba5ea982eab46dd084e9e4ca2349czozNjoiMWQxMmUwMTMtYjhkYy00YjE2LWJhMDEtNTJjOGYwMjYzOWY0Ijs=', '2014-08-01 18:03:04', '2014-08-01 18:03:04', '6e5e4be8-a827-46a6-8113-a77b05ea0814');
INSERT INTO `sessions` (`id`, `userId`, `token`, `dateCreated`, `dateUpdated`, `uid`) VALUES ('4', '1', 'd4b4710ca6d580affc3ad8031e16b5c70fd7e8c9czozNjoiZDU1YjA1MjgtMTdiMi00OWZlLThlNTMtMTYyMDA2NjVhNjEwIjs=', '2014-08-18 14:37:29', '2014-08-19 15:53:16', '7ded3d7c-e7d0-4697-87b7-2b01e9d933c1');



--
-- Schema for table `shunnedmessages`
--

DROP TABLE IF EXISTS `shunnedmessages`;

CREATE TABLE `shunnedmessages` (
  `id` int(11) NOT NULL AUTO_INCREMENT,
  `userId` int(11) NOT NULL,
  `message` varchar(255) COLLATE utf8_unicode_ci NOT NULL,
  `expiryDate` datetime DEFAULT NULL,
  `dateCreated` datetime NOT NULL,
  `dateUpdated` datetime NOT NULL,
  `uid` char(36) COLLATE utf8_unicode_ci NOT NULL DEFAULT '0',
  PRIMARY KEY (`id`),
  UNIQUE KEY `shunnedmessages_userId_message_unq_idx` (`userId`,`message`)
) ENGINE=InnoDB DEFAULT CHARSET=utf8 COLLATE=utf8_unicode_ci;

--
-- Schema for table `structureelements`
--

DROP TABLE IF EXISTS `structureelements`;

CREATE TABLE `structureelements` (
  `id` int(11) NOT NULL AUTO_INCREMENT,
  `structureId` int(11) NOT NULL,
  `elementId` int(11) DEFAULT NULL,
  `root` int(11) unsigned DEFAULT NULL,
  `lft` int(11) unsigned NOT NULL,
  `rgt` int(11) unsigned NOT NULL,
  `level` smallint(6) unsigned NOT NULL,
  `dateCreated` datetime NOT NULL,
  `dateUpdated` datetime NOT NULL,
  `uid` char(36) COLLATE utf8_unicode_ci NOT NULL DEFAULT '0',
  PRIMARY KEY (`id`),
  UNIQUE KEY `structureelements_structureId_elementId_unq_idx` (`structureId`,`elementId`),
  KEY `structureelements_root_idx` (`root`),
  KEY `structureelements_lft_idx` (`lft`),
  KEY `structureelements_rgt_idx` (`rgt`),
  KEY `structureelements_level_idx` (`level`),
  KEY `structureelements_elementId_fk` (`elementId`)
) ENGINE=InnoDB AUTO_INCREMENT=7 DEFAULT CHARSET=utf8 COLLATE=utf8_unicode_ci;

--
-- Data for table `structureelements`
--

INSERT INTO `structureelements` (`id`, `structureId`, `elementId`, `root`, `lft`, `rgt`, `level`, `dateCreated`, `dateUpdated`, `uid`) VALUES ('1', '1', NULL, '1', '1', '12', '0', '2014-08-18 22:41:14', '2014-08-18 22:41:14', '2233a48c-8cbe-4b30-b6b4-33baa117e0eb');
INSERT INTO `structureelements` (`id`, `structureId`, `elementId`, `root`, `lft`, `rgt`, `level`, `dateCreated`, `dateUpdated`, `uid`) VALUES ('2', '1', '6', '1', '2', '3', '1', '2014-08-18 22:41:14', '2014-08-18 22:41:14', '73be77bd-98d3-4506-9f12-117c478ccc09');
INSERT INTO `structureelements` (`id`, `structureId`, `elementId`, `root`, `lft`, `rgt`, `level`, `dateCreated`, `dateUpdated`, `uid`) VALUES ('3', '1', '7', '1', '4', '5', '1', '2014-08-18 22:41:22', '2014-08-18 22:41:22', '64c8943d-268f-4d39-afb3-46e7d334a401');
INSERT INTO `structureelements` (`id`, `structureId`, `elementId`, `root`, `lft`, `rgt`, `level`, `dateCreated`, `dateUpdated`, `uid`) VALUES ('4', '1', '8', '1', '6', '7', '1', '2014-08-18 22:41:31', '2014-08-18 22:41:31', 'dbf72812-0d77-4ecb-abaf-cfddf0beba6a');
INSERT INTO `structureelements` (`id`, `structureId`, `elementId`, `root`, `lft`, `rgt`, `level`, `dateCreated`, `dateUpdated`, `uid`) VALUES ('5', '1', '9', '1', '8', '9', '1', '2014-08-18 22:41:38', '2014-08-18 22:41:38', 'ceec5f5e-0cf7-4420-9ffe-73e7301aca67');
INSERT INTO `structureelements` (`id`, `structureId`, `elementId`, `root`, `lft`, `rgt`, `level`, `dateCreated`, `dateUpdated`, `uid`) VALUES ('6', '1', '10', '1', '10', '11', '1', '2014-08-18 22:41:48', '2014-08-18 22:41:48', '787ff55f-7ccd-40b2-9629-bbad93bb6be4');



--
-- Schema for table `structures`
--

DROP TABLE IF EXISTS `structures`;

CREATE TABLE `structures` (
  `id` int(11) NOT NULL AUTO_INCREMENT,
  `maxLevels` smallint(6) unsigned DEFAULT NULL,
  `movePermission` varchar(255) COLLATE utf8_unicode_ci DEFAULT NULL,
  `dateCreated` datetime NOT NULL,
  `dateUpdated` datetime NOT NULL,
  `uid` char(36) COLLATE utf8_unicode_ci NOT NULL DEFAULT '0',
  PRIMARY KEY (`id`)
) ENGINE=InnoDB AUTO_INCREMENT=2 DEFAULT CHARSET=utf8 COLLATE=utf8_unicode_ci;

--
-- Data for table `structures`
--

INSERT INTO `structures` (`id`, `maxLevels`, `movePermission`, `dateCreated`, `dateUpdated`, `uid`) VALUES ('1', NULL, NULL, '2014-08-18 22:40:00', '2014-08-18 22:40:00', 'be58d1b7-6253-44f9-815b-d82741ddfa43');



--
-- Schema for table `systemsettings`
--

DROP TABLE IF EXISTS `systemsettings`;

CREATE TABLE `systemsettings` (
  `id` int(11) NOT NULL AUTO_INCREMENT,
  `category` varchar(15) COLLATE utf8_unicode_ci NOT NULL,
  `settings` text COLLATE utf8_unicode_ci,
  `dateCreated` datetime NOT NULL,
  `dateUpdated` datetime NOT NULL,
  `uid` char(36) COLLATE utf8_unicode_ci NOT NULL DEFAULT '0',
  PRIMARY KEY (`id`),
  UNIQUE KEY `systemsettings_category_unq_idx` (`category`)
) ENGINE=InnoDB AUTO_INCREMENT=2 DEFAULT CHARSET=utf8 COLLATE=utf8_unicode_ci;

--
-- Data for table `systemsettings`
--

INSERT INTO `systemsettings` (`id`, `category`, `settings`, `dateCreated`, `dateUpdated`, `uid`) VALUES ('1', 'email', '{\"protocol\":\"php\",\"emailAddress\":\"dragfree@gmail.com\",\"senderName\":\"WF Craft Dev\"}', '2014-07-22 18:49:18', '2014-07-22 18:49:18', '66388e3f-0489-4f55-b523-0614a4bc6ef5');



--
-- Schema for table `taggroups`
--

DROP TABLE IF EXISTS `taggroups`;

CREATE TABLE `taggroups` (
  `id` int(11) NOT NULL AUTO_INCREMENT,
  `name` varchar(255) COLLATE utf8_unicode_ci NOT NULL,
  `handle` varchar(255) COLLATE utf8_unicode_ci NOT NULL,
  `fieldLayoutId` int(11) DEFAULT NULL,
  `dateCreated` datetime NOT NULL,
  `dateUpdated` datetime NOT NULL,
  `uid` char(36) COLLATE utf8_unicode_ci NOT NULL DEFAULT '0',
  PRIMARY KEY (`id`),
  UNIQUE KEY `taggroups_name_unq_idx` (`name`),
  UNIQUE KEY `taggroups_handle_unq_idx` (`handle`),
  KEY `taggroups_fieldLayoutId_fk` (`fieldLayoutId`)
) ENGINE=InnoDB AUTO_INCREMENT=3 DEFAULT CHARSET=utf8 COLLATE=utf8_unicode_ci;

--
-- Data for table `taggroups`
--

INSERT INTO `taggroups` (`id`, `name`, `handle`, `fieldLayoutId`, `dateCreated`, `dateUpdated`, `uid`) VALUES ('1', 'Default', 'default', '1', '2014-07-22 18:49:19', '2014-07-22 18:49:19', '3db8c94a-0a85-4d92-b094-2d0ea5fd7bcf');
INSERT INTO `taggroups` (`id`, `name`, `handle`, `fieldLayoutId`, `dateCreated`, `dateUpdated`, `uid`) VALUES ('2', 'Article Tags', 'articleTags', '13', '2014-07-24 15:10:18', '2014-07-24 15:12:08', 'e548939c-7e5a-4d27-8f18-cc6aaf4bc6c1');



--
-- Schema for table `tags`
--

DROP TABLE IF EXISTS `tags`;

CREATE TABLE `tags` (
  `id` int(11) NOT NULL,
  `groupId` int(11) NOT NULL,
  `name` varchar(255) COLLATE utf8_unicode_ci NOT NULL,
  `dateCreated` datetime NOT NULL,
  `dateUpdated` datetime NOT NULL,
  `uid` char(36) COLLATE utf8_unicode_ci NOT NULL DEFAULT '0',
  PRIMARY KEY (`id`),
  UNIQUE KEY `tags_name_groupId_unq_idx` (`name`,`groupId`),
  KEY `tags_groupId_fk` (`groupId`)
) ENGINE=InnoDB DEFAULT CHARSET=utf8 COLLATE=utf8_unicode_ci;

--
-- Schema for table `tasks`
--

DROP TABLE IF EXISTS `tasks`;

CREATE TABLE `tasks` (
  `id` int(11) NOT NULL AUTO_INCREMENT,
  `root` int(11) unsigned DEFAULT NULL,
  `lft` int(11) unsigned NOT NULL,
  `rgt` int(11) unsigned NOT NULL,
  `level` smallint(6) unsigned NOT NULL,
  `currentStep` int(11) unsigned DEFAULT NULL,
  `totalSteps` int(11) unsigned DEFAULT NULL,
  `status` enum('pending','error','running') COLLATE utf8_unicode_ci DEFAULT NULL,
  `type` varchar(150) COLLATE utf8_unicode_ci NOT NULL,
  `description` varchar(255) COLLATE utf8_unicode_ci DEFAULT NULL,
  `settings` text COLLATE utf8_unicode_ci,
  `dateCreated` datetime NOT NULL,
  `dateUpdated` datetime NOT NULL,
  `uid` char(36) COLLATE utf8_unicode_ci NOT NULL DEFAULT '0',
  PRIMARY KEY (`id`),
  KEY `tasks_root_idx` (`root`),
  KEY `tasks_lft_idx` (`lft`),
  KEY `tasks_rgt_idx` (`rgt`),
  KEY `tasks_level_idx` (`level`)
) ENGINE=InnoDB DEFAULT CHARSET=utf8 COLLATE=utf8_unicode_ci;

--
-- Schema for table `templatecachecriteria`
--

DROP TABLE IF EXISTS `templatecachecriteria`;

CREATE TABLE `templatecachecriteria` (
  `id` int(11) NOT NULL AUTO_INCREMENT,
  `cacheId` int(11) NOT NULL,
  `type` varchar(150) COLLATE utf8_unicode_ci NOT NULL,
  `criteria` text COLLATE utf8_unicode_ci NOT NULL,
  PRIMARY KEY (`id`),
  KEY `templatecachecriteria_cacheId_fk` (`cacheId`),
  KEY `templatecachecriteria_type_idx` (`type`)
) ENGINE=InnoDB DEFAULT CHARSET=utf8 COLLATE=utf8_unicode_ci;

--
-- Schema for table `templatecacheelements`
--

DROP TABLE IF EXISTS `templatecacheelements`;

CREATE TABLE `templatecacheelements` (
  `cacheId` int(11) NOT NULL,
  `elementId` int(11) NOT NULL,
  KEY `templatecacheelements_cacheId_fk` (`cacheId`),
  KEY `templatecacheelements_elementId_fk` (`elementId`)
) ENGINE=InnoDB DEFAULT CHARSET=utf8 COLLATE=utf8_unicode_ci;

--
-- Schema for table `templatecaches`
--

DROP TABLE IF EXISTS `templatecaches`;

CREATE TABLE `templatecaches` (
  `id` int(11) NOT NULL AUTO_INCREMENT,
  `cacheKey` varchar(36) COLLATE utf8_unicode_ci NOT NULL,
  `locale` char(12) COLLATE utf8_unicode_ci NOT NULL,
  `path` varchar(255) COLLATE utf8_unicode_ci DEFAULT NULL,
  `expiryDate` datetime NOT NULL,
  `body` mediumtext COLLATE utf8_unicode_ci NOT NULL,
  PRIMARY KEY (`id`),
  KEY `templatecaches_expiryDate_cacheKey_locale_path_idx` (`expiryDate`,`cacheKey`,`locale`,`path`),
  KEY `templatecaches_locale_fk` (`locale`)
) ENGINE=InnoDB DEFAULT CHARSET=utf8 COLLATE=utf8_unicode_ci;

--
-- Schema for table `tokens`
--

DROP TABLE IF EXISTS `tokens`;

CREATE TABLE `tokens` (
  `id` int(11) NOT NULL AUTO_INCREMENT,
  `token` char(32) COLLATE utf8_unicode_ci NOT NULL,
  `route` text COLLATE utf8_unicode_ci,
  `usageLimit` tinyint(3) unsigned DEFAULT NULL,
  `usageCount` tinyint(3) unsigned DEFAULT NULL,
  `expiryDate` datetime NOT NULL,
  `dateCreated` datetime NOT NULL,
  `dateUpdated` datetime NOT NULL,
  `uid` char(36) COLLATE utf8_unicode_ci NOT NULL DEFAULT '0',
  PRIMARY KEY (`id`),
  UNIQUE KEY `tokens_token_unq_idx` (`token`),
  KEY `tokens_expiryDate_idx` (`expiryDate`)
) ENGINE=InnoDB DEFAULT CHARSET=utf8 COLLATE=utf8_unicode_ci;

--
-- Schema for table `usergroups`
--

DROP TABLE IF EXISTS `usergroups`;

CREATE TABLE `usergroups` (
  `id` int(11) NOT NULL AUTO_INCREMENT,
  `name` varchar(255) COLLATE utf8_unicode_ci NOT NULL,
  `handle` varchar(255) COLLATE utf8_unicode_ci NOT NULL,
  `dateCreated` datetime NOT NULL,
  `dateUpdated` datetime NOT NULL,
  `uid` char(36) COLLATE utf8_unicode_ci NOT NULL DEFAULT '0',
  PRIMARY KEY (`id`)
) ENGINE=InnoDB AUTO_INCREMENT=3 DEFAULT CHARSET=utf8 COLLATE=utf8_unicode_ci;

--
-- Data for table `usergroups`
--

INSERT INTO `usergroups` (`id`, `name`, `handle`, `dateCreated`, `dateUpdated`, `uid`) VALUES ('1', 'Administrators', 'administrators', '2014-08-18 21:13:00', '2014-08-18 21:13:00', '45b133d5-8e0f-49eb-98f0-dc0f4c3a66ae');
INSERT INTO `usergroups` (`id`, `name`, `handle`, `dateCreated`, `dateUpdated`, `uid`) VALUES ('2', 'Team Members', 'teamMembers', '2014-08-18 21:31:02', '2014-08-18 21:31:02', '29e02937-ff66-4d33-9c09-9cee551a7426');



--
-- Schema for table `usergroups_users`
--

DROP TABLE IF EXISTS `usergroups_users`;

CREATE TABLE `usergroups_users` (
  `id` int(11) NOT NULL AUTO_INCREMENT,
  `groupId` int(11) NOT NULL,
  `userId` int(11) NOT NULL,
  `dateCreated` datetime NOT NULL,
  `dateUpdated` datetime NOT NULL,
  `uid` char(36) COLLATE utf8_unicode_ci NOT NULL DEFAULT '0',
  PRIMARY KEY (`id`),
  UNIQUE KEY `usergroups_users_groupId_userId_unq_idx` (`groupId`,`userId`),
  KEY `usergroups_users_userId_fk` (`userId`)
) ENGINE=InnoDB DEFAULT CHARSET=utf8 COLLATE=utf8_unicode_ci;

--
-- Schema for table `userpermissions`
--

DROP TABLE IF EXISTS `userpermissions`;

CREATE TABLE `userpermissions` (
  `id` int(11) NOT NULL AUTO_INCREMENT,
  `name` varchar(255) COLLATE utf8_unicode_ci NOT NULL,
  `dateCreated` datetime NOT NULL,
  `dateUpdated` datetime NOT NULL,
  `uid` char(36) COLLATE utf8_unicode_ci NOT NULL DEFAULT '0',
  PRIMARY KEY (`id`),
  UNIQUE KEY `userpermissions_name_unq_idx` (`name`)
) ENGINE=InnoDB AUTO_INCREMENT=55 DEFAULT CHARSET=utf8 COLLATE=utf8_unicode_ci;

--
-- Data for table `userpermissions`
--

INSERT INTO `userpermissions` (`id`, `name`, `dateCreated`, `dateUpdated`, `uid`) VALUES ('1', 'accesssitewhensystemisoff', '2014-08-18 21:13:01', '2014-08-18 21:13:01', '8062b743-5265-4952-be60-8efda937ca1f');
INSERT INTO `userpermissions` (`id`, `name`, `dateCreated`, `dateUpdated`, `uid`) VALUES ('2', 'accesscp', '2014-08-18 21:13:01', '2014-08-18 21:13:01', 'd3ca94d0-3059-48a7-ae23-6e6f3841a5be');
INSERT INTO `userpermissions` (`id`, `name`, `dateCreated`, `dateUpdated`, `uid`) VALUES ('3', 'accesscpwhensystemisoff', '2014-08-18 21:13:01', '2014-08-18 21:13:01', 'b2e64fc0-b93c-492d-a8f4-ab14f704c15e');
INSERT INTO `userpermissions` (`id`, `name`, `dateCreated`, `dateUpdated`, `uid`) VALUES ('4', 'performupdates', '2014-08-18 21:13:01', '2014-08-18 21:13:01', 'c62d7cb3-816f-42ec-89e1-c6d8aec517e7');
INSERT INTO `userpermissions` (`id`, `name`, `dateCreated`, `dateUpdated`, `uid`) VALUES ('5', 'editusers', '2014-08-18 21:13:01', '2014-08-18 21:13:01', '8e036c16-6df0-43ee-88d5-c6af559c3090');
INSERT INTO `userpermissions` (`id`, `name`, `dateCreated`, `dateUpdated`, `uid`) VALUES ('6', 'registerusers', '2014-08-18 21:13:01', '2014-08-18 21:13:01', '1c55e85d-0c19-46c2-877f-be5ab8591ea5');
INSERT INTO `userpermissions` (`id`, `name`, `dateCreated`, `dateUpdated`, `uid`) VALUES ('7', 'assignuserpermissions', '2014-08-18 21:13:01', '2014-08-18 21:13:01', 'a7c0207a-97a5-4b41-9c35-1c9277fb87f6');
INSERT INTO `userpermissions` (`id`, `name`, `dateCreated`, `dateUpdated`, `uid`) VALUES ('8', 'administrateusers', '2014-08-18 21:13:01', '2014-08-18 21:13:01', '02f91422-46f9-4e79-a194-ddfaa10fef96');
INSERT INTO `userpermissions` (`id`, `name`, `dateCreated`, `dateUpdated`, `uid`) VALUES ('9', 'deleteusers', '2014-08-18 21:13:01', '2014-08-18 21:13:01', 'fbcd0b9b-c09b-4fe2-9322-9c6fcf03ce9e');
INSERT INTO `userpermissions` (`id`, `name`, `dateCreated`, `dateUpdated`, `uid`) VALUES ('10', 'editentries:5', '2014-08-18 21:13:01', '2014-08-18 21:13:01', 'd11ef15a-ab9e-485b-9e75-e0e1406900dc');
INSERT INTO `userpermissions` (`id`, `name`, `dateCreated`, `dateUpdated`, `uid`) VALUES ('11', 'publishentries:5', '2014-08-18 21:13:01', '2014-08-18 21:13:01', 'b322fb7a-e520-4a17-8e7e-27f50e25970f');
INSERT INTO `userpermissions` (`id`, `name`, `dateCreated`, `dateUpdated`, `uid`) VALUES ('12', 'editpeerentrydrafts:5', '2014-08-18 21:13:01', '2014-08-18 21:13:01', '21572efc-d2fb-4db6-9ab7-981ded671bfa');
INSERT INTO `userpermissions` (`id`, `name`, `dateCreated`, `dateUpdated`, `uid`) VALUES ('13', 'publishpeerentrydrafts:5', '2014-08-18 21:13:01', '2014-08-18 21:13:01', 'b76a3d26-b10a-4529-a9dd-8f63c59a231e');
INSERT INTO `userpermissions` (`id`, `name`, `dateCreated`, `dateUpdated`, `uid`) VALUES ('14', 'deletepeerentrydrafts:5', '2014-08-18 21:13:01', '2014-08-18 21:13:01', '25a71afa-f4bc-4246-b75f-dcda5d208c6f');
INSERT INTO `userpermissions` (`id`, `name`, `dateCreated`, `dateUpdated`, `uid`) VALUES ('15', 'editentries:3', '2014-08-18 21:13:01', '2014-08-18 21:13:01', '6592a52d-8c9b-4a4e-920e-6e192bb73bbd');
INSERT INTO `userpermissions` (`id`, `name`, `dateCreated`, `dateUpdated`, `uid`) VALUES ('16', 'createentries:3', '2014-08-18 21:13:01', '2014-08-18 21:13:01', '2aecaa37-0e6b-4822-8034-318b7ac8e49e');
INSERT INTO `userpermissions` (`id`, `name`, `dateCreated`, `dateUpdated`, `uid`) VALUES ('17', 'publishentries:3', '2014-08-18 21:13:01', '2014-08-18 21:13:01', 'a66e6df7-8575-44a6-9a27-c2c0be1c4346');
INSERT INTO `userpermissions` (`id`, `name`, `dateCreated`, `dateUpdated`, `uid`) VALUES ('18', 'deleteentries:3', '2014-08-18 21:13:01', '2014-08-18 21:13:01', '41bfe9fc-dd7c-46c3-8195-4470cea3cc80');
INSERT INTO `userpermissions` (`id`, `name`, `dateCreated`, `dateUpdated`, `uid`) VALUES ('19', 'editpeerentries:3', '2014-08-18 21:13:01', '2014-08-18 21:13:01', '8280301f-1494-4483-92dd-0ab79de4302b');
INSERT INTO `userpermissions` (`id`, `name`, `dateCreated`, `dateUpdated`, `uid`) VALUES ('20', 'publishpeerentries:3', '2014-08-18 21:13:01', '2014-08-18 21:13:01', 'cde724e1-6a22-490a-975a-340659025681');
INSERT INTO `userpermissions` (`id`, `name`, `dateCreated`, `dateUpdated`, `uid`) VALUES ('21', 'deletepeerentries:3', '2014-08-18 21:13:01', '2014-08-18 21:13:01', 'ee1ec38b-81d1-462d-8d96-8c20dafb0c15');
INSERT INTO `userpermissions` (`id`, `name`, `dateCreated`, `dateUpdated`, `uid`) VALUES ('22', 'editpeerentrydrafts:3', '2014-08-18 21:13:01', '2014-08-18 21:13:01', 'c18db2eb-7c28-4a01-a0bc-0cfdd70b6825');
INSERT INTO `userpermissions` (`id`, `name`, `dateCreated`, `dateUpdated`, `uid`) VALUES ('23', 'publishpeerentrydrafts:3', '2014-08-18 21:13:01', '2014-08-18 21:13:01', '367f2fef-01b0-4043-abda-9c7d00d6a869');
INSERT INTO `userpermissions` (`id`, `name`, `dateCreated`, `dateUpdated`, `uid`) VALUES ('24', 'deletepeerentrydrafts:3', '2014-08-18 21:13:01', '2014-08-18 21:13:01', 'd3facb8e-03b6-4bf1-b3e7-0286c6a3b3c6');
INSERT INTO `userpermissions` (`id`, `name`, `dateCreated`, `dateUpdated`, `uid`) VALUES ('25', 'editentries:6', '2014-08-18 21:13:01', '2014-08-18 21:13:01', '6e7dcdaa-433a-43f0-ab1d-76fca2ba1257');
INSERT INTO `userpermissions` (`id`, `name`, `dateCreated`, `dateUpdated`, `uid`) VALUES ('26', 'publishentries:6', '2014-08-18 21:13:01', '2014-08-18 21:13:01', 'cc921cba-1a27-412e-bca5-72d580612ed1');
INSERT INTO `userpermissions` (`id`, `name`, `dateCreated`, `dateUpdated`, `uid`) VALUES ('27', 'editpeerentrydrafts:6', '2014-08-18 21:13:01', '2014-08-18 21:13:01', 'e8cf0c7f-efb9-4d7d-824c-b3a99707d590');
INSERT INTO `userpermissions` (`id`, `name`, `dateCreated`, `dateUpdated`, `uid`) VALUES ('28', 'publishpeerentrydrafts:6', '2014-08-18 21:13:01', '2014-08-18 21:13:01', '693d8806-3d9c-4cb2-beee-5d5f7f81db77');
INSERT INTO `userpermissions` (`id`, `name`, `dateCreated`, `dateUpdated`, `uid`) VALUES ('29', 'deletepeerentrydrafts:6', '2014-08-18 21:13:01', '2014-08-18 21:13:01', 'a57debdf-1397-4581-a9fd-c0a0eaafc1f4');
INSERT INTO `userpermissions` (`id`, `name`, `dateCreated`, `dateUpdated`, `uid`) VALUES ('30', 'editentries:1', '2014-08-18 21:13:01', '2014-08-18 21:13:01', '980bc6c4-cc77-4880-8b7d-060b5f42881c');
INSERT INTO `userpermissions` (`id`, `name`, `dateCreated`, `dateUpdated`, `uid`) VALUES ('31', 'publishentries:1', '2014-08-18 21:13:01', '2014-08-18 21:13:01', '70cfbd40-ce92-4fa4-901d-f0fb1fd925c3');
INSERT INTO `userpermissions` (`id`, `name`, `dateCreated`, `dateUpdated`, `uid`) VALUES ('32', 'editpeerentrydrafts:1', '2014-08-18 21:13:01', '2014-08-18 21:13:01', 'f11c86ff-10fb-4389-a0be-520dad0eceeb');
INSERT INTO `userpermissions` (`id`, `name`, `dateCreated`, `dateUpdated`, `uid`) VALUES ('33', 'publishpeerentrydrafts:1', '2014-08-18 21:13:01', '2014-08-18 21:13:01', 'b7c6d96d-5e19-4d4b-9ffa-001fb1924ffb');
INSERT INTO `userpermissions` (`id`, `name`, `dateCreated`, `dateUpdated`, `uid`) VALUES ('34', 'deletepeerentrydrafts:1', '2014-08-18 21:13:01', '2014-08-18 21:13:01', '38f08378-64da-463e-8ced-6bace539c08b');
INSERT INTO `userpermissions` (`id`, `name`, `dateCreated`, `dateUpdated`, `uid`) VALUES ('35', 'editentries:4', '2014-08-18 21:13:01', '2014-08-18 21:13:01', '68e08d03-9519-453a-9e7a-7cfa05e678d4');
INSERT INTO `userpermissions` (`id`, `name`, `dateCreated`, `dateUpdated`, `uid`) VALUES ('36', 'createentries:4', '2014-08-18 21:13:01', '2014-08-18 21:13:01', '96c2d647-0f2d-47fb-a936-3a54900a3846');
INSERT INTO `userpermissions` (`id`, `name`, `dateCreated`, `dateUpdated`, `uid`) VALUES ('37', 'publishentries:4', '2014-08-18 21:13:01', '2014-08-18 21:13:01', '451270d4-5d25-404e-aa2a-5b2895cc9ab8');
INSERT INTO `userpermissions` (`id`, `name`, `dateCreated`, `dateUpdated`, `uid`) VALUES ('38', 'deleteentries:4', '2014-08-18 21:13:01', '2014-08-18 21:13:01', 'dfca54ac-8fc0-4125-abea-189bd8c74df5');
INSERT INTO `userpermissions` (`id`, `name`, `dateCreated`, `dateUpdated`, `uid`) VALUES ('39', 'editpeerentries:4', '2014-08-18 21:13:01', '2014-08-18 21:13:01', 'da12f831-e23f-4ea7-b000-9459291a884c');
INSERT INTO `userpermissions` (`id`, `name`, `dateCreated`, `dateUpdated`, `uid`) VALUES ('40', 'publishpeerentries:4', '2014-08-18 21:13:01', '2014-08-18 21:13:01', '89977b05-ff5c-4707-8282-4cacb3154a17');
INSERT INTO `userpermissions` (`id`, `name`, `dateCreated`, `dateUpdated`, `uid`) VALUES ('41', 'deletepeerentries:4', '2014-08-18 21:13:01', '2014-08-18 21:13:01', '3ef7b516-3035-4b17-8b0e-0fc854d7fa03');
INSERT INTO `userpermissions` (`id`, `name`, `dateCreated`, `dateUpdated`, `uid`) VALUES ('42', 'editpeerentrydrafts:4', '2014-08-18 21:13:01', '2014-08-18 21:13:01', '7a9332e7-bac2-44dc-9a06-af0c31e628c6');
INSERT INTO `userpermissions` (`id`, `name`, `dateCreated`, `dateUpdated`, `uid`) VALUES ('43', 'publishpeerentrydrafts:4', '2014-08-18 21:13:01', '2014-08-18 21:13:01', '41e07f79-02b8-449a-95a0-0f9ed3b5acd1');
INSERT INTO `userpermissions` (`id`, `name`, `dateCreated`, `dateUpdated`, `uid`) VALUES ('44', 'deletepeerentrydrafts:4', '2014-08-18 21:13:01', '2014-08-18 21:13:01', '42d133dc-923b-40dc-8e9c-64bf5170f167');
INSERT INTO `userpermissions` (`id`, `name`, `dateCreated`, `dateUpdated`, `uid`) VALUES ('45', 'editentries:7', '2014-08-18 21:13:01', '2014-08-18 21:13:01', '1195913e-20fa-41ac-81b9-b2f5735e2289');
INSERT INTO `userpermissions` (`id`, `name`, `dateCreated`, `dateUpdated`, `uid`) VALUES ('46', 'createentries:7', '2014-08-18 21:13:01', '2014-08-18 21:13:01', 'cccf7ac9-7c4c-4302-b9ed-4eb55efc2435');
INSERT INTO `userpermissions` (`id`, `name`, `dateCreated`, `dateUpdated`, `uid`) VALUES ('47', 'publishentries:7', '2014-08-18 21:13:01', '2014-08-18 21:13:01', 'af22e4ae-bbcc-43c6-8ebc-75e2f045776a');
INSERT INTO `userpermissions` (`id`, `name`, `dateCreated`, `dateUpdated`, `uid`) VALUES ('48', 'deleteentries:7', '2014-08-18 21:13:01', '2014-08-18 21:13:01', '2b948d06-8354-44e1-b7ee-60bc24fe8954');
INSERT INTO `userpermissions` (`id`, `name`, `dateCreated`, `dateUpdated`, `uid`) VALUES ('49', 'editpeerentries:7', '2014-08-18 21:13:01', '2014-08-18 21:13:01', '66da2afc-3b7b-46a0-89b1-3a1ed9586bd1');
INSERT INTO `userpermissions` (`id`, `name`, `dateCreated`, `dateUpdated`, `uid`) VALUES ('50', 'publishpeerentries:7', '2014-08-18 21:13:01', '2014-08-18 21:13:01', 'e04ad0ac-fa2f-48dd-8313-c2e4515bfea2');
INSERT INTO `userpermissions` (`id`, `name`, `dateCreated`, `dateUpdated`, `uid`) VALUES ('51', 'deletepeerentries:7', '2014-08-18 21:13:01', '2014-08-18 21:13:01', 'db36f727-e813-4a58-a314-347a47552ec8');
INSERT INTO `userpermissions` (`id`, `name`, `dateCreated`, `dateUpdated`, `uid`) VALUES ('52', 'editpeerentrydrafts:7', '2014-08-18 21:13:01', '2014-08-18 21:13:01', 'e2705c38-e039-4a55-82ef-ddc89bebea28');
INSERT INTO `userpermissions` (`id`, `name`, `dateCreated`, `dateUpdated`, `uid`) VALUES ('53', 'publishpeerentrydrafts:7', '2014-08-18 21:13:01', '2014-08-18 21:13:01', 'cc36c618-d2ab-4497-9c00-099d71930bbc');
INSERT INTO `userpermissions` (`id`, `name`, `dateCreated`, `dateUpdated`, `uid`) VALUES ('54', 'deletepeerentrydrafts:7', '2014-08-18 21:13:01', '2014-08-18 21:13:01', '7df58e35-0582-44de-9bc7-6d3cff93cac4');



--
-- Schema for table `userpermissions_usergroups`
--

DROP TABLE IF EXISTS `userpermissions_usergroups`;

CREATE TABLE `userpermissions_usergroups` (
  `id` int(11) NOT NULL AUTO_INCREMENT,
  `permissionId` int(11) NOT NULL,
  `groupId` int(11) NOT NULL,
  `dateCreated` datetime NOT NULL,
  `dateUpdated` datetime NOT NULL,
  `uid` char(36) COLLATE utf8_unicode_ci NOT NULL DEFAULT '0',
  PRIMARY KEY (`id`),
  UNIQUE KEY `userpermissions_usergroups_permissionId_groupId_unq_idx` (`permissionId`,`groupId`),
  KEY `userpermissions_usergroups_groupId_fk` (`groupId`)
) ENGINE=InnoDB AUTO_INCREMENT=62 DEFAULT CHARSET=utf8 COLLATE=utf8_unicode_ci;

--
-- Data for table `userpermissions_usergroups`
--

INSERT INTO `userpermissions_usergroups` (`id`, `permissionId`, `groupId`, `dateCreated`, `dateUpdated`, `uid`) VALUES ('1', '1', '1', '2014-08-18 21:13:01', '2014-08-18 21:13:01', 'ef49bf91-572d-4ee0-b0d1-d9a6b128be69');
INSERT INTO `userpermissions_usergroups` (`id`, `permissionId`, `groupId`, `dateCreated`, `dateUpdated`, `uid`) VALUES ('2', '2', '1', '2014-08-18 21:13:01', '2014-08-18 21:13:01', 'b9b23860-a55a-493f-b700-2a97308041d4');
INSERT INTO `userpermissions_usergroups` (`id`, `permissionId`, `groupId`, `dateCreated`, `dateUpdated`, `uid`) VALUES ('3', '3', '1', '2014-08-18 21:13:01', '2014-08-18 21:13:01', 'd1cde287-733d-41df-bc77-a81087cb15f1');
INSERT INTO `userpermissions_usergroups` (`id`, `permissionId`, `groupId`, `dateCreated`, `dateUpdated`, `uid`) VALUES ('4', '4', '1', '2014-08-18 21:13:01', '2014-08-18 21:13:01', 'e8e75c63-bf5b-4d90-92f6-28a2f7c2fa4b');
INSERT INTO `userpermissions_usergroups` (`id`, `permissionId`, `groupId`, `dateCreated`, `dateUpdated`, `uid`) VALUES ('5', '5', '1', '2014-08-18 21:13:01', '2014-08-18 21:13:01', '92a57c8e-dccb-408b-b5e2-6f63d0c9b100');
INSERT INTO `userpermissions_usergroups` (`id`, `permissionId`, `groupId`, `dateCreated`, `dateUpdated`, `uid`) VALUES ('6', '6', '1', '2014-08-18 21:13:01', '2014-08-18 21:13:01', 'fc379a08-9080-4866-bc39-35a00a9cbbff');
INSERT INTO `userpermissions_usergroups` (`id`, `permissionId`, `groupId`, `dateCreated`, `dateUpdated`, `uid`) VALUES ('7', '7', '1', '2014-08-18 21:13:01', '2014-08-18 21:13:01', '57d2cb2f-d074-4068-aeec-c2a3e367f9cc');
INSERT INTO `userpermissions_usergroups` (`id`, `permissionId`, `groupId`, `dateCreated`, `dateUpdated`, `uid`) VALUES ('8', '8', '1', '2014-08-18 21:13:01', '2014-08-18 21:13:01', 'dabccf1c-0985-4977-8323-11da68f0147d');
INSERT INTO `userpermissions_usergroups` (`id`, `permissionId`, `groupId`, `dateCreated`, `dateUpdated`, `uid`) VALUES ('9', '9', '1', '2014-08-18 21:13:01', '2014-08-18 21:13:01', '0ce89a4e-e06d-4ee9-9545-a93f04b9c07d');
INSERT INTO `userpermissions_usergroups` (`id`, `permissionId`, `groupId`, `dateCreated`, `dateUpdated`, `uid`) VALUES ('10', '10', '1', '2014-08-18 21:13:01', '2014-08-18 21:13:01', 'ba2c069b-b8ac-4c7a-abff-c3170d337e49');
INSERT INTO `userpermissions_usergroups` (`id`, `permissionId`, `groupId`, `dateCreated`, `dateUpdated`, `uid`) VALUES ('11', '11', '1', '2014-08-18 21:13:01', '2014-08-18 21:13:01', '4606ba4c-808f-490b-ae2a-b9ee8b3c7752');
INSERT INTO `userpermissions_usergroups` (`id`, `permissionId`, `groupId`, `dateCreated`, `dateUpdated`, `uid`) VALUES ('12', '12', '1', '2014-08-18 21:13:01', '2014-08-18 21:13:01', 'aba82cf0-f1b4-423e-8535-0f4423c9004e');
INSERT INTO `userpermissions_usergroups` (`id`, `permissionId`, `groupId`, `dateCreated`, `dateUpdated`, `uid`) VALUES ('13', '13', '1', '2014-08-18 21:13:01', '2014-08-18 21:13:01', '7ddae8c7-d906-466f-a5aa-73d5629e119e');
INSERT INTO `userpermissions_usergroups` (`id`, `permissionId`, `groupId`, `dateCreated`, `dateUpdated`, `uid`) VALUES ('14', '14', '1', '2014-08-18 21:13:01', '2014-08-18 21:13:01', '13485a52-092a-4e39-83d6-7ba309d6ff37');
INSERT INTO `userpermissions_usergroups` (`id`, `permissionId`, `groupId`, `dateCreated`, `dateUpdated`, `uid`) VALUES ('15', '15', '1', '2014-08-18 21:13:01', '2014-08-18 21:13:01', '7bcbcec9-7e1a-420e-b2a4-a8ea5d92dd24');
INSERT INTO `userpermissions_usergroups` (`id`, `permissionId`, `groupId`, `dateCreated`, `dateUpdated`, `uid`) VALUES ('16', '16', '1', '2014-08-18 21:13:01', '2014-08-18 21:13:01', '6abc94fd-8a40-46c3-90b7-b97f28eeec5a');
INSERT INTO `userpermissions_usergroups` (`id`, `permissionId`, `groupId`, `dateCreated`, `dateUpdated`, `uid`) VALUES ('17', '17', '1', '2014-08-18 21:13:01', '2014-08-18 21:13:01', '5d9e9554-04e7-4afa-9102-f69ed16971a1');
INSERT INTO `userpermissions_usergroups` (`id`, `permissionId`, `groupId`, `dateCreated`, `dateUpdated`, `uid`) VALUES ('18', '18', '1', '2014-08-18 21:13:01', '2014-08-18 21:13:01', 'dd4cf957-d224-4ea5-b5b8-d007e5170c8e');
INSERT INTO `userpermissions_usergroups` (`id`, `permissionId`, `groupId`, `dateCreated`, `dateUpdated`, `uid`) VALUES ('19', '19', '1', '2014-08-18 21:13:01', '2014-08-18 21:13:01', '1aca4b5f-ac91-44a3-b8c2-9db798fefa08');
INSERT INTO `userpermissions_usergroups` (`id`, `permissionId`, `groupId`, `dateCreated`, `dateUpdated`, `uid`) VALUES ('20', '20', '1', '2014-08-18 21:13:01', '2014-08-18 21:13:01', '217a3061-c9bc-4ac7-b070-0e26407b33e4');
INSERT INTO `userpermissions_usergroups` (`id`, `permissionId`, `groupId`, `dateCreated`, `dateUpdated`, `uid`) VALUES ('21', '21', '1', '2014-08-18 21:13:01', '2014-08-18 21:13:01', '9cbdaacf-c632-4a6b-835f-2ebc89508029');
INSERT INTO `userpermissions_usergroups` (`id`, `permissionId`, `groupId`, `dateCreated`, `dateUpdated`, `uid`) VALUES ('22', '22', '1', '2014-08-18 21:13:01', '2014-08-18 21:13:01', 'e1cc7b94-6cee-459b-9b19-5e52bf7cb941');
INSERT INTO `userpermissions_usergroups` (`id`, `permissionId`, `groupId`, `dateCreated`, `dateUpdated`, `uid`) VALUES ('23', '23', '1', '2014-08-18 21:13:01', '2014-08-18 21:13:01', '53e43407-25ec-46b5-9f4e-548dc4fb2a3d');
INSERT INTO `userpermissions_usergroups` (`id`, `permissionId`, `groupId`, `dateCreated`, `dateUpdated`, `uid`) VALUES ('24', '24', '1', '2014-08-18 21:13:01', '2014-08-18 21:13:01', '1d1f0e9b-9b35-4fa1-ab8c-09b536bcfc63');
INSERT INTO `userpermissions_usergroups` (`id`, `permissionId`, `groupId`, `dateCreated`, `dateUpdated`, `uid`) VALUES ('25', '25', '1', '2014-08-18 21:13:01', '2014-08-18 21:13:01', '22666a3a-f30b-4ccd-bc5f-9b2fa05d174d');
INSERT INTO `userpermissions_usergroups` (`id`, `permissionId`, `groupId`, `dateCreated`, `dateUpdated`, `uid`) VALUES ('26', '26', '1', '2014-08-18 21:13:01', '2014-08-18 21:13:01', '97b77117-dade-4e8d-8eb7-13b3f73d15f5');
INSERT INTO `userpermissions_usergroups` (`id`, `permissionId`, `groupId`, `dateCreated`, `dateUpdated`, `uid`) VALUES ('27', '27', '1', '2014-08-18 21:13:01', '2014-08-18 21:13:01', '9fa7a856-3f1b-4802-b6a2-6fe99eb5cf7d');
INSERT INTO `userpermissions_usergroups` (`id`, `permissionId`, `groupId`, `dateCreated`, `dateUpdated`, `uid`) VALUES ('28', '28', '1', '2014-08-18 21:13:01', '2014-08-18 21:13:01', '87bb4fb9-70b1-4b87-9fb1-ddcab3d6189f');
INSERT INTO `userpermissions_usergroups` (`id`, `permissionId`, `groupId`, `dateCreated`, `dateUpdated`, `uid`) VALUES ('29', '29', '1', '2014-08-18 21:13:01', '2014-08-18 21:13:01', '4abdd5ad-7cfe-493f-b7c0-39e69474fe0d');
INSERT INTO `userpermissions_usergroups` (`id`, `permissionId`, `groupId`, `dateCreated`, `dateUpdated`, `uid`) VALUES ('30', '30', '1', '2014-08-18 21:13:01', '2014-08-18 21:13:01', '6041f41e-04e4-414d-9fb5-f1d77bb7072c');
INSERT INTO `userpermissions_usergroups` (`id`, `permissionId`, `groupId`, `dateCreated`, `dateUpdated`, `uid`) VALUES ('31', '31', '1', '2014-08-18 21:13:01', '2014-08-18 21:13:01', 'bcb359de-dc96-4aa5-a647-e69af919f2bb');
INSERT INTO `userpermissions_usergroups` (`id`, `permissionId`, `groupId`, `dateCreated`, `dateUpdated`, `uid`) VALUES ('32', '32', '1', '2014-08-18 21:13:01', '2014-08-18 21:13:01', '94254afa-6cc4-4beb-90a6-0fbe4c4b64ee');
INSERT INTO `userpermissions_usergroups` (`id`, `permissionId`, `groupId`, `dateCreated`, `dateUpdated`, `uid`) VALUES ('33', '33', '1', '2014-08-18 21:13:01', '2014-08-18 21:13:01', '4c70afff-266b-4ba6-ad1d-6e227924aedf');
INSERT INTO `userpermissions_usergroups` (`id`, `permissionId`, `groupId`, `dateCreated`, `dateUpdated`, `uid`) VALUES ('34', '34', '1', '2014-08-18 21:13:01', '2014-08-18 21:13:01', '4f8e3505-8be2-482a-9551-952ddd50965f');
INSERT INTO `userpermissions_usergroups` (`id`, `permissionId`, `groupId`, `dateCreated`, `dateUpdated`, `uid`) VALUES ('35', '35', '1', '2014-08-18 21:13:01', '2014-08-18 21:13:01', '3bb4abf4-8f3c-459a-8826-cba6ad036ed2');
INSERT INTO `userpermissions_usergroups` (`id`, `permissionId`, `groupId`, `dateCreated`, `dateUpdated`, `uid`) VALUES ('36', '36', '1', '2014-08-18 21:13:01', '2014-08-18 21:13:01', 'f0daac7d-42bc-4353-99eb-83e666d413d5');
INSERT INTO `userpermissions_usergroups` (`id`, `permissionId`, `groupId`, `dateCreated`, `dateUpdated`, `uid`) VALUES ('37', '37', '1', '2014-08-18 21:13:01', '2014-08-18 21:13:01', 'c2314db9-2049-4cf0-a8a9-fafe9d14d6b6');
INSERT INTO `userpermissions_usergroups` (`id`, `permissionId`, `groupId`, `dateCreated`, `dateUpdated`, `uid`) VALUES ('38', '38', '1', '2014-08-18 21:13:01', '2014-08-18 21:13:01', 'fb19af55-dd8f-4a11-a04a-15ea06ab1629');
INSERT INTO `userpermissions_usergroups` (`id`, `permissionId`, `groupId`, `dateCreated`, `dateUpdated`, `uid`) VALUES ('39', '39', '1', '2014-08-18 21:13:01', '2014-08-18 21:13:01', 'a4b7643e-bb80-4eed-a0a6-a8f70e6194b9');
INSERT INTO `userpermissions_usergroups` (`id`, `permissionId`, `groupId`, `dateCreated`, `dateUpdated`, `uid`) VALUES ('40', '40', '1', '2014-08-18 21:13:01', '2014-08-18 21:13:01', '1f19bdb3-7678-4547-a954-8b607f231c41');
INSERT INTO `userpermissions_usergroups` (`id`, `permissionId`, `groupId`, `dateCreated`, `dateUpdated`, `uid`) VALUES ('41', '41', '1', '2014-08-18 21:13:01', '2014-08-18 21:13:01', '904339a6-2305-425e-977e-bf5e4a5438bd');
INSERT INTO `userpermissions_usergroups` (`id`, `permissionId`, `groupId`, `dateCreated`, `dateUpdated`, `uid`) VALUES ('42', '42', '1', '2014-08-18 21:13:01', '2014-08-18 21:13:01', '508c6ae9-7d33-472b-a07d-a784a96d90b8');
INSERT INTO `userpermissions_usergroups` (`id`, `permissionId`, `groupId`, `dateCreated`, `dateUpdated`, `uid`) VALUES ('43', '43', '1', '2014-08-18 21:13:01', '2014-08-18 21:13:01', '18658983-1025-43d5-8113-e6662af552dd');
INSERT INTO `userpermissions_usergroups` (`id`, `permissionId`, `groupId`, `dateCreated`, `dateUpdated`, `uid`) VALUES ('44', '44', '1', '2014-08-18 21:13:01', '2014-08-18 21:13:01', 'fdaafa47-2a77-4c29-a880-d3c42abd35aa');
INSERT INTO `userpermissions_usergroups` (`id`, `permissionId`, `groupId`, `dateCreated`, `dateUpdated`, `uid`) VALUES ('45', '45', '1', '2014-08-18 21:13:01', '2014-08-18 21:13:01', 'b7078d36-661a-4485-ba36-a3300de784ed');
INSERT INTO `userpermissions_usergroups` (`id`, `permissionId`, `groupId`, `dateCreated`, `dateUpdated`, `uid`) VALUES ('46', '46', '1', '2014-08-18 21:13:01', '2014-08-18 21:13:01', '4a6432ec-144d-4838-85fa-f4461caee884');
INSERT INTO `userpermissions_usergroups` (`id`, `permissionId`, `groupId`, `dateCreated`, `dateUpdated`, `uid`) VALUES ('47', '47', '1', '2014-08-18 21:13:01', '2014-08-18 21:13:01', '0a5fb820-f29a-4b90-b1b8-734fc4f76a2d');
INSERT INTO `userpermissions_usergroups` (`id`, `permissionId`, `groupId`, `dateCreated`, `dateUpdated`, `uid`) VALUES ('48', '48', '1', '2014-08-18 21:13:01', '2014-08-18 21:13:01', '804526df-5718-4822-902c-9d2b7caf1500');
INSERT INTO `userpermissions_usergroups` (`id`, `permissionId`, `groupId`, `dateCreated`, `dateUpdated`, `uid`) VALUES ('49', '49', '1', '2014-08-18 21:13:01', '2014-08-18 21:13:01', '2f8d9e82-db06-4c98-a095-306f0549e0e4');
INSERT INTO `userpermissions_usergroups` (`id`, `permissionId`, `groupId`, `dateCreated`, `dateUpdated`, `uid`) VALUES ('50', '50', '1', '2014-08-18 21:13:01', '2014-08-18 21:13:01', '5333a258-aa47-43cd-8f34-8e621a3f5b6b');
INSERT INTO `userpermissions_usergroups` (`id`, `permissionId`, `groupId`, `dateCreated`, `dateUpdated`, `uid`) VALUES ('51', '51', '1', '2014-08-18 21:13:01', '2014-08-18 21:13:01', 'a133a167-0f25-496d-8029-6444060691f4');
INSERT INTO `userpermissions_usergroups` (`id`, `permissionId`, `groupId`, `dateCreated`, `dateUpdated`, `uid`) VALUES ('52', '52', '1', '2014-08-18 21:13:01', '2014-08-18 21:13:01', 'bceb033a-d6b8-4bcb-b97c-9996298e1acb');
INSERT INTO `userpermissions_usergroups` (`id`, `permissionId`, `groupId`, `dateCreated`, `dateUpdated`, `uid`) VALUES ('53', '53', '1', '2014-08-18 21:13:01', '2014-08-18 21:13:01', '90f89d52-e92e-43d8-b498-0fba3c3d12a8');
INSERT INTO `userpermissions_usergroups` (`id`, `permissionId`, `groupId`, `dateCreated`, `dateUpdated`, `uid`) VALUES ('54', '54', '1', '2014-08-18 21:13:01', '2014-08-18 21:13:01', '0b2544b8-f1c2-41a7-a04a-9c14bca739eb');
INSERT INTO `userpermissions_usergroups` (`id`, `permissionId`, `groupId`, `dateCreated`, `dateUpdated`, `uid`) VALUES ('55', '2', '2', '2014-08-18 21:31:03', '2014-08-18 21:31:03', '5dbae49a-d14a-4921-ae31-d8ae54d947e7');
INSERT INTO `userpermissions_usergroups` (`id`, `permissionId`, `groupId`, `dateCreated`, `dateUpdated`, `uid`) VALUES ('56', '15', '2', '2014-08-18 21:31:03', '2014-08-18 21:31:03', '0f8b1093-15dd-481f-9428-ef8aa3198e2d');
INSERT INTO `userpermissions_usergroups` (`id`, `permissionId`, `groupId`, `dateCreated`, `dateUpdated`, `uid`) VALUES ('57', '16', '2', '2014-08-18 21:31:03', '2014-08-18 21:31:03', '09adf907-49fc-4248-84b9-6532791a4471');
INSERT INTO `userpermissions_usergroups` (`id`, `permissionId`, `groupId`, `dateCreated`, `dateUpdated`, `uid`) VALUES ('58', '17', '2', '2014-08-18 21:31:03', '2014-08-18 21:31:03', '4e5a7894-5ec8-4565-863f-35634ea5ffec');
INSERT INTO `userpermissions_usergroups` (`id`, `permissionId`, `groupId`, `dateCreated`, `dateUpdated`, `uid`) VALUES ('59', '35', '2', '2014-08-18 21:31:03', '2014-08-18 21:31:03', '5b034058-553d-417c-9eeb-7e796ccf2692');
INSERT INTO `userpermissions_usergroups` (`id`, `permissionId`, `groupId`, `dateCreated`, `dateUpdated`, `uid`) VALUES ('60', '36', '2', '2014-08-18 21:31:03', '2014-08-18 21:31:03', 'a5d1b250-90a6-4ebb-858a-8fe8905ce19d');
INSERT INTO `userpermissions_usergroups` (`id`, `permissionId`, `groupId`, `dateCreated`, `dateUpdated`, `uid`) VALUES ('61', '37', '2', '2014-08-18 21:31:03', '2014-08-18 21:31:03', '7bd9621c-ee81-462b-8a2b-8d9b7b732544');



--
-- Schema for table `userpermissions_users`
--

DROP TABLE IF EXISTS `userpermissions_users`;

CREATE TABLE `userpermissions_users` (
  `id` int(11) NOT NULL AUTO_INCREMENT,
  `permissionId` int(11) NOT NULL,
  `userId` int(11) NOT NULL,
  `dateCreated` datetime NOT NULL,
  `dateUpdated` datetime NOT NULL,
  `uid` char(36) COLLATE utf8_unicode_ci NOT NULL DEFAULT '0',
  PRIMARY KEY (`id`),
  UNIQUE KEY `userpermissions_users_permissionId_userId_unq_idx` (`permissionId`,`userId`),
  KEY `userpermissions_users_userId_fk` (`userId`)
) ENGINE=InnoDB DEFAULT CHARSET=utf8 COLLATE=utf8_unicode_ci;

--
-- Schema for table `users`
--

DROP TABLE IF EXISTS `users`;

CREATE TABLE `users` (
  `id` int(11) NOT NULL,
  `username` varchar(100) COLLATE utf8_unicode_ci NOT NULL,
  `photo` varchar(50) COLLATE utf8_unicode_ci DEFAULT NULL,
  `firstName` varchar(100) COLLATE utf8_unicode_ci DEFAULT NULL,
  `lastName` varchar(100) COLLATE utf8_unicode_ci DEFAULT NULL,
  `email` varchar(255) COLLATE utf8_unicode_ci NOT NULL,
  `password` char(255) COLLATE utf8_unicode_ci DEFAULT NULL,
  `preferredLocale` char(12) COLLATE utf8_unicode_ci DEFAULT NULL,
  `admin` tinyint(1) unsigned NOT NULL DEFAULT '0',
  `client` tinyint(1) unsigned NOT NULL DEFAULT '0',
  `status` enum('active','locked','suspended','pending','archived') COLLATE utf8_unicode_ci DEFAULT 'pending',
  `lastLoginDate` datetime DEFAULT NULL,
  `lastLoginAttemptIPAddress` varchar(45) COLLATE utf8_unicode_ci DEFAULT NULL,
  `invalidLoginWindowStart` datetime DEFAULT NULL,
  `invalidLoginCount` tinyint(4) unsigned DEFAULT NULL,
  `lastInvalidLoginDate` datetime DEFAULT NULL,
  `lockoutDate` datetime DEFAULT NULL,
  `verificationCode` char(100) COLLATE utf8_unicode_ci DEFAULT NULL,
  `verificationCodeIssuedDate` datetime DEFAULT NULL,
  `unverifiedEmail` varchar(255) COLLATE utf8_unicode_ci DEFAULT NULL,
  `passwordResetRequired` tinyint(1) unsigned NOT NULL DEFAULT '0',
  `lastPasswordChangeDate` datetime DEFAULT NULL,
  `dateCreated` datetime NOT NULL,
  `dateUpdated` datetime NOT NULL,
  `uid` char(36) COLLATE utf8_unicode_ci NOT NULL DEFAULT '0',
  PRIMARY KEY (`id`),
  UNIQUE KEY `users_username_unq_idx` (`username`),
  UNIQUE KEY `users_email_unq_idx` (`email`),
  KEY `users_verificationCode_idx` (`verificationCode`),
  KEY `users_uid_idx` (`uid`),
  KEY `users_preferredLocale_fk` (`preferredLocale`)
) ENGINE=InnoDB DEFAULT CHARSET=utf8 COLLATE=utf8_unicode_ci;

--
-- Data for table `users`
--

INSERT INTO `users` (`id`, `username`, `photo`, `firstName`, `lastName`, `email`, `password`, `preferredLocale`, `admin`, `client`, `status`, `lastLoginDate`, `lastLoginAttemptIPAddress`, `invalidLoginWindowStart`, `invalidLoginCount`, `lastInvalidLoginDate`, `lockoutDate`, `verificationCode`, `verificationCodeIssuedDate`, `unverifiedEmail`, `passwordResetRequired`, `lastPasswordChangeDate`, `dateCreated`, `dateUpdated`, `uid`) VALUES ('1', 'craft_dev', NULL, 'Randy', 'Cochran', 'dragfree@gmail.com', '$2a$13$D.fAdcfikibDfCCVOtvaweAL90qFovru0t2HQt5SRXRPTPLKyoQya', NULL, '1', '0', 'active', '2014-08-18 14:37:29', '::1', NULL, NULL, NULL, NULL, NULL, NULL, NULL, '0', '2014-07-22 18:49:16', '2014-07-22 18:49:17', '2014-08-18 14:37:29', '50cf4e3d-394e-4297-becd-3b68b10fa77e');



--
-- Schema for table `widgets`
--

DROP TABLE IF EXISTS `widgets`;

CREATE TABLE `widgets` (
  `id` int(11) NOT NULL AUTO_INCREMENT,
  `userId` int(11) NOT NULL,
  `type` varchar(150) COLLATE utf8_unicode_ci NOT NULL,
  `sortOrder` tinyint(4) DEFAULT NULL,
  `settings` text COLLATE utf8_unicode_ci,
  `enabled` tinyint(1) unsigned NOT NULL DEFAULT '1',
  `dateCreated` datetime NOT NULL,
  `dateUpdated` datetime NOT NULL,
  `uid` char(36) COLLATE utf8_unicode_ci NOT NULL DEFAULT '0',
  PRIMARY KEY (`id`),
  KEY `widgets_userId_fk` (`userId`)
) ENGINE=InnoDB AUTO_INCREMENT=6 DEFAULT CHARSET=utf8 COLLATE=utf8_unicode_ci;

--
-- Data for table `widgets`
--

INSERT INTO `widgets` (`id`, `userId`, `type`, `sortOrder`, `settings`, `enabled`, `dateCreated`, `dateUpdated`, `uid`) VALUES ('1', '1', 'QuickPost', '1', '{\"section\":\"2\"}', '1', '2014-07-22 18:49:30', '2014-07-22 18:49:30', 'e92d0dad-8158-40ad-a511-916c8447d431');
INSERT INTO `widgets` (`id`, `userId`, `type`, `sortOrder`, `settings`, `enabled`, `dateCreated`, `dateUpdated`, `uid`) VALUES ('2', '1', 'RecentEntries', '2', NULL, '1', '2014-07-22 18:49:30', '2014-07-22 18:49:30', '04ca20f3-ebe9-4c79-a8d8-38ad2a0e9a9e');
INSERT INTO `widgets` (`id`, `userId`, `type`, `sortOrder`, `settings`, `enabled`, `dateCreated`, `dateUpdated`, `uid`) VALUES ('3', '1', 'GetHelp', '3', NULL, '1', '2014-07-22 18:49:30', '2014-07-22 18:49:30', '583e7649-1384-4ca3-ac9a-e6d6987e2e6a');
INSERT INTO `widgets` (`id`, `userId`, `type`, `sortOrder`, `settings`, `enabled`, `dateCreated`, `dateUpdated`, `uid`) VALUES ('4', '1', 'Updates', '4', NULL, '1', '2014-07-22 18:49:30', '2014-07-22 18:49:30', '389db52d-6075-45f2-809f-3876ddc27cdb');
INSERT INTO `widgets` (`id`, `userId`, `type`, `sortOrder`, `settings`, `enabled`, `dateCreated`, `dateUpdated`, `uid`) VALUES ('5', '1', 'Feed', '5', '{\"url\":\"http:\\/\\/feeds.feedburner.com\\/blogandtonic\",\"title\":\"Blog & Tonic\"}', '1', '2014-07-22 18:49:30', '2014-07-22 18:49:30', '9ba51b66-148f-49b1-8d67-2bf2c5511ec5');


--
-- Constraints for tables
--


--
-- Constraints for table `assetfiles`
--
ALTER TABLE `assetfiles`
	ADD CONSTRAINT `assetfiles_folderId_fk` FOREIGN KEY (`folderId`) REFERENCES `assetfolders` (`id`) ON DELETE CASCADE,
	ADD CONSTRAINT `assetfiles_id_fk` FOREIGN KEY (`id`) REFERENCES `elements` (`id`) ON DELETE CASCADE,
	ADD CONSTRAINT `assetfiles_sourceId_fk` FOREIGN KEY (`sourceId`) REFERENCES `assetsources` (`id`) ON DELETE CASCADE;

--
-- Constraints for table `assetfolders`
--
ALTER TABLE `assetfolders`
	ADD CONSTRAINT `assetfolders_parentId_fk` FOREIGN KEY (`parentId`) REFERENCES `assetfolders` (`id`) ON DELETE CASCADE,
	ADD CONSTRAINT `assetfolders_sourceId_fk` FOREIGN KEY (`sourceId`) REFERENCES `assetsources` (`id`) ON DELETE CASCADE;

--
-- Constraints for table `assetindexdata`
--
ALTER TABLE `assetindexdata`
	ADD CONSTRAINT `assetindexdata_sourceId_fk` FOREIGN KEY (`sourceId`) REFERENCES `assetsources` (`id`) ON DELETE CASCADE;

--
-- Constraints for table `assetsources`
--
ALTER TABLE `assetsources`
	ADD CONSTRAINT `assetsources_fieldLayoutId_fk` FOREIGN KEY (`fieldLayoutId`) REFERENCES `fieldlayouts` (`id`) ON DELETE SET NULL;

--
-- Constraints for table `categories`
--
ALTER TABLE `categories`
	ADD CONSTRAINT `categories_groupId_fk` FOREIGN KEY (`groupId`) REFERENCES `categorygroups` (`id`) ON DELETE CASCADE,
	ADD CONSTRAINT `categories_id_fk` FOREIGN KEY (`id`) REFERENCES `elements` (`id`) ON DELETE CASCADE;

--
-- Constraints for table `categorygroups`
--
ALTER TABLE `categorygroups`
	ADD CONSTRAINT `categorygroups_fieldLayoutId_fk` FOREIGN KEY (`fieldLayoutId`) REFERENCES `fieldlayouts` (`id`) ON DELETE SET NULL,
	ADD CONSTRAINT `categorygroups_structureId_fk` FOREIGN KEY (`structureId`) REFERENCES `structures` (`id`) ON DELETE CASCADE;

--
-- Constraints for table `categorygroups_i18n`
--
ALTER TABLE `categorygroups_i18n`
	ADD CONSTRAINT `categorygroups_i18n_groupId_fk` FOREIGN KEY (`groupId`) REFERENCES `categorygroups` (`id`) ON DELETE CASCADE,
	ADD CONSTRAINT `categorygroups_i18n_locale_fk` FOREIGN KEY (`locale`) REFERENCES `locales` (`locale`) ON DELETE CASCADE ON UPDATE CASCADE;

--
-- Constraints for table `content`
--
ALTER TABLE `content`
	ADD CONSTRAINT `content_elementId_fk` FOREIGN KEY (`elementId`) REFERENCES `elements` (`id`) ON DELETE CASCADE,
	ADD CONSTRAINT `content_locale_fk` FOREIGN KEY (`locale`) REFERENCES `locales` (`locale`) ON DELETE CASCADE ON UPDATE CASCADE;

--
-- Constraints for table `elements_i18n`
--
ALTER TABLE `elements_i18n`
	ADD CONSTRAINT `elements_i18n_elementId_fk` FOREIGN KEY (`elementId`) REFERENCES `elements` (`id`) ON DELETE CASCADE,
	ADD CONSTRAINT `elements_i18n_locale_fk` FOREIGN KEY (`locale`) REFERENCES `locales` (`locale`) ON DELETE CASCADE ON UPDATE CASCADE;

--
-- Constraints for table `emailmessages`
--
ALTER TABLE `emailmessages`
	ADD CONSTRAINT `emailmessages_locale_fk` FOREIGN KEY (`locale`) REFERENCES `locales` (`locale`) ON DELETE CASCADE ON UPDATE CASCADE;

--
-- Constraints for table `entries`
--
ALTER TABLE `entries`
	ADD CONSTRAINT `entries_authorId_fk` FOREIGN KEY (`authorId`) REFERENCES `users` (`id`) ON DELETE CASCADE,
	ADD CONSTRAINT `entries_id_fk` FOREIGN KEY (`id`) REFERENCES `elements` (`id`) ON DELETE CASCADE,
	ADD CONSTRAINT `entries_sectionId_fk` FOREIGN KEY (`sectionId`) REFERENCES `sections` (`id`) ON DELETE CASCADE,
	ADD CONSTRAINT `entries_typeId_fk` FOREIGN KEY (`typeId`) REFERENCES `entrytypes` (`id`) ON DELETE CASCADE;

--
-- Constraints for table `entrydrafts`
--
ALTER TABLE `entrydrafts`
	ADD CONSTRAINT `entrydrafts_creatorId_fk` FOREIGN KEY (`creatorId`) REFERENCES `users` (`id`) ON DELETE CASCADE,
	ADD CONSTRAINT `entrydrafts_entryId_fk` FOREIGN KEY (`entryId`) REFERENCES `entries` (`id`) ON DELETE CASCADE,
	ADD CONSTRAINT `entrydrafts_locale_fk` FOREIGN KEY (`locale`) REFERENCES `locales` (`locale`) ON DELETE CASCADE ON UPDATE CASCADE,
	ADD CONSTRAINT `entrydrafts_sectionId_fk` FOREIGN KEY (`sectionId`) REFERENCES `sections` (`id`) ON DELETE CASCADE;

--
-- Constraints for table `entrytypes`
--
ALTER TABLE `entrytypes`
	ADD CONSTRAINT `entrytypes_fieldLayoutId_fk` FOREIGN KEY (`fieldLayoutId`) REFERENCES `fieldlayouts` (`id`) ON DELETE SET NULL,
	ADD CONSTRAINT `entrytypes_sectionId_fk` FOREIGN KEY (`sectionId`) REFERENCES `sections` (`id`) ON DELETE CASCADE;

--
-- Constraints for table `entryversions`
--
ALTER TABLE `entryversions`
	ADD CONSTRAINT `entryversions_creatorId_fk` FOREIGN KEY (`creatorId`) REFERENCES `users` (`id`) ON DELETE SET NULL,
	ADD CONSTRAINT `entryversions_entryId_fk` FOREIGN KEY (`entryId`) REFERENCES `entries` (`id`) ON DELETE CASCADE,
	ADD CONSTRAINT `entryversions_locale_fk` FOREIGN KEY (`locale`) REFERENCES `locales` (`locale`) ON DELETE CASCADE ON UPDATE CASCADE,
	ADD CONSTRAINT `entryversions_sectionId_fk` FOREIGN KEY (`sectionId`) REFERENCES `sections` (`id`) ON DELETE CASCADE;

--
-- Constraints for table `fieldlayoutfields`
--
ALTER TABLE `fieldlayoutfields`
	ADD CONSTRAINT `fieldlayoutfields_fieldId_fk` FOREIGN KEY (`fieldId`) REFERENCES `fields` (`id`) ON DELETE CASCADE,
	ADD CONSTRAINT `fieldlayoutfields_layoutId_fk` FOREIGN KEY (`layoutId`) REFERENCES `fieldlayouts` (`id`) ON DELETE CASCADE,
	ADD CONSTRAINT `fieldlayoutfields_tabId_fk` FOREIGN KEY (`tabId`) REFERENCES `fieldlayouttabs` (`id`) ON DELETE CASCADE;

--
-- Constraints for table `fieldlayouttabs`
--
ALTER TABLE `fieldlayouttabs`
	ADD CONSTRAINT `fieldlayouttabs_layoutId_fk` FOREIGN KEY (`layoutId`) REFERENCES `fieldlayouts` (`id`) ON DELETE CASCADE;

--
-- Constraints for table `fields`
--
ALTER TABLE `fields`
	ADD CONSTRAINT `fields_groupId_fk` FOREIGN KEY (`groupId`) REFERENCES `fieldgroups` (`id`) ON DELETE CASCADE;

--
-- Constraints for table `globalsets`
--
ALTER TABLE `globalsets`
	ADD CONSTRAINT `globalsets_fieldLayoutId_fk` FOREIGN KEY (`fieldLayoutId`) REFERENCES `fieldlayouts` (`id`) ON DELETE SET NULL,
	ADD CONSTRAINT `globalsets_id_fk` FOREIGN KEY (`id`) REFERENCES `elements` (`id`) ON DELETE CASCADE;

--
-- Constraints for table `matrixblocks`
--
ALTER TABLE `matrixblocks`
	ADD CONSTRAINT `matrixblocks_fieldId_fk` FOREIGN KEY (`fieldId`) REFERENCES `fields` (`id`) ON DELETE CASCADE,
	ADD CONSTRAINT `matrixblocks_id_fk` FOREIGN KEY (`id`) REFERENCES `elements` (`id`) ON DELETE CASCADE,
	ADD CONSTRAINT `matrixblocks_ownerId_fk` FOREIGN KEY (`ownerId`) REFERENCES `elements` (`id`) ON DELETE CASCADE,
	ADD CONSTRAINT `matrixblocks_ownerLocale_fk` FOREIGN KEY (`ownerLocale`) REFERENCES `locales` (`locale`) ON DELETE CASCADE ON UPDATE CASCADE,
	ADD CONSTRAINT `matrixblocks_typeId_fk` FOREIGN KEY (`typeId`) REFERENCES `matrixblocktypes` (`id`) ON DELETE CASCADE;

--
-- Constraints for table `matrixblocktypes`
--
ALTER TABLE `matrixblocktypes`
	ADD CONSTRAINT `matrixblocktypes_fieldId_fk` FOREIGN KEY (`fieldId`) REFERENCES `fields` (`id`) ON DELETE CASCADE,
	ADD CONSTRAINT `matrixblocktypes_fieldLayoutId_fk` FOREIGN KEY (`fieldLayoutId`) REFERENCES `fieldlayouts` (`id`) ON DELETE SET NULL;

--
-- Constraints for table `matrixcontent_social`
--
ALTER TABLE `matrixcontent_social`
	ADD CONSTRAINT `matrixcontent_social_elementId_fk` FOREIGN KEY (`elementId`) REFERENCES `elements` (`id`) ON DELETE CASCADE,
	ADD CONSTRAINT `matrixcontent_social_locale_fk` FOREIGN KEY (`locale`) REFERENCES `locales` (`locale`) ON DELETE CASCADE ON UPDATE CASCADE;

--
-- Constraints for table `migrations`
--
ALTER TABLE `migrations`
	ADD CONSTRAINT `migrations_pluginId_fk` FOREIGN KEY (`pluginId`) REFERENCES `plugins` (`id`) ON DELETE CASCADE;

--
-- Constraints for table `relations`
--
ALTER TABLE `relations`
	ADD CONSTRAINT `relations_fieldId_fk` FOREIGN KEY (`fieldId`) REFERENCES `fields` (`id`) ON DELETE CASCADE,
	ADD CONSTRAINT `relations_sourceId_fk` FOREIGN KEY (`sourceId`) REFERENCES `elements` (`id`) ON DELETE CASCADE,
	ADD CONSTRAINT `relations_sourceLocale_fk` FOREIGN KEY (`sourceLocale`) REFERENCES `locales` (`locale`) ON DELETE CASCADE ON UPDATE CASCADE,
	ADD CONSTRAINT `relations_targetId_fk` FOREIGN KEY (`targetId`) REFERENCES `elements` (`id`) ON DELETE CASCADE;

--
-- Constraints for table `routes`
--
ALTER TABLE `routes`
	ADD CONSTRAINT `routes_locale_fk` FOREIGN KEY (`locale`) REFERENCES `locales` (`locale`) ON DELETE CASCADE ON UPDATE CASCADE;

--
-- Constraints for table `sections`
--
ALTER TABLE `sections`
	ADD CONSTRAINT `sections_structureId_fk` FOREIGN KEY (`structureId`) REFERENCES `structures` (`id`) ON DELETE SET NULL;

--
-- Constraints for table `sections_i18n`
--
ALTER TABLE `sections_i18n`
	ADD CONSTRAINT `sections_i18n_locale_fk` FOREIGN KEY (`locale`) REFERENCES `locales` (`locale`) ON DELETE CASCADE ON UPDATE CASCADE,
	ADD CONSTRAINT `sections_i18n_sectionId_fk` FOREIGN KEY (`sectionId`) REFERENCES `sections` (`id`) ON DELETE CASCADE;

--
-- Constraints for table `sessions`
--
ALTER TABLE `sessions`
	ADD CONSTRAINT `sessions_userId_fk` FOREIGN KEY (`userId`) REFERENCES `users` (`id`) ON DELETE CASCADE;

--
-- Constraints for table `shunnedmessages`
--
ALTER TABLE `shunnedmessages`
	ADD CONSTRAINT `shunnedmessages_userId_fk` FOREIGN KEY (`userId`) REFERENCES `users` (`id`) ON DELETE CASCADE;

--
-- Constraints for table `structureelements`
--
ALTER TABLE `structureelements`
	ADD CONSTRAINT `structureelements_elementId_fk` FOREIGN KEY (`elementId`) REFERENCES `elements` (`id`) ON DELETE CASCADE,
	ADD CONSTRAINT `structureelements_structureId_fk` FOREIGN KEY (`structureId`) REFERENCES `structures` (`id`) ON DELETE CASCADE;

--
-- Constraints for table `taggroups`
--
ALTER TABLE `taggroups`
	ADD CONSTRAINT `taggroups_fieldLayoutId_fk` FOREIGN KEY (`fieldLayoutId`) REFERENCES `fieldlayouts` (`id`) ON DELETE SET NULL;

--
-- Constraints for table `tags`
--
ALTER TABLE `tags`
	ADD CONSTRAINT `tags_groupId_fk` FOREIGN KEY (`groupId`) REFERENCES `taggroups` (`id`) ON DELETE CASCADE,
	ADD CONSTRAINT `tags_id_fk` FOREIGN KEY (`id`) REFERENCES `elements` (`id`) ON DELETE CASCADE;

--
-- Constraints for table `templatecachecriteria`
--
ALTER TABLE `templatecachecriteria`
	ADD CONSTRAINT `templatecachecriteria_cacheId_fk` FOREIGN KEY (`cacheId`) REFERENCES `templatecaches` (`id`) ON DELETE CASCADE;

--
-- Constraints for table `templatecacheelements`
--
ALTER TABLE `templatecacheelements`
	ADD CONSTRAINT `templatecacheelements_cacheId_fk` FOREIGN KEY (`cacheId`) REFERENCES `templatecaches` (`id`) ON DELETE CASCADE,
	ADD CONSTRAINT `templatecacheelements_elementId_fk` FOREIGN KEY (`elementId`) REFERENCES `elements` (`id`) ON DELETE CASCADE;

--
-- Constraints for table `templatecaches`
--
ALTER TABLE `templatecaches`
	ADD CONSTRAINT `templatecaches_locale_fk` FOREIGN KEY (`locale`) REFERENCES `locales` (`locale`) ON DELETE CASCADE ON UPDATE CASCADE;

--
-- Constraints for table `usergroups_users`
--
ALTER TABLE `usergroups_users`
	ADD CONSTRAINT `usergroups_users_groupId_fk` FOREIGN KEY (`groupId`) REFERENCES `usergroups` (`id`) ON DELETE CASCADE,
	ADD CONSTRAINT `usergroups_users_userId_fk` FOREIGN KEY (`userId`) REFERENCES `users` (`id`) ON DELETE CASCADE;

--
-- Constraints for table `userpermissions_usergroups`
--
ALTER TABLE `userpermissions_usergroups`
	ADD CONSTRAINT `userpermissions_usergroups_groupId_fk` FOREIGN KEY (`groupId`) REFERENCES `usergroups` (`id`) ON DELETE CASCADE,
	ADD CONSTRAINT `userpermissions_usergroups_permissionId_fk` FOREIGN KEY (`permissionId`) REFERENCES `userpermissions` (`id`) ON DELETE CASCADE;

--
-- Constraints for table `userpermissions_users`
--
ALTER TABLE `userpermissions_users`
	ADD CONSTRAINT `userpermissions_users_permissionId_fk` FOREIGN KEY (`permissionId`) REFERENCES `userpermissions` (`id`) ON DELETE CASCADE,
	ADD CONSTRAINT `userpermissions_users_userId_fk` FOREIGN KEY (`userId`) REFERENCES `users` (`id`) ON DELETE CASCADE;

--
-- Constraints for table `users`
--
ALTER TABLE `users`
	ADD CONSTRAINT `users_id_fk` FOREIGN KEY (`id`) REFERENCES `elements` (`id`) ON DELETE CASCADE,
	ADD CONSTRAINT `users_preferredLocale_fk` FOREIGN KEY (`preferredLocale`) REFERENCES `locales` (`locale`) ON DELETE SET NULL ON UPDATE CASCADE;

--
-- Constraints for table `widgets`
--
ALTER TABLE `widgets`
	ADD CONSTRAINT `widgets_userId_fk` FOREIGN KEY (`userId`) REFERENCES `users` (`id`) ON DELETE CASCADE;

SET FOREIGN_KEY_CHECKS = 1;
